# Blender 5.0.1
# www.blender.org
mtllib Cape2.mtl
o cape
v -1.612313 1.258595 2.773975
v -1.622509 1.067836 3.554776
v -1.075872 0.996658 3.501890
v -1.079620 1.161154 2.745955
v -0.683193 1.396058 2.811600
v -0.644113 1.201553 3.588842
v -0.812740 1.643069 3.828335
v -0.874276 1.744654 2.954929
v -0.740982 1.908603 3.012106
v -0.646247 1.812262 3.856304
v -1.051741 0.932445 4.137630
v -0.471791 1.066320 4.343973
v -0.757670 1.510839 4.551390
v -0.599560 1.702936 4.577804
v -0.677192 0.955428 4.520405
v -1.683401 1.007171 4.225357
v -1.120757 0.991314 4.879553
v -0.499633 0.995918 4.918039
v -1.744387 1.067660 4.903303
v -1.949718 1.113482 4.026453
v -2.004849 1.039426 4.487133
v -2.119630 1.307892 3.622874
v -1.997797 1.496744 2.845249
v -2.368941 1.049250 4.375969
v -2.416689 1.760538 2.899670
v -2.534779 1.554095 3.680054
v -2.499708 0.923389 4.842231
v -2.690009 1.228571 4.551781
v -2.315428 0.906327 4.943855
v -2.140533 0.935972 5.030455
v -2.899302 1.669712 2.861359
v -2.977032 1.433477 3.664661
v -2.996579 1.241537 4.520004
v -0.256760 1.517964 2.938832
v -0.060745 1.264607 4.541504
v -0.152761 1.405282 3.801259
v 0.196911 1.229382 2.930502
v 0.221947 1.125245 3.742299
v 0.364606 0.902370 4.480251
v 0.462168 1.605893 2.913009
v 0.517946 1.127284 4.470618
v 0.481690 1.326401 3.753382
v 0.648117 1.440255 4.530045
v 0.675935 1.737404 2.954786
v 0.667051 1.573843 3.805860
v 0.748253 1.110030 4.508078
v 0.767816 1.256606 3.801851
v 0.871100 1.499483 2.944075
v 0.851031 0.834949 4.556005
v 0.951872 1.193920 2.921215
v 0.821965 0.926298 3.779488
v 0.848023 0.812849 5.184575
v 0.795414 1.160287 5.205683
v 0.369331 0.848357 5.266847
v 0.550268 1.216973 5.232027
v 0.640816 1.319766 5.229895
v 0.066828 1.151526 5.327202
v -0.494064 1.502491 5.495173
v -0.686052 1.358559 5.495133
v -0.523107 1.012452 5.598291
v -1.201540 1.288408 5.739092
v -1.810546 1.352266 5.719364
v -2.348112 0.984376 5.728662
v -2.754595 0.666867 5.703596
v -2.659378 0.516810 5.739190
v -2.808366 1.023909 5.673635
v -3.119149 1.099367 5.721205
v 0.168239 0.975672 6.267702
v 0.438912 0.621905 6.156998
v 0.534276 1.126313 6.186171
v 0.616302 1.215872 6.185272
v -0.352274 1.381875 6.352568
v -0.605951 1.226909 6.339451
v -0.671994 0.938979 6.487545
v -2.731171 0.362454 6.178797
v -2.836623 0.483571 6.175121
v -2.835908 1.026062 6.211716
v -3.090289 1.071305 6.249121
v -2.907492 0.901299 6.632933
v -3.063338 0.989467 6.657249
v -2.920816 0.449205 6.686228
v -2.810534 0.466917 6.665503
v -2.444108 0.981485 6.181246
v -2.259401 1.228138 6.158947
v -2.538470 1.116545 6.604368
v -2.057847 1.445037 6.202614
v -2.260289 1.319938 6.625019
v -1.962781 1.616541 6.538673
v -1.677962 1.652047 6.612175
v -1.297702 1.642842 6.757421
v -0.991294 1.462148 6.672876
v 0.722633 1.153266 6.173069
v 0.772011 0.768962 6.136368
v -2.095955 1.695283 6.881403
v 1.048043 0.758157 6.109295
v 1.154936 0.858098 5.192013
v -1.977350 1.749023 6.904015
v -1.698659 1.712684 6.942835
v -1.383038 1.637826 7.169407
v -2.145338 1.695146 7.196383
v -1.660733 1.719826 7.396364
v -2.971682 0.805069 7.127752
v -3.088200 0.859019 7.154877
v -3.013244 0.434107 7.197069
v -2.429587 1.305687 7.055405
v -2.760099 0.976930 7.142973
v -2.897767 0.551936 7.153498
v -2.512697 1.101616 7.408903
v -0.975824 1.565937 7.338869
v -0.849903 1.100444 7.296827
v -0.566484 0.988088 7.268068
v -0.459943 1.252480 7.284262
v -0.137158 1.352642 7.277248
v 0.390183 0.993068 7.155870
v 0.528424 0.659332 7.132381
v 0.610762 0.972526 7.194567
v 0.657438 1.007935 7.201267
v 0.715410 0.967399 7.190042
v 0.753828 0.697918 7.152252
v 0.925779 0.622495 7.156017
v 1.217047 0.713852 7.152599
v 1.281820 0.954646 6.104851
v 1.353740 1.142949 5.190960
v 1.251853 0.987473 4.548046
v 1.429468 1.324739 4.539843
v 1.300427 1.049250 3.814373
v 1.324490 1.132198 2.928835
v 1.428884 1.443094 2.947885
v 1.458479 1.439744 3.836031
v 1.572140 1.582540 2.973032
v 1.634624 0.921125 6.103329
v 1.600334 0.626230 7.093164
v 1.571378 0.479927 7.023823
v 1.663580 0.732911 6.053034
v 1.707014 1.104766 5.198833
v 1.738256 0.887596 5.237694
v 1.769495 1.242686 4.519130
v 1.819768 1.326492 3.852379
v 1.835030 1.069714 4.543512
v 1.758830 0.431159 7.048206
v 1.880750 0.724529 6.047701
v 1.867796 1.450714 2.953981
v 1.954664 1.296028 2.971508
v 1.876918 1.167234 3.914862
v 2.139068 1.374514 2.964649
v 2.144402 1.212971 3.928579
v 2.068964 1.091051 4.541227
v 1.995812 0.911219 5.189690
v 2.270132 0.699382 5.226266
v 2.195456 0.530219 6.081228
v 2.078870 0.281045 7.013918
v 2.105540 0.017393 6.949146
v 1.988965 -0.164083 7.437328
v 2.391290 0.270377 6.083515
v 1.999622 -0.027565 6.899616
v 2.251082 0.149219 6.097994
v 1.839602 -0.078619 7.363676
v 1.686440 0.201035 7.320242
v 1.707776 0.354197 6.752550
v 1.908944 0.402965 5.933401
v 1.507370 0.396869 6.999439
v 1.873892 0.683381 5.976072
v 1.652912 0.445636 6.739597
v 1.380878 0.395345 7.263090
v 1.222382 0.444875 6.977343
v 1.335158 0.444875 6.682447
v 0.928838 0.392735 6.460333
v 1.310012 0.539363 5.979883
v 0.723952 0.400418 5.993078
v 1.310012 0.453257 5.165304
v 1.628528 0.574414 5.981407
v 1.598810 0.475354 5.127206
v 1.761878 0.642233 6.002741
v 1.838840 0.851782 5.021286
v 2.083442 0.604133 5.038051
v 2.219078 0.526409 5.046433
v 2.209172 0.397631 5.047956
v 0.634526 0.428031 5.257285
v 1.334363 0.476850 4.624283
v 1.624718 0.466972 4.580851
v 0.632523 0.425522 4.671572
v 1.344629 0.380542 3.887399
v 0.642354 0.523499 4.057297
v 2.121542 0.601847 4.587708
v 0.681362 0.716147 3.114762
v 0.569376 0.802297 4.088711
v 2.393576 0.655949 4.563326
v 2.412626 0.313049 4.564849
v 0.544021 0.946364 3.145359
v 0.612797 0.899790 4.067031
v 0.579630 1.076911 3.143887
v 2.612270 0.367913 5.239220
v 2.511686 0.290951 5.198071
v 2.400434 0.799967 4.558752
v 2.610746 0.295523 4.543512
v 2.676278 0.331336 3.894289
v 2.709806 0.406013 4.570944
v 2.507876 0.878452 3.943057
v 2.631320 0.956939 3.099524
v 2.811914 0.454780 3.921721
v 2.917070 0.511930 3.128479
v 2.805818 0.406774 3.004274
v 2.502542 0.694049 3.915626
v 2.139068 0.607943 3.933913
v 1.874654 0.963035 4.500080
v 1.886054 1.046070 3.911815
v 1.655085 0.518705 3.870659
v 1.665104 0.594226 2.972269
v 1.944758 1.155059 3.069043
v 1.401452 0.449446 2.998940
v 2.152784 0.608704 2.982937
v 2.523116 0.575176 2.937980
v 2.171072 0.667379 2.271992
v 2.202314 1.112386 2.303995
v 2.517782 0.425063 2.118068
v 2.007242 1.235068 2.338285
v 1.695584 0.608704 2.293327
v 1.621670 0.485260 2.211794
v 1.488320 0.450208 2.241510
v 1.233812 0.575176 2.217128
v 1.014356 0.778630 2.266657
v 0.756038 0.867784 2.301710
v 0.546472 1.064570 2.319942
v 0.554595 1.198167 2.332207
v 2.803532 0.464686 2.002243
v 0.571612 1.292672 1.574417
v 0.539432 1.159367 1.585535
v 0.725558 0.975226 1.599145
v 1.059314 0.838066 1.644103
v 0.870338 0.889882 1.670012
v 1.289438 0.600322 1.557998
v 1.409072 0.505072 1.525231
v 0.890912 0.895978 1.556473
v 1.571378 0.455542 1.492465
v 1.658246 0.472306 1.742401
v 1.672724 0.478402 1.474177
v 1.746638 0.586606 1.442935
v 1.722255 0.590416 1.780501
v 1.822838 0.950081 1.341590
v 1.809122 1.007230 1.836889
v 2.036960 1.281550 1.851368
v 2.022482 1.264786 1.266151
v 2.139069 1.321936 1.222717
v 2.242700 1.191634 1.817077
v 2.268608 1.273930 1.176997
v 2.280800 1.098670 1.106132
v 2.237366 0.979036 1.705826
v 2.202314 0.701668 1.655533
v 2.222126 0.796919 1.024597
v 2.305946 0.550792 0.919441
v 2.539880 0.425824 1.562570
v 2.502542 0.424300 0.833336
v 2.769242 0.549268 0.731989
v 2.773814 0.496690 1.405598
v 2.894972 0.674236 1.324825
v 2.917832 0.676522 1.979383
v 2.731142 1.106290 1.940521
v 2.875922 0.750436 0.662647
v 2.802008 1.180966 0.987259
v 2.805819 1.211446 0.585686
v 2.482730 1.556632 0.870673
v 2.311281 1.509388 1.782024
v 2.056010 1.423282 1.799551
v 2.589410 1.536058 0.472909
v 2.280800 1.566538 0.818095
v 2.333379 1.597780 0.379184
v 2.133734 1.430902 0.729704
v 2.203076 1.478908 0.318985
v 2.106302 1.412614 0.252691
v 2.044580 1.551298 0.748754
v 2.090300 1.504816 0.157440
v 2.092586 1.296790 0.109435
v 1.639958 1.703698 0.815809
v 1.951616 1.565014 1.774405
v 1.639958 1.682362 1.815554
v 1.444124 1.509388 1.782786
v 1.361066 1.158106 1.830793
v 0.997592 1.314316 1.811743
v 0.893960 1.605400 1.819364
v 0.703656 1.819427 1.869195
v 0.456640 1.707893 1.864944
v 0.184006 1.305639 1.856205
v -0.349295 1.603281 1.922022
v 0.187272 1.307246 0.629868
v -0.473204 1.597862 0.702031
v 0.447361 1.749073 0.693456
v 0.714128 1.894198 0.713701
v 0.902342 1.675504 0.677887
v 0.970160 1.248784 0.715987
v 1.429646 1.059808 0.707605
v 1.445648 1.488814 0.866863
v 1.655198 1.699126 -0.169457
v 1.424312 1.404232 -0.243370
v 2.096396 1.489576 -0.263184
v 2.120780 1.238116 -0.314237
v 0.959492 1.282313 -0.211367
v 0.876434 1.705984 -0.238800
v 0.694316 1.912487 -0.251753
v 1.250576 0.904360 -0.234226
v 0.401495 1.795478 -0.267001
v 0.117165 1.312967 -0.292933
v -0.617238 1.498783 -0.366082
v -0.823188 2.043802 1.923334
v -0.911435 2.116836 0.763792
v -0.948086 1.936879 1.908724
v -0.838223 1.538636 1.838403
v -1.053400 1.959245 0.743694
v -1.099433 1.380612 1.812506
v -1.451388 1.475543 1.842504
v -1.877219 1.671128 1.862852
v -2.159872 1.877718 1.954761
v -2.665891 1.812696 1.837440
v -1.852492 1.863821 0.784866
v -2.528765 1.823793 0.806952
v -1.169255 1.465209 0.689391
v -1.172544 1.930225 -0.310429
v -1.008112 2.131038 -0.295955
v -1.324314 1.527315 -0.330265
v -1.831508 1.699524 -0.274496
v -2.548323 1.739481 -0.292928
v -2.982334 1.616068 -0.308142
v -2.987668 1.632070 0.723606
v -3.294754 1.354702 -0.232703
v -3.310756 1.353940 0.738848
v -3.316852 1.337938 1.715731
v -3.362571 1.210684 2.864828
v -3.591172 0.927982 0.677887
v -3.639178 0.785488 1.737068
v -3.717664 0.585844 2.775674
v -3.867778 0.518026 0.685507
v -3.937881 0.431158 1.698206
v -3.963028 0.626992 2.768053
v -3.730395 0.546818 3.519369
v -3.988936 0.767200 1.653248
v -3.337953 1.068154 3.603997
v -3.369231 0.915239 4.608271
v -3.395450 0.814920 5.679417
v -3.397677 0.750177 6.268648
v -3.425096 0.679993 6.665625
v -3.405232 0.630676 7.160192
v -3.700138 0.427349 7.141172
v -3.678802 0.512692 6.643583
v -3.966076 0.379343 7.148790
v -3.955408 0.470021 6.635965
v -3.668895 0.572129 6.281635
v -3.668895 0.601847 5.635458
v -3.916546 0.553078 6.245821
v -3.873112 0.583559 5.578309
v -3.689612 0.623360 4.525922
v -3.845574 0.600995 4.496259
v -3.928721 0.578974 3.511764
v -3.975982 0.759580 5.577548
v -3.954550 0.879129 4.554173
v -3.912736 1.027042 2.823679
v -3.919598 0.939615 3.568097
v -4.010232 1.023197 4.554938
v -3.979030 1.224400 2.830537
v -3.987147 1.151815 3.574992
v -3.985126 1.299838 1.718017
v -4.058277 0.834257 5.593550
v -4.042275 0.654425 6.235153
v -4.117714 0.537077 6.661110
v -4.147431 0.343529 7.163269
v -4.266304 0.485261 6.636728
v -3.874635 1.177156 1.692110
v -3.863206 1.195444 0.679412
v -3.914260 0.934078 0.633691
v -3.857110 1.209160 -0.330238
v -3.929500 0.938650 -0.355385
v -3.855586 0.586606 -0.375198
v -3.664324 0.840352 -0.321857
v -4.031609 1.369180 0.698462
v -4.387462 1.025518 2.792437
v -4.374508 1.168774 1.692110
v -4.390510 0.923411 3.537673
v -4.276210 0.931031 4.546561
v -4.225156 0.742817 5.542496
v -4.244205 0.594226 6.210768
v -4.376794 0.520313 5.513540
v -4.414132 1.238878 0.636739
v -4.057516 1.418710 -0.311951
v -4.438517 1.300600 -0.317286
v -4.516240 0.788536 1.663915
v -4.511668 0.652900 2.777197
v -4.531480 0.380866 1.777452
v -4.483474 0.350386 0.722083
v -4.584058 0.406012 2.768053
v -4.596250 0.415156 3.520147
v -4.494142 0.463163 4.510747
v -4.596250 0.511169 5.462484
v -4.428610 0.415919 6.194767
v -4.361553 0.338194 6.624535
v -4.596250 0.080639 6.139141
v -4.532243 0.852544 0.624546
v -4.481188 0.344290 -0.282994
v -4.264018 0.252089 7.113739
v -4.779892 0.396106 0.682459
v -4.790560 0.620896 4.537417
v -4.760842 0.387724 -0.311190
v -4.804276 0.174365 5.499062
v -4.967343 0.423538 4.536655
v -4.954390 0.630802 3.498810
v -5.011540 0.681856 1.725637
v -5.033638 0.679570 2.758147
v -5.251570 0.549268 1.750784
v -5.207374 0.512692 2.755098
v -5.166226 0.198748 1.756119
v -5.201278 0.169030 2.763481
v -5.170035 0.415918 3.511003
v -5.250808 -0.031376 4.552656
v -5.224900 0.046348 3.536150
v -4.984870 -0.027566 2.743670
v -5.053450 -0.077858 3.542245
v -5.189848 -0.103004 4.551895
v -4.898764 0.058540 1.730971
v -4.862949 0.001390 4.411687
v -5.125077 0.196462 0.699224
v -5.152510 -0.150247 5.513540
v -4.815705 -0.099955 6.259537
v -4.609965 -0.070237 6.608532
v -4.444612 0.067685 6.616154
v -4.326502 0.050921 7.011631
v -4.776081 0.029584 3.473665
v -4.450707 0.222370 2.659849
v -4.594726 0.274948 4.309578
v -4.498713 0.197986 3.507956
v -4.884285 0.009772 5.028907
v -5.081643 -0.236354 5.407620
v -4.993252 -0.032138 5.352757
v -4.730362 0.071494 5.291798
v -4.907907 -0.140341 5.758903
v -4.987918 -0.352178 6.027126
v -5.036686 -0.283597 6.061417
v -4.982584 -0.331603 6.178764
v -4.786750 -0.237877 6.546049
v -4.544434 -0.166249 6.977343
v -4.654923 -0.400183 6.796745
v -4.582534 -0.792613 6.731977
v -4.349922 -0.718351 7.241463
v -4.364258 -0.540145 7.330633
v -4.337733 -0.740367 7.512909
v -4.330118 -0.211607 7.463202
v -4.211452 -0.063383 7.465027
v -4.847710 -0.443617 6.083515
v -4.803514 -0.215779 5.825198
v -4.430134 -0.761371 6.571196
v -4.558911 0.260471 5.560782
v -4.216012 0.395344 5.339042
v -4.216774 0.357244 4.377396
v -3.877681 0.374769 4.337772
v -4.186294 0.311525 5.987503
v -3.737476 0.492118 5.419814
v -3.694042 0.473068 5.963118
v -4.173340 0.144647 6.580339
v -3.607936 0.311525 6.651205
v -3.352729 0.401934 6.603922
v -3.131548 0.388211 5.871256
v -3.143358 0.372211 6.622290
v -3.002239 0.397854 5.886446
v -2.936661 0.474943 5.409365
v -3.142046 0.472704 5.408855
v -2.837846 0.642342 4.383490
v -3.197689 0.388213 4.352983
v -2.755198 0.786088 3.597451
v -3.888350 0.412869 3.548340
v -3.231298 0.424146 3.573473
v -3.600315 0.438016 2.765768
v -3.292468 0.466210 2.810726
v -2.683970 0.921813 2.785395
v -3.056248 0.806824 1.704302
v -2.581965 1.027560 1.722463
v -2.811646 0.928744 0.661886
v -2.493281 1.055631 0.652826
v -2.712586 0.897502 -0.307379
v -2.409253 1.050196 -0.314240
v -3.181978 0.670426 0.647408
v -3.236842 0.572890 -0.254040
v -3.973696 0.334384 2.718523
v -4.001127 0.223132 1.702017
v -4.545196 0.144646 1.713445
v -4.654924 0.110356 0.649693
v -4.050658 0.204844 0.635216
v -4.676260 0.098926 -0.353862
v -4.144384 0.063874 -0.330238
v -3.884542 0.411346 -0.073446
v -3.774814 0.519550 0.793712
v -3.568312 0.359530 0.645122
v -3.428103 0.440302 1.682203
v -3.681850 0.511930 1.728685
v -5.269095 0.574414 0.686269
v -3.649084 0.269614 -0.199175
v -5.009254 0.674998 0.659599
v -5.038972 0.673474 -0.360720
v -5.276716 0.567557 -0.354623
v -5.132699 0.195700 -0.336335
v -3.343522 0.494404 -1.137959
v -2.351398 1.095622 -0.859067
v -2.557900 0.959986 -1.041946
v -2.985382 0.771011 -1.291883
v -3.370192 0.525646 -1.524294
v -3.763384 0.186556 -1.184441
v -3.726046 0.326002 -1.716316
v -3.863968 0.255898 -1.800899
v -3.972172 0.282568 -1.871765
v -3.969124 0.372484 -1.168440
v -4.046848 0.393058 -1.948728
v -4.227443 0.208654 -1.441235
v -4.057516 0.389248 -2.092744
v -4.690738 0.229990 -1.454950
v -5.150987 0.231514 -1.497623
v -5.220328 0.659758 -1.470192
v -5.053451 0.708526 -1.465620
v -4.769986 0.320668 -1.545628
v -4.623682 0.280282 -1.506767
v -4.520812 0.372484 -1.529628
v -4.565008 0.828160 -0.347765
v -4.595489 0.792346 -1.564680
v -4.664830 1.053712 -1.547915
v -4.437755 1.404232 -1.520483
v -4.063612 1.465954 -1.507529
v -3.855586 1.200016 -1.519722
v -3.950836 0.946270 -1.522007
v -3.901306 0.581272 -1.518196
v -3.665086 0.861688 -1.472477
v -3.262750 1.391278 -1.433615
v -2.997574 1.631308 -1.396276
v -2.647816 1.744846 -1.394753
v -1.939156 1.712080 -1.441998
v -1.507864 1.716652 -1.441998
v -1.342510 2.113654 -1.480859
v -0.831970 1.531486 -1.554011
v -1.136770 2.190616 -1.454189
v -0.057016 1.408804 -1.569252
v 0.246260 1.817999 -1.521245
v 0.612020 1.981066 -1.527340
v 0.828428 1.745608 -1.493052
v 0.953396 1.283836 -1.430568
v 1.225430 0.910456 -1.413802
v 1.539374 0.863974 -0.249468
v 1.595001 0.770249 -1.461810
v 1.521086 1.177156 -1.386371
v 1.485272 1.123054 -0.246419
v 1.377830 1.431664 -1.371132
v 1.440314 1.634357 -1.360462
v 1.673486 1.735703 -1.362750
v 2.155070 1.390516 -1.051853
v 2.052963 1.082668 -0.346241
v 2.161166 1.123816 -1.000036
v 1.902848 0.973703 -0.014771
v 1.944759 0.911980 -0.374435
v 1.710824 0.745102 -0.212891
v 1.729112 0.733672 -0.422441
v 1.472318 0.736720 -0.392723
v 1.476890 0.733672 -0.508547
v 1.300106 0.822064 -0.536741
v 1.509656 0.730624 -1.060997
v 1.787024 0.723766 -1.041185
v 1.527182 0.739768 -1.509052
v 1.790834 0.742054 -1.617256
v 1.108082 0.937126 -1.301788
v 2.018672 0.873881 -0.981749
v 2.041533 0.836542 -1.730034
v 2.215268 1.088764 -1.873288
v 2.145165 1.449190 -2.059980
v 1.988193 1.648072 -2.223809
v 1.682630 1.812664 -2.387639
v 1.438790 1.764658 -2.511846
v 1.080650 0.947032 -0.984797
v 1.090556 0.940936 -0.599224
v 0.854336 1.326508 -1.111289
v 0.876434 1.303649 -0.865925
v 0.862718 1.346321 -0.590080
v 0.707270 1.503292 -0.709715
v 0.717176 1.522342 -1.024422
v 0.713366 1.517770 -0.901739
v 0.608210 1.544440 -0.980987
v 0.624974 1.536821 -0.907835
v 0.536582 1.498720 -0.885737
v 0.512198 1.485005 -0.958889
v 1.067696 0.852544 1.531327
v 1.300106 0.610228 1.433029
v 1.418978 0.508882 1.397215
v 1.560710 0.455542 1.360640
v 1.678820 0.480688 1.343875
v 1.755782 0.582034 1.315681
v 1.825124 0.937126 1.230337
v 2.018672 1.258690 1.151851
v 2.139069 1.334890 1.112227
v 2.272418 1.286122 1.064221
v 2.287658 1.097908 0.984973
v 2.225174 0.813682 0.880579
v 2.305946 0.550792 0.919441
v 2.295278 0.539362 0.768565
v 2.494160 0.419728 0.687793
v 2.765432 0.540886 0.582638
v 2.870588 0.763390 0.507960
v 2.806580 1.219066 0.432524
v 2.628272 1.526152 0.322033
v 2.349380 1.605400 0.232880
v 2.225936 1.494910 0.178778
v 0.443618 1.344796 -0.983274
v 0.489338 1.473575 -1.026707
v 0.460382 1.204588 -0.941362
v 0.512960 1.087240 -0.897167
v 0.612020 0.978274 -0.840017
v 0.797186 0.883786 -0.748577
v 1.047884 0.839590 -0.647993
v 1.282580 0.782440 -0.547409
v 1.459364 0.645280 -0.451397
v 1.563758 0.515740 -0.363767
v 1.668914 0.470782 -0.300521
v 1.797693 0.507358 -0.231178
v 0.588398 1.554346 -1.067856
v 0.720986 1.526914 -1.127291
v 0.844430 1.337938 -1.217207
v 1.120274 0.934840 -1.448855
v 1.533278 0.742816 -1.660691
v 1.792358 0.746626 -1.767372
v 2.041533 0.836542 -1.730034
v 2.046866 0.828160 -1.881671
v 2.232033 1.083430 -2.015783
v 2.144402 1.456811 -2.219237
v 1.994289 1.661026 -2.352587
v 1.684916 1.824856 -2.533943
v 1.440314 1.785232 -2.668055
v 1.332872 1.596256 -2.628431
v 1.329062 1.619878 -2.783118
v 1.378592 1.472050 -2.901227
v 1.392308 1.449952 -2.744255
v -3.988936 0.275710 -2.005116
v -3.883780 0.267328 -1.939583
v -3.718426 0.361816 -1.838236
v -3.378574 0.537076 -1.646976
v -2.963284 0.797680 -1.403897
v -2.531992 0.974464 -1.171488
v -2.258434 1.165726 -0.926124
v 2.139069 1.294504 0.101052
v 1.930280 0.935602 -0.039155
v 1.895990 0.780154 -0.088685
v 1.903610 0.617087 -0.160314
v 2.219079 1.479670 0.175730
v 2.197742 1.466716 0.309078
v 2.112398 1.283836 0.228308
v 1.912755 0.937126 0.085051
v 1.892180 0.792346 0.039331
v 1.892180 0.610990 -0.031534
v 1.792358 0.514216 -0.100878
v 1.662056 0.482212 -0.166409
v 1.553852 0.524122 -0.232703
v 1.452506 0.648328 -0.325668
v 1.271912 0.790822 -0.438444
v 1.051694 0.842638 -0.535978
v 0.807092 0.887596 -0.641897
v 0.617354 0.976750 -0.726479
v 0.519056 1.089527 -0.786677
v 0.463430 1.204588 -0.834684
v 0.452762 1.341748 -0.884975
v 0.495434 1.464430 -0.931457
v -2.302939 1.109386 -0.316542
v -2.379462 1.115686 0.650129
v -2.473831 1.093773 1.730185
v -2.575084 1.018000 2.789081
v -2.651747 0.875475 3.609070
v -2.739717 0.725354 4.393301
v -2.843046 0.513659 5.409658
v -2.916757 0.391604 5.894117
v -3.038640 0.354144 6.631315
v -0.642232 1.395088 -2.683295
v -1.069714 1.627498 -2.650529
v -0.223894 1.529962 -2.706917
v 0.160154 1.943728 -2.674151
v 0.539630 2.083936 -2.674912
v 0.849002 1.783708 -2.645195
v 0.979304 1.294504 -2.469934
v 1.294772 0.918838 -2.393735
v -1.247260 1.990210 -2.658912
v -1.478908 2.268340 -2.642910
v -1.699126 2.195950 -2.616240
v -1.856860 1.941442 -2.452409
v -2.130418 1.834762 -2.412786
v -2.266054 1.961254 -2.987333
v 1.013594 1.288408 -3.057437
v -2.093080 2.113654 -3.103158
v 1.412882 0.924172 -3.150402
v 1.722255 0.850258 -2.927135
v -1.952872 2.265292 -3.260129
v 1.623956 0.800728 -2.364017
v 1.799978 0.872356 -2.043977
v 1.860176 0.947794 -2.691677
v 1.866272 0.998848 -3.249462
v 1.889132 1.129150 -3.127541
v 1.732160 1.293742 -2.953805
v 1.771023 0.893692 -3.359189
v 1.487558 0.944746 -3.578645
v 1.090556 1.234306 -3.576359
v 0.880244 1.766182 -3.291371
v 0.723272 2.058790 -3.361475
v 0.107576 2.061076 -3.461298
v 0.442856 2.187568 -3.407957
v -0.277996 1.677028 -3.566453
v -0.788536 1.514722 -3.606077
v 1.856367 1.078858 -2.390687
v 1.646054 1.174108 -1.580681
v -1.214494 1.708270 -3.566453
v -1.472050 2.066410 -3.583979
v 1.148468 1.222876 -3.896399
v 0.916058 1.697602 -3.938309
v 0.935870 1.696840 -4.306356
v 0.759848 2.124322 -4.230156
v 0.788042 2.148706 -4.714787
v 0.446666 2.319394 -4.510572
v 0.056522 2.237098 -4.624873
v 0.454286 2.354446 -5.155224
v 0.067190 2.290438 -5.441736
v -0.377818 1.893436 -4.652304
v -0.345814 2.099176 -5.629950
v -0.912742 1.853812 -5.391444
v -0.860926 1.699126 -4.589058
v -1.314316 1.840858 -4.582200
v -1.347082 2.007736 -5.517174
v -0.892168 1.960492 -5.863122
v -1.329556 2.076316 -6.023142
v -1.756276 2.345302 -5.571276
v -1.782184 2.397880 -6.192306
v -1.625212 2.166232 -4.630968
v -2.206618 2.393308 -5.637570
v -2.245480 2.391022 -6.329466
v -2.703442 2.035930 -5.773206
v -2.735446 2.064886 -6.417096
v -3.208648 1.608448 -5.846358
v -2.578474 1.979542 -4.735363
v -3.228460 1.668646 -6.513870
v -3.140068 1.538344 -4.769652
v -3.705472 1.132960 -5.951514
v -3.735190 1.188586 -6.583211
v -4.095616 0.825874 -5.971326
v -4.117714 0.892168 -6.609882
v -4.434707 0.876166 -6.606072
v -4.403464 0.838066 -5.978946
v -4.565008 1.097908 -6.563400
v -4.548244 1.070476 -5.953038
v -4.404988 1.347844 -6.530634
v -4.414132 1.318888 -5.884458
v -4.084187 1.443094 -6.462054
v -4.411846 1.086478 -4.946436
v -4.087996 1.394326 -5.842548
v -3.836536 1.566538 -6.384330
v -3.837298 1.506340 -5.750346
v -3.713092 1.804282 -6.333275
v -3.735190 1.736464 -5.713769
v -3.924166 2.005450 -5.692433
v -3.917308 2.086222 -6.292891
v -4.327264 2.070982 -6.266983
v -4.350886 2.018404 -5.677957
v -4.696073 1.855336 -6.218214
v -4.675498 1.835524 -5.691672
v -4.884286 1.512436 -6.201449
v -4.222871 1.289932 -4.958628
v -3.907402 1.361560 -4.905289
v -3.764146 1.606924 -4.810799
v -3.972172 1.134484 -3.916212
v -3.799960 1.469002 -3.910115
v -4.046086 1.798186 -3.982506
v -4.865998 1.514722 -5.701579
v -4.726552 1.122292 -6.167922
v -4.693787 1.107814 -5.631474
v -4.466710 0.824350 -6.096294
v -3.985888 1.904104 -4.782607
v -4.396606 1.904866 -4.787177
v -4.830184 1.524628 -4.847376
v -4.449946 1.771516 -3.979457
v -3.828154 1.381372 -3.302801
v -3.986650 1.011802 -3.282228
v -4.046848 0.895978 -3.945929
v -4.068946 1.691506 -3.263938
v -3.854824 1.268596 -2.498128
v -4.061326 1.569586 -2.492795
v -4.460614 1.658740 -3.263177
v -4.437755 1.541392 -2.508797
v -3.947026 1.049140 -2.498891
v -3.904354 0.652900 -2.492033
v -3.845680 0.777106 -3.280703
v -3.667372 0.924934 -2.450886
v -3.259702 1.389754 -2.412023
v -3.622414 1.004182 -3.244127
v -3.009766 1.638928 -2.440217
v -2.687440 1.821046 -2.403641
v -2.658484 1.934584 -3.257081
v -2.330062 2.114416 -3.449867
v -1.723510 2.346064 -3.574073
v -2.102224 2.362066 -4.632492
v -2.346826 1.979542 -4.039656
v -3.103492 1.446142 -3.813341
v -2.806312 1.707508 -3.622842
v -3.591934 1.126864 -4.831374
v -3.594982 1.059808 -3.886493
v -3.821296 0.842638 -3.927641
v -3.194932 1.414900 -3.233459
v -2.925946 1.661788 -3.265463
v -4.077328 0.691762 -4.950245
v -4.255636 0.793870 -4.988346
v -4.766176 1.334890 -3.274607
v -4.725028 1.229734 -2.506511
v -4.657210 0.898264 -2.558327
v -4.545959 0.585082 -2.538515
v -4.568818 0.465448 -2.538515
v -4.488809 0.534028 -3.329472
v -4.671688 0.434968 -2.521750
v -4.542911 0.435730 -3.331758
v -4.636636 0.407536 -3.340139
v -4.846949 0.540886 -2.495842
v -4.503286 0.436492 -4.032798
v -4.834756 0.602608 -3.290609
v -4.632827 0.413632 -4.023654
v -4.841614 0.719194 -4.025178
v -4.673974 0.484498 -4.743744
v -5.006968 0.933316 -4.040417
v -4.865998 0.867022 -4.746792
v -5.027542 0.847210 -3.241079
v -5.187562 0.857878 -4.038131
v -5.010778 1.004944 -4.781082
v -5.189086 0.903598 -4.752888
v -5.033639 1.036186 -5.373917
v -5.192134 0.883024 -5.255808
v -5.037448 0.774820 -2.447075
v -5.214232 0.764914 -3.253271
v -5.227186 0.703954 -2.450886
v -5.140319 0.300856 -2.459267
v -4.788275 0.193414 -2.464602
v -4.532243 0.329050 -2.484413
v -4.291451 0.398392 -2.526324
v -4.497190 0.301618 -3.300515
v -3.937882 0.569842 -2.598713
v -4.300594 0.406012 -3.332519
v -4.470520 0.344290 -3.893351
v -3.953122 0.610228 -3.313468
v -4.235825 0.462400 -3.920784
v -4.442327 0.373246 -4.291878
v -4.202296 0.537076 -4.406178
v -3.857110 0.765676 -4.070136
v -3.586600 0.976750 -3.207551
v -3.810628 0.841114 -4.548672
v -3.485254 1.107814 -4.199676
v -4.147432 0.623182 -4.852710
v -3.533260 1.057522 -3.808008
v -3.135496 1.372990 -3.760764
v -4.345552 0.426586 -4.688879
v -4.305928 0.494404 -4.992918
v -4.529195 0.330574 -4.839756
v -4.440802 0.368674 -5.135412
v -4.818754 0.396106 -4.969296
v -4.783702 0.420490 -5.316768
v -5.114410 0.622420 -5.126268
v -5.085454 0.634612 -5.479836
v -5.184514 0.887596 -5.594136
v -5.032114 1.048378 -5.698530
v -4.846186 0.870832 -5.446308
v -4.861426 0.914266 -5.784636
v -4.744079 0.624706 -5.453928
v -4.757032 0.620134 -5.882172
v -4.623682 0.445636 -5.491266
v -4.672450 0.501262 -5.939321
v -4.468996 0.439540 -4.758985
v -4.433183 0.475354 -5.597945
v -4.462138 0.522598 -5.999520
v -4.368412 0.567556 -5.596422
v -4.366126 0.626230 -6.026951
v -4.433944 0.802252 -5.617758
v -4.384414 0.525646 -4.775747
v -4.434707 0.530218 -4.048038
v -4.615300 0.300856 -4.415321
v -4.720456 0.277996 -3.889541
v -4.772272 0.242944 -3.295943
v -4.441565 0.758056 -4.800894
v -4.479665 0.745102 -4.052609
v -4.691501 0.985894 -3.308136
v -4.791323 1.442332 -3.974885
v -4.693787 1.043044 -4.065564
v -4.712074 1.115434 -4.903764
v -5.239379 0.563746 -3.267749
v -5.118220 0.365626 -3.277654
v -5.054213 0.409822 -3.990126
v -5.210423 0.627754 -4.017558
v -5.165464 0.637660 -4.682784
v -4.928482 0.398392 -4.538003
v -3.185788 1.353178 -3.407957
v -2.903848 1.597780 -3.455201
v -2.964046 1.571872 -3.251746
v -2.695822 1.718938 -3.206027
v -2.717158 1.710556 -3.139733
v -2.657722 1.686172 -3.170975
v -2.540374 1.460620 -3.084868
v -2.959474 1.601590 -2.801405
v -2.609716 1.240402 -2.973618
v -2.730112 1.091812 -2.893608
v -3.186550 1.392040 -2.664245
v -2.980048 0.974464 -2.770163
v -3.281038 1.034662 -2.619287
v -3.380098 1.183252 -2.611667
v -3.612508 0.923410 -2.456219
v -3.577456 0.900550 -2.442503
v -3.895210 0.576700 -2.238287
v -3.863206 0.550792 -2.211617
v -3.979030 0.398392 -2.093507
v -3.908926 0.485260 -2.031784
v -3.835774 0.575176 -1.967777
v -3.851014 0.562984 -2.094269
v -3.551548 0.896740 -2.063789
v -3.569074 0.899026 -2.310677
v -3.147688 0.949318 -2.166659
v -3.245224 1.010278 -2.494319
v -3.021196 0.968368 -2.626907
v -2.859652 0.934840 -2.186471
v -2.736970 1.075810 -2.764829
v -2.631052 1.119244 -1.241591
v -2.644768 1.123816 -2.178089
v -2.597524 1.344796 -2.155229
v -2.617336 1.218304 -2.841029
v -2.551804 1.437760 -2.931706
v -4.474330 0.828160 -6.207546
v -4.733410 1.123054 -6.289080
v -4.888858 1.508626 -6.334038
v -4.700644 1.856860 -6.350039
v -4.321168 2.079364 -6.402618
v -3.915022 2.100700 -6.423954
v -3.708520 1.815712 -6.467389
v -3.835774 1.575682 -6.516919
v -4.082663 1.449952 -6.603024
v -4.402702 1.350892 -6.670842
v -4.568818 1.099432 -6.708942
v -4.441565 0.883024 -6.749328
v -4.122286 0.905884 -6.759234
v -3.742810 1.198492 -6.747804
v -3.233032 1.679314 -6.687606
v -4.363078 0.620134 -6.127536
v -4.455280 0.520312 -6.099341
v -4.669402 0.501262 -6.043715
v -4.750937 0.619372 -5.991137
v -4.865998 0.927220 -5.888268
v -5.031352 1.052188 -5.811306
v -5.182228 0.888358 -5.716818
v -5.074786 0.638422 -5.607089
v -4.769986 0.428110 -5.458500
v -4.405750 0.376294 -5.255808
v -4.287640 0.525646 -5.117886
v -4.129907 0.652138 -4.983774
v -3.798436 0.870070 -4.701072
v -3.466966 1.129150 -4.355886
v -3.113398 1.380610 -3.909354
v -2.866510 1.613020 -3.578645
v -2.662294 1.731892 -3.312707
v -2.570092 1.650358 -3.216694
v 0.800996 2.156326 -4.939578
v 0.456572 2.362066 -5.351820
v 0.947300 1.693792 -4.524288
v 1.181234 1.214494 -4.077755
v 1.518800 0.952366 -3.758478
v 1.791596 0.912742 -3.535973
v 1.924184 1.057522 -3.376714
v 1.898276 1.184776 -3.255557
v 1.720730 1.331080 -3.089442
v 0.069476 2.299582 -5.634522
v -0.340480 2.134228 -5.811306
v -0.885310 1.997830 -6.038382
v -1.323460 2.096890 -6.196877
v -1.790566 2.410834 -6.383568
v -2.255386 2.387212 -6.517680
v -2.743828 2.068696 -6.594642
v -4.414132 -0.214255 6.504902
v -4.568056 -0.238639 6.184862
v -4.389748 -0.723271 6.573481
v -4.189342 -1.047883 6.866089
v -4.150479 -1.030357 6.837132
v -4.187406 -0.980372 7.016653
v -3.972934 -1.213999 7.071068
v -3.927975 -1.191901 7.032206
v -4.380830 -1.034248 7.038406
v -4.139166 -1.047944 7.426622
v -4.191743 -1.199013 7.305738
v -3.975137 -1.134245 7.221067
v -3.664323 -1.441837 7.346149
v -3.599553 -1.406023 7.285952
v -3.635270 -1.394276 7.494696
v -3.168341 -1.786791 7.776909
v -3.102907 -1.739532 7.725243
v -3.190168 -1.728895 7.909765
v -2.931213 -1.862080 7.973139
v -2.884738 -1.842780 7.921406
v -2.952823 -1.772043 8.059473
v -2.469507 -1.832754 8.198856
v -2.461125 -1.806835 8.168348
v -2.560641 -1.792347 8.452366
v -2.381203 -1.872551 9.062342
v -2.525342 -1.740411 8.312672
v -2.063246 -1.786493 8.970148
v -2.355189 -1.807747 9.012396
v -2.688328 -1.809720 8.956163
v -2.274340 -1.759753 9.068537
v -2.683316 -1.756517 8.980356
v -2.441055 -1.698707 9.175020
v -2.911391 -1.498495 8.888910
v -2.151217 -1.680631 9.104479
v -3.042016 -1.580010 8.730768
v -2.651822 -1.832867 8.855408
v -3.074116 -1.647587 8.621784
v -3.068928 -1.763340 8.295927
v -3.405542 -1.654992 8.266911
v -1.980879 -1.715361 8.979052
v -1.919726 -1.780125 8.950058
v -1.944144 -1.641137 8.889742
v -1.877143 -1.715536 8.886345
v -1.999039 -1.639318 8.714796
v -2.064913 -1.568219 8.713345
v -2.001697 -1.481184 8.909885
v -2.123311 -1.480970 8.811556
v -2.060106 -1.201617 8.935139
v -2.171766 -1.192016 8.831171
v -2.084574 -1.243143 9.005953
v -2.035047 -1.542731 9.002325
v -2.171830 -1.358072 9.100702
v -2.256779 -1.486468 9.183352
v -2.454854 -1.192398 9.239594
v -2.706974 -1.425910 9.228287
v -2.325189 -1.000688 9.091778
v -2.240079 -0.956681 9.073177
v -2.531368 -0.726745 9.108212
v -2.452665 -0.624327 9.170195
v -2.216426 -0.921069 9.008095
v -2.701668 -0.446599 9.132925
v -2.664766 -0.798740 9.184479
v -2.879663 -1.030734 9.094261
v -3.089584 -1.200961 8.888264
v -3.073782 -0.749660 8.971785
v -3.282995 -0.917645 8.853146
v -3.300570 -1.289095 8.692770
v -3.274771 -0.493446 8.903587
v -2.849441 -0.508765 9.182724
v -2.841041 -0.171627 9.104250
v -2.572754 -0.172007 9.168846
v -3.001145 -0.201076 9.123791
v -2.919781 0.094273 9.104282
v -3.090638 0.024453 9.038893
v -2.981636 0.336400 8.965651
v -3.182133 0.256578 8.897404
v -3.401672 -0.235373 8.833101
v -3.457559 -0.000182 8.690449
v -3.476014 -0.636315 8.829630
v -3.615802 -0.393878 8.737078
v -3.478395 -1.021213 8.691080
v -3.655967 -0.747490 8.668146
v -3.779660 -0.520822 8.564671
v -3.694497 -0.176797 8.558353
v -3.865624 -0.307531 8.398420
v -3.752689 0.128700 8.146015
v -3.442554 0.310959 8.187277
v -3.184133 0.447234 8.618399
v -3.118588 0.451270 8.635206
v -3.146865 0.519278 8.295523
v -3.077653 0.487659 8.283184
v -3.094000 0.686341 7.691896
v -3.403139 0.497334 7.651089
v -3.716288 0.267724 7.661161
v -4.012147 0.240300 7.669470
v -4.150479 0.134741 7.621994
v -4.041130 -0.132083 8.008316
v -3.589782 -1.165540 8.502115
v -3.392926 -1.411441 8.588957
v -3.707137 -1.554654 8.185091
v -3.954805 0.017772 8.089399
v -3.977869 -0.519981 8.133387
v -3.913002 -0.727319 8.263372
v -3.790889 -0.920020 8.384298
v -4.105494 -1.423574 8.119291
v -3.611521 -1.536699 8.120214
v -3.304440 -1.597702 8.154968
v -2.980216 -1.721711 8.197931
v -3.007548 -1.756404 8.140865
v -3.242486 -1.616158 8.070139
v -3.467803 -1.529653 7.882338
v -3.949908 -1.506547 7.891533
v -4.216267 -1.272818 7.782614
v -4.280054 -1.172351 8.004503
v -4.304417 -0.989836 7.674265
v -3.301519 -1.731024 8.026405
v -3.821565 -1.494502 7.630783
v -3.723833 -1.412648 7.699890
v -3.965943 -1.237259 7.563145
v -4.277211 -0.494489 7.695993
v -4.290318 -0.853141 7.879219
v -2.428326 -0.596064 9.117336
v -2.603620 -0.323983 8.948633
v -2.644005 -0.158629 8.889200
v -2.540364 -0.147485 9.107672
v -2.217544 0.582337 8.536911
v -2.437915 0.430325 8.858057
v -2.397585 0.305617 8.560221
v -2.751864 0.267146 8.960234
v -2.687439 0.085973 8.617926
v -1.844807 -1.596683 9.048500
v -1.576570 -1.604269 9.101170
v -1.582469 -1.527058 9.097277
v -1.576459 -1.518784 8.944082
v -1.826400 -1.481114 8.858599
v -1.844477 -1.494314 9.021492
v -1.906304 -1.783909 8.992266
v -1.875990 -1.733797 9.040598
v -2.108924 -1.910867 8.933973
v -1.962012 -1.830650 8.913935
v -1.089437 -1.749850 9.253805
v -1.095545 -1.670270 9.253378
v -0.641469 -1.298581 9.242004
v -0.799964 -1.473083 9.186390
v -0.814443 -1.521847 9.376116
v -0.364864 -0.552583 9.188663
v -0.374013 -0.831483 9.176500
v -0.452494 -0.823093 9.379927
v -0.551553 -1.088269 9.437078
v -0.494404 -1.077601 9.283916
v -0.420545 -1.086074 9.093697
v -2.533943 -0.394774 9.192122
v -2.506083 -0.372751 9.134563
v 0.682999 -1.600443 8.124624
v 0.397629 -1.704406 8.146364
v 0.382448 -1.529796 8.155355
v 0.595217 -1.454258 8.141706
v -2.638479 -0.013929 8.997210
v -1.077194 -1.655491 9.092430
v 1.651298 0.144093 7.708136
v 1.723778 0.029585 7.566366
v 1.839796 -0.064249 7.646835
v 1.757428 0.020272 7.898977
v 1.824578 -0.213946 7.734266
v 1.665866 -0.222637 8.100529
v 1.637004 -0.627185 8.121420
v 1.595762 -0.436759 8.294077
v 1.770026 -0.459812 7.955549
v 1.886116 -1.026007 7.946630
v 1.888642 -0.422934 7.583113
v 1.946469 -0.315344 7.675325
v 1.835979 -0.953631 8.032164
v 1.720619 -1.241137 8.050791
v 1.552968 -1.312345 8.185709
v 1.379594 -1.122767 8.137873
v 1.228057 -1.125500 8.180027
v 1.231167 -1.369455 8.206011
v 1.134797 -1.189718 8.179024
v 0.809462 -1.214325 8.165176
v 1.027106 -1.050613 8.205576
v 0.911944 -1.352524 8.146639
v 0.966813 -1.454452 8.196318
v 1.019745 -1.553702 8.269608
v 0.710258 -1.632391 8.159685
v 0.426207 -1.725952 8.233732
v -0.136264 -1.712347 8.210257
v -0.121786 -1.885321 8.201113
v -0.117214 -1.908181 8.246834
v -0.090899 -1.775966 8.402300
v 0.409960 -1.684939 8.371790
v 0.798799 -1.663907 8.322201
v 0.429702 -1.664083 8.535576
v 0.972301 -1.537070 8.412170
v 1.204394 -1.304782 8.339546
v 1.485923 -1.190684 8.284626
v 1.774088 -0.856763 8.140259
v 1.966984 -0.116268 7.726221
v 1.801284 0.076020 7.841619
v 1.697914 -0.568576 8.345169
v 1.522505 0.169829 7.942923
v 1.541687 0.316494 7.980349
v 1.218347 0.430729 8.019697
v 0.913952 0.450138 8.012308
v 0.684767 0.532791 8.026533
v 0.619504 0.691921 8.065474
v 0.544006 0.694069 8.044838
v 0.415438 0.596470 8.040827
v 1.378417 -0.111139 8.633034
v 1.348835 -0.204111 8.551163
v 1.474902 -0.746070 8.523699
v 1.062628 -1.137328 8.522394
v 1.189004 -0.919074 8.643206
v 0.768747 -1.346826 8.619978
v 0.407032 -1.726891 8.953602
v -0.021926 -1.884441 8.761969
v 0.744587 -1.256970 8.878407
v 0.406399 -1.693692 9.128590
v 0.010354 -1.879179 9.034798
v 0.241106 -1.424123 9.298372
v 0.592779 -1.003767 9.057751
v 0.254837 -1.304200 9.322769
v 1.173281 -0.435392 8.757616
v 0.942138 -0.653978 8.863480
v 1.202848 -0.375338 8.883360
v 0.981762 -0.597821 9.025537
v 0.917487 -0.133096 8.974640
v 1.052933 0.165871 8.745667
v 0.771340 0.374064 8.830931
v 0.648358 0.419557 8.880281
v -0.597066 -1.896411 8.618837
v -0.623044 -1.830500 8.439175
v -0.616899 -1.845487 8.803461
v -1.101114 -1.971347 8.627079
v -0.098016 -1.834689 9.137289
v -0.619307 -1.939502 8.946184
v 0.556746 0.446308 8.869429
v 0.456632 0.453489 8.900520
v 0.195276 0.682059 8.080114
v 0.273081 0.467369 8.907715
v -0.289931 0.769179 8.164646
v -0.502320 0.750689 8.138094
v -0.575176 0.611752 8.096720
v -0.667378 0.624707 8.105864
v -0.496750 0.353030 8.752424
v -0.859386 1.179539 7.805172
v -0.730624 0.870071 8.214828
v -0.620106 0.729887 8.465532
v -0.841876 0.946271 8.225496
v -0.857878 0.760343 8.478481
v -1.107814 0.745103 8.374086
v -0.985132 0.934840 8.134056
v -1.115583 1.118091 7.985205
v -1.244817 1.142906 7.903816
v -1.263262 1.059809 8.176729
v -1.368428 1.181443 8.079346
v -1.353940 0.967606 8.167585
v -0.315068 0.461490 8.839041
v -0.445062 0.448510 8.822508
v 0.138785 -0.027011 9.239424
v -0.447840 0.139013 9.216398
v -0.330920 0.144973 9.255533
v 0.243746 -0.023909 9.298967
v 0.389820 -0.133164 9.276413
v 0.623359 0.086851 9.066736
v 0.666317 -0.450306 9.107292
v 0.400060 -0.240573 9.139549
v 0.229391 -0.540140 9.155401
v 0.215124 -0.474697 9.354185
v 0.392296 -0.673510 9.109560
v -0.022732 -0.947964 9.142599
v 0.667631 -0.916349 9.167286
v -1.156327 1.313428 7.623095
v -1.330821 1.248658 7.798624
v -1.427616 1.542783 7.496939
v -1.463816 1.384660 7.925282
v -1.678371 1.640306 7.748718
v -1.436987 1.127086 8.096745
v -1.576690 1.563436 7.823578
v 0.013964 -0.340469 9.358049
v 0.068716 -0.355983 9.444700
v -0.237610 -0.701935 9.393644
v -0.183508 -0.744607 9.503370
v -0.059180 -0.898418 9.328962
v -0.300856 -0.948823 9.505657
v -0.389259 -1.244764 9.258457
v -0.388073 -1.289031 9.101416
v -0.578951 -1.400094 9.184263
v -0.798666 -1.574281 9.089886
v -0.584319 -1.419739 9.335730
v -0.766966 -1.588707 9.199697
v -0.377056 -0.914533 9.430220
v -0.446398 -0.829951 9.528517
v -0.510406 -1.110367 9.461460
v -0.477640 -1.167517 9.495750
v -0.658996 -1.342015 9.432507
v -0.502786 -0.834523 9.521660
v -0.441826 -0.546487 9.392881
v -0.492118 -0.558679 9.533850
v -0.406774 -0.238639 9.332684
v -0.403726 -0.582301 9.554424
v -0.334384 -0.230257 9.480509
v -0.457828 -0.197491 9.454603
v -0.521755 0.191619 9.130308
v -0.512692 -0.041281 9.227526
v -0.578890 0.463107 8.862209
v -0.605652 0.198008 9.084284
v -0.667367 0.479265 8.826777
v -0.600322 0.252851 8.849573
v -0.709288 0.294761 8.633930
v -0.549268 0.196463 8.697174
v -0.728338 0.344291 8.736036
v -0.936364 0.558413 8.561539
v -0.939412 0.502025 8.460194
v -0.606418 0.512692 8.203400
v -0.835780 0.703955 7.951178
v -0.667483 0.676387 7.795767
v -1.177156 0.712337 8.303984
v -0.996829 0.856414 7.867620
v -1.156466 1.076196 7.741678
v -0.852272 0.694931 7.658697
v -1.086539 0.756925 7.558178
v -1.203833 1.085338 7.620438
v -1.312574 0.772153 7.520487
v -1.371119 0.990150 7.704967
v -1.279251 1.204322 7.711058
v -1.394997 1.308612 7.687149
v -1.548520 1.040675 7.735636
v -1.541721 0.718264 7.657785
v -1.734848 1.054729 7.815664
v -1.777934 0.645476 7.923800
v -1.996877 1.378758 7.781496
v -1.981028 1.247108 7.897993
v -1.986874 1.039090 7.955891
v -2.089168 1.168178 8.055473
v -2.190541 0.783628 8.361212
v -2.068079 0.608110 8.314198
v -1.898228 0.487124 8.084789
v -2.149354 0.416832 8.330030
v -1.556351 1.438974 7.645140
v -1.811304 1.459125 7.697538
v -1.542238 1.328195 7.948952
v -1.641273 1.561600 7.817728
v -1.760091 1.573537 7.797892
v -1.861675 1.661078 7.696325
v -2.073939 1.568033 7.719593
v -1.861426 1.550301 7.779978
v -2.020107 1.532213 7.786909
v -2.072709 1.291801 7.964151
v -2.186395 1.253285 8.001760
v -2.249876 0.828951 8.349756
v -2.329578 0.824450 8.303154
v -2.236809 0.634933 8.516348
v -2.364880 0.681372 8.513510
v -2.504296 0.479922 8.893629
v -2.629549 0.402376 8.975384
v -2.642279 0.074826 9.096125
v -2.740037 0.319998 9.047556
v -2.706943 0.082215 9.178659
v -2.533515 -0.554107 8.970734
v -2.325451 -0.887993 8.869667
v -2.340264 0.809468 7.996506
v -2.296934 1.209518 7.921591
v -2.379935 1.193956 7.632780
v -2.462334 0.697942 7.836967
v -2.733744 0.716707 7.746138
v -2.524892 0.591602 8.356537
v -2.588111 0.526173 8.855650
v -2.808867 0.554942 8.724928
v -2.695209 0.429230 8.967205
v -2.803260 0.333621 9.073294
v -2.891367 0.515478 8.258516
v -3.016071 0.441324 8.254610
v -2.990547 0.627741 7.690357
v -2.936596 0.455318 7.704967
v -0.667378 -1.774831 8.287220
v -0.653662 -1.948567 8.278074
v -0.329050 -0.241687 9.129230
v -0.645280 -1.969141 8.344370
v -1.625262 -1.783369 8.402842
v -1.075017 -1.868981 8.488581
v -1.872081 -1.846302 8.771898
v -1.589820 -1.849957 8.876146
v -1.113024 -2.023146 8.855965
v -1.047514 -1.901141 8.703531
v -1.108279 -1.960583 8.996681
v -0.683123 -1.847858 9.050741
v -0.199938 -1.657238 9.171663
v -0.235573 -1.558893 9.222578
v -0.714253 -1.742484 9.140596
v -1.109586 -1.726660 9.070066
v -1.102539 -1.885256 9.112314
v -1.576693 -1.815139 8.989061
v -1.572799 -1.815056 8.977365
v -1.559501 -1.696262 9.060194
v -2.179081 -1.882993 9.029379
v -2.181082 -1.848842 9.039034
v -1.568009 -1.657802 9.085451
v -1.085412 -1.738260 9.204277
v -1.090392 -1.700418 9.158651
v -0.764913 -1.607953 9.283916
v -0.789297 -1.601095 9.379927
v -0.610227 -1.420501 9.422600
v -1.967758 -1.685664 8.810848
v -0.411346 -0.043567 8.994354
v 0.666122 1.011802 0.737323
v 0.519818 1.232020 0.738085
v 0.586874 1.379849 0.713701
v 0.486290 1.219828 -0.153454
v 0.542678 1.417186 -0.246419
v 0.647834 0.980560 -0.096306
v 0.983876 0.889120 0.031712
v 0.956444 0.927220 0.769327
v 1.079888 0.884548 1.515326
v 1.312298 0.660520 1.449793
v 1.441839 0.570604 1.415503
v 1.165232 0.871594 0.723606
v 1.227716 0.831208 0.000469
v 1.434981 0.643757 0.001993
v 1.535564 0.521074 0.062954
v 1.379354 0.636898 0.738848
v 1.657484 0.468496 0.147535
v 1.786262 0.503548 0.176492
v 1.870844 0.593464 0.187159
v 1.887608 0.939412 0.270218
v 2.091825 1.274692 0.328892
v 2.181740 1.456048 0.411187
v 2.036960 1.284598 0.775423
v 2.125352 1.429378 0.818857
v 2.080394 1.420996 1.228051
v 1.838840 0.956176 0.734276
v 1.805312 0.581272 0.679412
v 1.608716 0.492880 0.713701
v 1.564521 0.558412 1.401787
v 1.721492 0.645280 1.347685
vn 0.3597 0.8988 0.2507
vn 0.2795 0.9424 0.1836
vn -0.1296 0.9756 0.1771
vn -0.1771 0.9578 0.2262
vn -0.9870 0.1218 0.1052
vn -0.9944 -0.0854 0.0629
vn -0.9988 0.0067 0.0490
vn -0.9967 0.0435 0.0687
vn -0.0671 0.9925 0.1023
vn -0.0451 0.9899 0.1346
vn -0.0402 0.9983 0.0417
vn -0.9952 -0.0390 0.0892
vn -0.9929 0.0732 0.0939
vn -0.3826 0.9072 0.1747
vn -0.1989 0.9787 0.0505
vn 0.1645 0.9853 0.0468
vn 0.0607 0.9782 -0.1984
vn -0.8258 0.5417 -0.1569
vn -0.0845 0.9829 -0.1634
vn 0.2416 0.9430 0.2288
vn -0.0256 0.9938 0.1078
vn 0.4403 0.8441 0.3060
vn 0.4656 0.8497 0.2475
vn 0.3092 0.8925 0.3283
vn 0.1712 0.9599 0.2221
vn 0.1631 0.9320 0.3236
vn 0.2801 0.8984 0.3384
vn 0.3594 0.8765 0.3203
vn -0.1655 0.9745 0.1517
vn -0.2902 0.9533 -0.0835
vn -0.4619 0.8783 0.1236
vn -0.5049 0.8440 0.1813
vn -0.3516 0.9192 0.1772
vn 0.5817 0.8129 0.0296
vn 0.6376 0.7681 0.0590
vn 0.6210 0.7812 0.0643
vn -0.1823 0.9790 0.0914
vn -0.0036 0.9760 0.2178
vn -0.5189 0.8374 0.1716
vn -0.6734 0.7261 0.1389
vn -0.8561 0.5016 0.1241
vn -0.7101 0.6777 0.1909
vn 0.0353 0.9873 0.1549
vn -0.1853 0.9591 0.2138
vn 0.0699 0.9622 0.2632
vn 0.9491 0.3138 0.0262
vn 0.9626 0.2417 0.1226
vn 0.9168 0.3843 0.1082
vn 0.4209 0.9007 0.1073
vn 0.6731 0.7117 0.2009
vn 0.5647 0.8132 0.1410
vn 0.3142 0.9482 0.0461
vn 0.9124 0.4076 0.0375
vn -0.1787 0.9789 0.0986
vn -0.8213 0.5703 0.0131
vn -0.0466 0.9956 0.0807
vn 0.6386 0.7678 0.0510
vn -0.0135 0.9841 0.1769
vn -0.9662 0.2189 0.1359
vn -0.7351 0.6765 0.0451
vn 0.2738 0.9376 -0.2145
vn -0.1988 0.9184 -0.3420
vn -0.7274 0.6614 -0.1829
vn 0.8665 0.3889 0.3128
vn -0.0472 0.9257 0.3753
vn 0.7450 0.6540 0.1312
vn -0.3062 0.9483 0.0832
vn 0.7089 0.7028 -0.0587
vn -0.2140 0.9708 0.1088
vn -0.8815 0.4599 0.1069
vn -0.1491 0.9774 0.1496
vn 0.0455 0.9983 0.0369
vn -0.8555 0.5155 0.0480
vn -0.1770 0.9839 -0.0230
vn -0.1461 0.9866 0.0726
vn 0.9047 0.3593 0.2287
vn 0.7473 0.6473 0.1501
vn -0.2782 0.9533 0.1176
vn 0.8575 0.4515 0.2468
vn -0.0808 0.9630 0.2570
vn 0.6719 0.7376 0.0662
vn -0.6095 0.7585 -0.2308
vn -0.8409 0.4772 -0.2551
vn -0.7165 0.6627 -0.2177
vn -0.7619 0.6152 -0.2023
vn -0.5528 0.7848 -0.2802
vn -0.6908 0.6919 -0.2101
vn -0.3690 0.8690 -0.3298
vn 0.0733 0.9566 -0.2820
vn 0.2791 0.9517 -0.1281
vn 0.6980 0.6996 -0.1528
vn 0.8274 0.5525 0.1010
vn 0.6937 0.7141 0.0936
vn -0.5892 0.7710 -0.2416
vn -0.3118 0.9460 0.0885
vn -0.5249 0.8493 0.0553
vn -0.1371 0.9811 -0.1367
vn 0.1582 0.9846 -0.0747
vn 0.4877 0.8603 0.1483
vn -0.5411 0.8353 0.0971
vn 0.2140 0.9655 0.1486
vn 0.8478 0.4868 0.2102
vn -0.0661 0.9614 0.2671
vn 0.4865 0.8732 0.0274
vn -0.7727 0.6324 -0.0544
vn -0.8326 0.5539 0.0076
vn -0.8667 0.4844 -0.1191
vn -0.7139 0.6239 0.3180
vn 0.3933 0.8772 0.2754
vn 0.7998 0.5973 0.0597
vn -0.4625 0.8633 0.2019
vn -0.6245 0.7400 0.2497
vn 0.1807 0.9523 0.2458
vn 0.7712 0.6354 0.0389
vn -0.1525 0.9881 0.0203
vn -0.8260 0.5481 0.1319
vn 0.0080 0.9656 0.2599
vn 0.8475 0.5066 0.1583
vn 0.7990 0.5909 0.1116
vn 0.0710 0.9825 0.1723
vn -0.0356 0.9684 0.2470
vn -0.3046 0.9370 0.1710
vn -0.4388 0.8855 0.1531
vn -0.6580 0.7506 0.0603
vn -0.4093 0.9021 0.1369
vn -0.6595 0.7500 0.0509
vn -0.5425 0.8335 0.1046
vn -0.8502 0.5263 0.0128
vn -0.4316 0.8940 0.1201
vn -0.1592 0.9808 0.1126
vn 0.6792 0.6975 0.2285
vn 0.6471 0.7265 0.2312
vn 0.8391 0.5027 0.2080
vn 0.6772 0.6994 0.2286
vn 0.6813 0.6982 0.2199
vn 0.6123 0.7565 0.2298
vn 0.6528 0.7335 0.1892
vn 0.6662 0.7311 0.1471
vn 0.5085 0.8279 0.2368
vn 0.3229 0.8758 0.3587
vn 0.2627 0.9298 0.2577
vn 0.6532 0.7441 0.1398
vn 0.3196 0.9379 0.1352
vn 0.4770 0.8601 0.1809
vn 0.1241 0.9835 0.1315
vn 0.2771 0.9414 0.1923
vn 0.2813 0.9302 0.2360
vn 0.2726 0.9276 0.2554
vn 0.6342 0.7362 0.2362
vn 0.6593 0.7012 0.2715
vn 0.7937 0.5098 0.3319
vn 0.8430 -0.5307 0.0872
vn 0.7601 -0.5381 -0.3643
vn 0.9623 -0.0794 0.2603
vn -0.1823 -0.9613 -0.2067
vn 0.0764 -0.9893 -0.1245
vn -0.7001 -0.6380 -0.3207
vn -0.6880 -0.6935 -0.2139
vn -0.7354 -0.5830 -0.3454
vn -0.8154 -0.5042 -0.2845
vn -0.3166 -0.9286 -0.1934
vn -0.4997 -0.8004 -0.3312
vn -0.4173 -0.8353 -0.3579
vn -0.3958 -0.9013 -0.1760
vn -0.0863 -0.9955 -0.0396
vn 0.0593 -0.9941 -0.0907
vn 0.1929 -0.9764 -0.0974
vn 0.1663 -0.9860 -0.0115
vn 0.1797 -0.9834 -0.0254
vn 0.0696 -0.9974 0.0211
vn 0.2874 -0.9575 -0.0231
vn 0.4988 -0.8664 0.0223
vn 0.4123 -0.9022 -0.1264
vn 0.0985 -0.9861 -0.1341
vn -0.5531 -0.8247 -0.1182
vn -0.8392 -0.4173 -0.3486
vn -0.7931 -0.5439 -0.2742
vn 0.0432 -0.9986 -0.0289
vn 0.0422 -0.9990 0.0128
vn 0.5135 -0.8579 -0.0201
vn 0.0027 -1.0000 -0.0031
vn 0.1065 -0.9938 -0.0329
vn -0.5386 -0.8254 -0.1694
vn -0.3391 -0.9395 -0.0479
vn -0.6489 -0.7452 -0.1535
vn -0.9997 0.0212 -0.0096
vn -0.5670 -0.7796 -0.2659
vn -0.6641 -0.7238 -0.1874
vn -0.9901 -0.1383 -0.0237
vn -0.9077 0.4102 0.0885
vn -0.9658 0.2527 0.0576
vn 0.9754 -0.0718 0.2085
vn 0.1794 -0.9833 -0.0288
vn 0.6980 0.6838 0.2125
vn 0.3461 -0.9376 0.0341
vn -0.1772 -0.9755 -0.1307
vn 0.9856 -0.0616 0.1575
vn 0.7351 0.6536 0.1800
vn 0.7455 0.6520 0.1383
vn 0.9844 -0.1142 0.1339
vn 0.9893 -0.1249 0.0748
vn 0.1307 -0.9908 -0.0360
vn -0.4148 -0.9083 -0.0539
vn -0.4020 -0.9156 0.0032
vn 0.0449 -0.9910 -0.1259
vn 0.0498 -0.9961 -0.0733
vn 0.6890 -0.7248 0.0005
vn 0.7308 -0.6824 0.0159
vn -0.0042 -0.9765 -0.2155
vn 0.0284 -0.9979 -0.0577
vn -0.6212 -0.7756 -0.1118
vn -0.3026 -0.9528 0.0234
vn -0.8866 -0.4626 -0.0079
vn -0.8904 -0.4301 -0.1488
vn -0.2178 -0.9733 0.0727
vn 0.2428 -0.9606 -0.1352
vn 0.8873 -0.4611 0.0136
vn 0.5839 -0.8097 0.0585
vn -0.0919 -0.9958 -0.0017
vn -0.5902 -0.8062 -0.0415
vn -0.4911 -0.8632 -0.1171
vn -0.5353 -0.8345 -0.1304
vn -0.9342 -0.3542 -0.0428
vn -0.9982 0.0596 0.0115
vn 0.5627 -0.8267 -0.0059
vn -0.9702 0.2394 0.0376
vn -0.9663 -0.2572 0.0050
vn -0.5830 -0.8106 -0.0541
vn -0.5183 -0.8464 -0.1220
vn -0.3737 -0.9206 -0.1133
vn -0.6873 -0.7192 -0.1018
vn -0.4786 -0.8756 -0.0647
vn -0.3103 -0.9451 -0.1023
vn -0.0385 -0.9991 -0.0160
vn 0.5697 -0.8209 0.0405
vn 0.5635 -0.8260 0.0103
vn 0.9236 -0.3781 0.0636
vn 0.9332 -0.3539 0.0629
vn 0.9246 -0.3771 0.0538
vn 0.8924 -0.4510 0.0128
vn 0.2397 -0.9690 -0.0598
vn 0.6728 -0.7397 0.0138
vn 0.0254 -0.9962 -0.0837
vn -0.8547 -0.5057 -0.1172
vn -0.8131 -0.5740 -0.0966
vn -0.9969 0.0660 -0.0426
vn -0.9939 0.0943 -0.0566
vn -0.9351 -0.3534 -0.0255
vn -0.9992 0.0223 -0.0318
vn -0.7602 -0.6477 0.0504
vn -0.1948 -0.9807 -0.0150
vn -0.0515 -0.9984 0.0250
vn 0.6798 -0.7331 -0.0207
vn 0.5673 -0.8212 -0.0612
vn 0.9824 -0.1868 -0.0066
vn 0.9997 -0.0231 0.0019
vn 0.8106 0.5751 0.1103
vn 0.9864 -0.1611 -0.0326
vn 0.8906 0.4489 0.0732
vn 0.9187 0.3917 0.0500
vn 0.4217 0.9029 0.0831
vn 0.2081 0.9704 0.1222
vn 0.2861 0.9536 0.0933
vn 0.5420 0.8341 0.1023
vn -0.3212 0.9470 0.0004
vn -0.2461 0.9690 0.0235
vn 0.0769 0.9966 -0.0296
vn -0.6167 0.7871 -0.0127
vn 0.4030 0.8921 -0.2045
vn 0.6095 0.7928 -0.0028
vn 0.8213 0.5701 -0.0209
vn 0.8115 0.2167 -0.5427
vn -0.2317 0.9728 -0.0014
vn 0.5941 0.8007 0.0774
vn -0.1691 0.9845 0.0468
vn -0.8618 0.5071 -0.0160
vn -0.4527 0.8908 -0.0384
vn 0.7270 0.6866 0.0060
vn 0.8694 0.4925 0.0403
vn 0.2138 0.9744 0.0688
vn -0.6450 0.7628 0.0472
vn -0.2291 0.9726 0.0385
vn 0.5785 0.8156 -0.0057
vn -0.3181 0.9480 0.0060
vn 0.5724 0.8160 -0.0803
vn -0.6864 0.7261 0.0387
vn 0.1838 0.9821 0.0421
vn 0.9060 0.4230 0.0132
vn 0.7954 0.6028 -0.0633
vn -0.5685 0.8111 -0.1376
vn -0.9238 0.3830 0.0005
vn -0.2065 0.9784 0.0047
vn -0.9770 0.2122 0.0206
vn 0.8125 0.5829 -0.0066
vn 0.9806 -0.1731 0.0920
vn 0.9134 0.4071 -0.0033
vn 0.8956 0.4448 -0.0105
vn 0.2336 0.9717 0.0355
vn 0.4743 0.8780 -0.0646
vn -0.6472 0.7577 0.0833
vn -0.3680 0.9289 0.0421
vn 0.5573 0.8261 -0.0835
vn 0.2953 0.9545 0.0410
vn 0.0264 0.9996 0.0128
vn -0.9492 0.2896 0.1228
vn -0.9267 0.3355 0.1692
vn -0.8934 0.4291 0.1332
vn -0.1467 0.9768 0.1557
vn 0.3514 0.9181 0.1831
vn 0.5266 0.8268 0.1976
vn 0.2583 0.9581 0.1236
vn -0.3523 0.9357 0.0202
vn 0.2603 0.9653 -0.0193
vn -0.2130 0.9761 -0.0425
vn -0.4012 0.9035 0.1510
vn -0.8654 0.4742 0.1619
vn 0.0929 0.9952 0.0308
vn -0.4290 0.8929 0.1370
vn 0.2164 0.9747 -0.0552
vn -0.1165 0.9923 -0.0420
vn -0.4781 0.8783 -0.0075
vn -0.5292 0.8484 -0.0082
vn -0.7365 0.6764 -0.0030
vn -0.7508 0.6606 -0.0024
vn -0.7477 0.6636 0.0211
vn -0.7852 0.6146 0.0755
vn -0.8313 0.5556 0.0155
vn -0.8236 0.5663 0.0317
vn -0.4659 0.8848 -0.0121
vn 0.2188 0.9702 0.1046
vn 0.2890 0.9555 0.0587
vn 0.8228 0.5640 -0.0701
vn -0.3813 0.9241 0.0249
vn 0.9986 -0.0461 0.0247
vn -0.7531 0.6505 0.0983
vn -0.6655 0.7429 0.0725
vn -0.6613 0.7484 0.0507
vn -0.6384 0.7647 0.0877
vn -0.6084 0.7856 0.1127
vn -0.5780 0.7977 0.1722
vn -0.3779 0.9044 0.1982
vn -0.3634 0.9208 0.1414
vn -0.1279 0.9587 0.2541
vn 0.1389 0.9712 0.1934
vn -0.3443 0.9322 0.1118
vn -0.3791 0.9245 0.0399
vn 0.2626 0.9505 0.1660
vn 0.4356 0.8974 0.0708
vn -0.4489 0.8935 0.0111
vn 0.4948 0.8683 -0.0350
vn 0.7580 0.6523 0.0076
vn 0.7826 0.6111 0.1188
vn 0.9361 0.3488 0.0448
vn 0.9942 0.1079 0.0015
vn 0.9898 0.1375 0.0361
vn 0.4137 0.8963 0.1597
vn 0.3802 0.9207 0.0881
vn 0.3696 0.9243 0.0947
vn 0.2648 0.9599 0.0923
vn 0.1120 0.9753 0.1905
vn 0.2133 0.9452 0.2471
vn -0.0073 0.9659 0.2589
vn -0.4436 0.8377 0.3185
vn -0.6086 0.7525 0.2517
vn 0.9701 0.2403 0.0352
vn 0.9604 0.2777 0.0203
vn 0.9984 -0.0516 0.0252
vn 0.9671 0.2542 -0.0002
vn 0.9992 -0.0397 -0.0087
vn 0.2056 0.9786 0.0065
vn -0.8043 0.5942 0.0064
vn 0.2281 0.9724 0.0497
vn -0.7476 0.6600 0.0746
vn -0.6901 0.7192 0.0802
vn -0.7647 0.6404 0.0711
vn -0.6612 0.7395 0.1261
vn -0.6750 0.7238 0.1431
vn -0.5315 0.8289 0.1744
vn -0.5279 0.8436 0.0986
vn -0.7178 0.6937 0.0597
vn 0.2494 0.9677 0.0358
vn -0.7063 0.7040 0.0736
vn -0.9837 0.1794 0.0147
vn -0.9563 0.2922 0.0038
vn -0.4763 0.8772 -0.0606
vn -0.6832 0.7301 -0.0136
vn -0.3523 0.9355 -0.0274
vn -0.2923 0.9563 0.0037
vn -0.3340 0.9423 0.0217
vn -0.4591 0.8702 0.1787
vn -0.7920 0.5843 0.1768
vn -0.8788 0.4041 0.2536
vn -0.7264 0.6304 0.2738
vn -0.9950 0.0967 0.0233
vn -0.7171 0.6969 -0.0048
vn -0.8537 0.4292 0.2948
vn 0.4914 0.8707 -0.0204
vn -0.1719 0.9812 0.0877
vn 0.4694 0.8828 -0.0186
vn -0.7165 0.6339 0.2913
vn -0.7753 0.6054 0.1801
vn -0.1263 0.9901 0.0615
vn 0.0541 0.9983 -0.0204
vn -0.1203 0.9910 0.0584
vn -0.9221 0.3869 0.0104
vn -0.9235 0.3796 0.0561
vn -0.8053 -0.5916 -0.0387
vn -0.9223 -0.3835 -0.0478
vn -0.8893 0.4509 0.0763
vn -0.9944 -0.0929 0.0495
vn -0.9179 -0.3920 -0.0618
vn -0.1491 -0.9865 -0.0672
vn -0.1253 -0.9906 -0.0542
vn -0.2913 -0.9553 -0.0500
vn -0.1198 -0.9913 -0.0552
vn 0.5299 -0.8475 0.0296
vn -0.6536 -0.7566 -0.0197
vn -0.9829 0.0443 0.1787
vn -0.6810 0.6634 0.3099
vn -0.6635 0.6966 0.2730
vn -0.8065 0.5275 0.2671
vn -0.8574 0.4205 0.2968
vn 0.4516 -0.8920 0.0189
vn 0.3194 -0.9473 0.0232
vn 0.4538 -0.8910 0.0090
vn 0.3935 -0.9177 0.0554
vn 0.5571 -0.8274 -0.0712
vn 0.0388 -0.9908 -0.1300
vn 0.7116 -0.7000 -0.0606
vn 0.5020 -0.8614 -0.0780
vn 0.2886 -0.8370 -0.4649
vn -0.5296 -0.8231 -0.2051
vn -0.9620 -0.0259 0.2720
vn -0.9193 -0.2280 0.3207
vn -0.8668 0.2572 0.4273
vn -0.8375 0.3508 0.4190
vn -0.8879 -0.1094 0.4468
vn -0.6965 -0.7174 0.0174
vn -0.9234 -0.2431 0.2970
vn -0.9681 -0.0825 0.2367
vn -0.9826 -0.1715 0.0715
vn -0.8780 0.3131 0.3621
vn -0.8783 0.3664 0.3072
vn -0.2707 -0.8556 -0.4413
vn 0.2920 -0.7530 -0.5896
vn 0.1300 -0.7631 -0.6330
vn 0.6021 -0.7879 -0.1288
vn 0.3219 -0.9468 0.0036
vn 0.1644 -0.9853 0.0470
vn 0.0764 -0.9962 0.0421
vn 0.4381 -0.8683 -0.2326
vn 0.0800 -0.9968 -0.0052
vn 0.1049 -0.9884 -0.1097
vn 0.5438 -0.7843 -0.2986
vn 0.2919 -0.9224 -0.2531
vn 0.0178 -0.9933 -0.1145
vn -0.0209 -0.9964 -0.0818
vn -0.1388 -0.9894 -0.0431
vn 0.0074 -0.9950 -0.0996
vn 0.1921 -0.9685 -0.1587
vn 0.0310 -0.9949 -0.0958
vn 0.5966 -0.8001 -0.0621
vn 0.3116 -0.9502 -0.0033
vn 0.6283 -0.7744 -0.0744
vn 0.1900 -0.9817 -0.0128
vn 0.3359 -0.9398 -0.0627
vn 0.1469 -0.9890 -0.0182
vn 0.3740 -0.9250 -0.0668
vn 0.6175 -0.7837 -0.0669
vn 0.5752 -0.8173 -0.0334
vn 0.4746 -0.8801 -0.0105
vn 0.4678 -0.8829 0.0416
vn 0.4251 -0.9045 0.0351
vn 0.4875 -0.8727 0.0280
vn 0.4675 -0.8839 0.0100
vn 0.6057 -0.7951 0.0295
vn 0.5670 -0.8232 0.0299
vn 0.2862 -0.9579 0.0245
vn 0.4366 -0.8994 0.0213
vn 0.2084 -0.9780 0.0124
vn -0.0141 -0.9998 0.0133
vn 0.5001 -0.8655 0.0282
vn -0.1331 -0.9895 -0.0561
vn 0.4136 -0.9097 -0.0380
vn 0.2211 -0.9719 0.0811
vn 0.1419 -0.9871 0.0737
vn 0.0532 -0.9933 0.1030
vn 0.2478 -0.9687 -0.0158
vn 0.1960 -0.9804 -0.0189
vn -0.9138 0.4061 0.0035
vn 0.0825 -0.9929 0.0853
vn 0.2577 0.9662 -0.0108
vn 0.1946 0.9806 0.0239
vn -0.9273 0.3737 0.0195
vn -0.6362 -0.7712 -0.0222
vn 0.5853 -0.8089 -0.0562
vn 0.5551 -0.8316 -0.0191
vn 0.4796 -0.8774 0.0076
vn 0.5191 -0.8512 -0.0777
vn 0.5678 -0.8143 -0.1204
vn -0.0238 -0.9997 -0.0012
vn 0.5422 -0.8202 -0.1824
vn 0.1795 -0.9773 -0.1128
vn -0.6145 -0.7856 0.0721
vn -0.0190 -0.9996 -0.0188
vn -0.1404 -0.9897 0.0275
vn 0.2909 -0.9494 -0.1188
vn 0.1774 -0.9108 -0.3727
vn -0.0278 -0.9968 -0.0750
vn -0.6380 -0.7679 -0.0572
vn -0.8440 0.5363 0.0059
vn 0.3120 0.9495 0.0341
vn 0.5505 0.8339 0.0402
vn -0.2066 0.9772 0.0487
vn -0.9368 0.3464 0.0496
vn -0.9982 0.0268 0.0542
vn -0.9753 -0.2202 0.0176
vn -0.9887 0.1325 0.0696
vn -0.5422 0.8331 0.1098
vn 0.3664 0.9271 0.0791
vn 0.9894 0.1453 0.0027
vn 0.9943 -0.1057 -0.0150
vn 0.2785 0.9598 0.0355
vn -0.7836 0.6206 0.0301
vn -0.7343 0.6787 0.0144
vn -0.5017 0.8649 0.0158
vn -0.1491 0.9881 0.0388
vn 0.0266 0.9928 0.1168
vn -0.5391 0.7951 0.2778
vn -0.6561 0.7195 0.2278
vn 0.5946 0.7985 -0.0940
vn 0.3894 0.9210 -0.0026
vn -0.3884 0.9181 0.0786
vn -0.6341 0.7644 0.1169
vn 0.2026 0.9773 0.0616
vn 0.8748 0.4845 0.0063
vn 0.9028 0.4300 0.0036
vn 0.6000 0.8000 -0.0002
vn -0.7112 0.6920 -0.1240
vn -0.5166 0.8325 -0.2003
vn -0.9073 -0.3071 -0.2872
vn -0.9749 -0.2190 -0.0404
vn -0.9890 -0.1429 -0.0371
vn -0.7508 0.6585 0.0521
vn 0.0785 0.9945 0.0697
vn 0.8793 0.4736 0.0496
vn 0.8585 -0.4916 0.1461
vn 0.9668 -0.2430 0.0788
vn 0.6790 -0.0634 -0.7314
vn 0.7318 -0.6641 0.1529
vn 0.6948 -0.3730 -0.6150
vn 0.3160 -0.9460 0.0719
vn 0.4994 -0.5902 -0.6343
vn -0.2350 -0.9720 0.0056
vn -0.0080 -0.7323 -0.6810
vn -0.2399 -0.9706 -0.0177
vn 0.2794 -0.9602 0.0040
vn -0.2274 -0.9733 -0.0308
vn 0.1970 -0.9804 -0.0063
vn -0.6667 -0.7443 -0.0395
vn 0.7198 -0.6905 0.0717
vn 0.7361 -0.6740 0.0625
vn 0.9822 -0.1737 0.0719
vn 0.9050 0.4250 0.0198
vn 0.5999 0.7953 0.0878
vn 0.0999 0.9908 0.0919
vn -0.6068 0.7882 0.1029
vn -0.6926 -0.7212 -0.0148
vn -0.1851 -0.4177 -0.8895
vn -0.8370 -0.5472 0.0080
vn -0.8306 -0.5567 0.0167
vn -0.2702 -0.4625 -0.8444
vn 0.0234 -0.7261 -0.6872
vn -0.5529 -0.8321 -0.0440
vn -0.5293 -0.8459 -0.0651
vn 0.1633 -0.9785 -0.1260
vn 0.1109 -0.9836 -0.1420
vn 0.6887 -0.6036 -0.4017
vn 0.7280 -0.6702 -0.1443
vn -0.5260 -0.6045 -0.5983
vn -0.5371 -0.3177 -0.7814
vn -0.4403 -0.4954 -0.7488
vn -0.1770 -0.6310 -0.7553
vn 0.2991 -0.6229 -0.7228
vn 0.4866 -0.3464 -0.8020
vn 0.9300 -0.3652 0.0411
vn 0.8087 -0.5882 0.0010
vn -0.0256 -0.9927 -0.1176
vn -0.8775 -0.4720 -0.0844
vn -0.9930 0.1081 -0.0475
vn -0.9966 0.0776 0.0284
vn -0.9521 -0.3007 -0.0552
vn -0.7216 -0.6859 0.0934
vn 0.0544 -0.9979 0.0345
vn 0.7325 -0.6808 0.0046
vn 0.9939 -0.1013 -0.0428
vn 0.9165 0.3980 0.0400
vn 0.5558 0.8250 0.1021
vn -0.3013 0.9533 0.0196
vn -0.6520 0.7482 -0.1231
vn -0.4173 0.0522 -0.9073
vn 0.5816 -0.7822 -0.2235
vn -0.4135 -0.3243 -0.8508
vn -0.3232 -0.5140 -0.7946
vn -0.1619 -0.6220 -0.7661
vn 0.0378 -0.7563 -0.6531
vn 0.1799 -0.6328 -0.7532
vn 0.1275 -0.6450 -0.7534
vn 0.1163 -0.5318 -0.8388
vn -0.1011 -0.6498 -0.7533
vn 0.2306 -0.7556 -0.6131
vn 0.5978 -0.5735 -0.5601
vn 0.1333 -0.9811 -0.1402
vn -0.6492 -0.7592 -0.0463
vn -0.8341 -0.5515 0.0116
vn -0.5921 -0.8050 -0.0379
vn -0.1585 -0.9870 -0.0281
vn 0.2178 -0.9759 -0.0120
vn 0.3339 -0.9418 0.0396
vn 0.6707 -0.7390 0.0644
vn 0.9937 -0.0157 0.1107
vn 0.8744 0.4844 0.0269
vn 0.5415 0.8347 0.1009
vn -0.0011 0.9955 0.0949
vn -0.6828 0.7239 0.0986
vn -0.9963 0.0741 0.0427
vn -0.9997 -0.0113 0.0229
vn -0.6524 -0.7555 -0.0601
vn -0.7338 -0.6776 -0.0496
vn -0.3425 -0.8509 -0.3983
vn 0.4268 -0.7766 -0.4635
vn 0.5798 -0.6170 -0.5320
vn 0.5448 -0.7697 -0.3327
vn 0.5760 -0.7993 -0.1714
vn 0.5686 -0.7625 -0.3088
vn 0.5797 -0.8142 -0.0308
vn 0.9003 -0.3695 -0.2303
vn 0.7744 0.1425 -0.6164
vn 0.8839 0.0876 -0.4593
vn 0.8703 -0.1663 -0.4636
vn 0.8850 -0.4514 0.1144
vn 0.8795 -0.4654 0.0992
vn 0.8592 -0.4950 0.1296
vn 0.9219 -0.3641 0.1324
vn 0.9909 -0.1098 0.0775
vn 0.9193 -0.3908 0.0467
vn 0.4873 -0.8731 0.0137
vn -0.0740 -0.9971 0.0176
vn -0.5905 -0.8070 -0.0118
vn -0.6999 -0.7139 -0.0219
vn -0.4450 -0.8950 0.0303
vn -0.2254 -0.9731 0.0469
vn -0.3146 -0.9478 0.0515
vn -0.6164 -0.7867 0.0334
vn -0.8445 -0.5334 0.0483
vn -0.9665 -0.2540 0.0370
vn -0.9829 0.1639 0.0844
vn -0.9286 0.3593 0.0928
vn 0.4931 -0.8699 0.0086
vn 0.4678 -0.8831 0.0349
vn 0.5199 -0.8542 0.0054
vn 0.6573 -0.7527 -0.0371
vn 0.6570 -0.7508 -0.0689
vn 0.6489 -0.7567 -0.0801
vn 0.3904 -0.9102 -0.1382
vn -0.0342 -0.9925 -0.1177
vn -0.1574 -0.9854 -0.0655
vn 0.1015 0.9922 0.0722
vn 0.7192 0.6915 -0.0678
vn -0.5214 0.8365 0.1689
vn -0.5598 0.8141 0.1547
vn 0.1883 0.9729 0.1342
vn 0.8648 0.4989 0.0567
vn 0.8853 0.4631 0.0410
vn 0.5513 0.8312 0.0710
vn 0.8289 0.5406 -0.1440
vn 0.2757 0.9612 0.0002
vn -0.4841 0.8368 0.2557
vn -0.5276 0.7946 0.3003
vn -0.1810 0.9671 0.1789
vn -0.3506 0.8812 0.3170
vn 0.8570 0.5110 0.0669
vn -0.5061 0.7927 0.3399
vn 0.4246 0.9011 0.0882
vn -0.2445 0.9676 0.0625
vn -0.3457 0.9232 0.1680
vn -0.0588 0.9957 0.0710
vn -0.8609 0.4907 -0.1344
vn -0.9317 0.3633 0.0044
vn -0.8357 0.5446 -0.0705
vn -0.9601 -0.2182 -0.1750
vn -0.6920 -0.7059 -0.1512
vn -0.3444 0.9376 0.0482
vn 0.3511 0.9308 0.1016
vn 0.7937 0.6025 0.0842
vn 0.9155 0.4009 0.0327
vn 0.6827 0.7277 0.0666
vn -0.5506 0.8214 0.1486
vn 0.0064 0.9919 0.1270
vn -0.5207 0.8346 0.1798
vn 0.0702 0.9872 0.1432
vn -0.9490 -0.3028 -0.0876
vn -0.8760 -0.3784 -0.2992
vn 0.6404 0.7680 -0.0039
vn 0.7712 0.6311 -0.0835
vn 0.7479 0.6558 0.1024
vn 0.9122 0.4065 0.0517
vn 0.9087 0.4142 0.0522
vn 0.7344 0.6733 0.0853
vn 0.7485 0.6598 0.0670
vn 0.1171 0.9883 0.0978
vn -0.4449 0.8890 0.1085
vn 0.1440 0.9883 0.0510
vn -0.3466 0.9353 0.0720
vn -0.4663 0.8669 0.1762
vn -0.3843 0.9084 0.1649
vn -0.0129 0.9802 0.1975
vn -0.0139 0.9844 0.1751
vn 0.5298 0.8452 0.0701
vn 0.4542 0.8783 0.1492
vn -0.0529 0.9789 0.1975
vn 0.3907 0.9126 0.1207
vn 0.3568 0.9268 0.1173
vn 0.2908 0.9556 0.0471
vn 0.5715 0.8204 -0.0203
vn -0.2711 0.9591 0.0817
vn -0.3117 0.9500 0.0167
vn -0.6201 0.7799 0.0853
vn -0.5973 0.8000 0.0569
vn -0.6705 0.7365 0.0899
vn -0.6259 0.7651 0.1516
vn -0.6628 0.7450 0.0752
vn -0.6407 0.7609 0.1026
vn -0.6608 0.7447 0.0934
vn -0.6537 0.7518 0.0863
vn -0.3035 0.9487 0.0891
vn -0.3500 0.9315 0.0987
vn 0.4808 0.8762 0.0324
vn 0.5132 0.8582 -0.0079
vn 0.9994 -0.0228 -0.0267
vn 0.9966 0.0436 -0.0696
vn 0.6094 -0.7925 -0.0256
vn 0.6269 -0.7751 -0.0788
vn 0.3747 -0.9258 -0.0503
vn 0.9573 -0.0912 -0.2743
vn 0.3325 -0.9392 -0.0852
vn 0.7071 -0.7053 -0.0509
vn 0.7222 -0.6887 -0.0651
vn 0.9964 0.0771 0.0354
vn 0.9940 0.0992 0.0462
vn 0.4757 0.8717 0.1173
vn 0.4384 0.8918 0.1123
vn -0.2677 0.9611 0.0684
vn -0.2394 0.9667 0.0900
vn -0.7131 0.6997 0.0437
vn -0.6954 0.7159 0.0628
vn -0.9969 0.0680 0.0387
vn 0.4915 -0.8521 -0.1798
vn 0.6146 -0.7829 -0.0964
vn 0.9965 0.0644 0.0537
vn 0.9153 -0.3919 -0.0930
vn 0.9943 0.0904 0.0560
vn 0.4015 0.9040 0.1469
vn -0.9965 0.0780 0.0300
vn -0.8534 -0.5197 0.0398
vn -0.8514 -0.5245 0.0033
vn -0.8309 -0.5555 0.0326
vn 0.4458 0.8827 0.1488
vn -0.3396 0.9309 0.1343
vn -0.9603 0.2686 0.0753
vn -0.3999 0.9078 0.1268
vn 0.9925 0.1134 0.0451
vn 0.9989 0.0230 -0.0406
vn 0.8684 0.4815 -0.1185
vn 0.4026 0.9031 0.1496
vn 0.9950 0.0966 0.0254
vn 0.4339 0.8935 0.1158
vn -0.4309 0.8901 0.1485
vn -0.4361 0.8901 0.1324
vn 0.9875 -0.1556 -0.0255
vn 0.2894 0.9554 0.0595
vn 0.0624 0.9969 0.0468
vn -0.7573 0.6523 0.0322
vn -0.7244 0.6893 -0.0093
vn -0.7094 0.7044 0.0225
vn -0.5965 0.8026 -0.0009
vn -0.2915 0.9536 0.0755
vn -0.5335 0.8450 0.0379
vn -0.4513 0.8921 0.0202
vn 0.1997 0.9793 -0.0326
vn -0.1874 0.9795 0.0737
vn -0.5859 0.8087 0.0529
vn -0.6158 0.7878 -0.0099
vn -0.6290 0.7623 -0.1523
vn -0.6724 0.7368 0.0705
vn -0.6670 0.7444 0.0313
vn -0.3068 0.9515 0.0231
vn -0.6777 0.7344 -0.0373
vn -0.6738 0.7368 -0.0552
vn -0.0529 0.9982 -0.0268
vn 0.6913 0.7095 -0.1367
vn -0.9620 0.2613 0.0793
vn -0.9631 0.2559 0.0837
vn -0.9603 -0.2787 0.0115
vn -0.9959 -0.0889 -0.0139
vn -0.7452 0.6664 0.0216
vn -0.9957 0.0585 -0.0721
vn 0.1438 0.9869 0.0736
vn -0.6201 0.7831 -0.0466
vn 0.2317 0.9728 0.0003
vn 0.6789 0.7301 0.0776
vn -0.5306 0.8472 -0.0269
vn 0.7580 0.6493 0.0618
vn 0.3787 0.9251 0.0276
vn 0.8126 0.5783 0.0721
vn 0.6219 0.7826 0.0287
vn 0.2510 0.9613 0.1134
vn 0.8012 0.5970 0.0415
vn 0.2423 0.9650 0.1004
vn -0.8006 0.5972 0.0489
vn 0.1330 0.9892 0.0611
vn -0.8800 0.4745 0.0219
vn -0.0203 0.9996 0.0196
vn -0.9725 0.2281 -0.0462
vn 0.2710 0.9594 0.0785
vn -0.8067 0.5896 0.0385
vn -0.8744 0.4828 0.0490
vn -0.7177 -0.6963 -0.0056
vn 0.0796 -0.9967 -0.0140
vn 0.3294 -0.9428 -0.0508
vn 0.3417 -0.9350 -0.0954
vn 0.3326 -0.9430 -0.0118
vn 0.6125 -0.7867 -0.0767
vn 0.4786 -0.8774 -0.0324
vn 0.3621 -0.9316 -0.0321
vn 0.6194 -0.7831 -0.0545
vn 0.5226 -0.8505 -0.0595
vn 0.4660 -0.8843 -0.0310
vn 0.5922 -0.8039 -0.0547
vn 0.6439 -0.7628 -0.0592
vn 0.7039 -0.7097 -0.0285
vn 0.6325 -0.7708 -0.0771
vn 0.6381 -0.7694 -0.0283
vn 0.6359 -0.7675 -0.0810
vn 0.6605 -0.7505 -0.0215
vn 0.6261 -0.7786 0.0436
vn 0.5752 -0.8168 -0.0437
vn 0.6553 -0.7536 -0.0524
vn 0.1694 -0.9826 -0.0762
vn 0.3146 -0.9492 -0.0098
vn -0.3563 -0.9279 -0.1097
vn -0.3385 -0.9369 -0.0872
vn -0.7935 -0.6004 -0.0994
vn -0.7722 -0.6311 -0.0743
vn -0.9826 0.1851 -0.0165
vn -0.0584 0.9974 0.0414
vn 0.8191 0.5730 0.0273
vn 0.8126 0.5821 0.0280
vn 0.8836 0.4683 0.0021
vn 0.8883 0.4592 0.0080
vn 0.3959 0.9175 0.0379
vn 0.4507 0.8915 0.0461
vn -0.3110 0.9504 0.0064
vn -0.5094 0.8564 0.0842
vn -0.4357 0.8994 0.0342
vn -0.9818 0.1893 0.0132
vn -0.9924 0.1231 0.0075
vn -0.8768 -0.4806 -0.0183
vn -0.9642 0.2638 -0.0278
vn -0.9773 0.2016 -0.0647
vn 0.0571 -0.9968 -0.0552
vn -0.0543 -0.9970 -0.0558
vn -0.0553 -0.9973 -0.0473
vn -0.9014 -0.4313 -0.0376
vn -0.9144 -0.3998 -0.0634
vn -0.9454 -0.3249 -0.0237
vn -0.9571 0.2825 0.0642
vn -0.9049 -0.4251 -0.0222
vn -0.8908 -0.4544 -0.0049
vn -0.9775 -0.2074 -0.0390
vn -0.6317 -0.7706 -0.0845
vn -0.5986 -0.7961 -0.0891
vn -0.9644 -0.2595 -0.0516
vn -0.8956 -0.4396 -0.0679
vn -0.4674 -0.8778 -0.1047
vn 0.6697 -0.7419 0.0312
vn 0.5641 -0.8236 0.0591
vn 0.5915 -0.8045 0.0545
vn -0.0052 -0.9919 -0.1269
vn -0.0991 -0.9404 -0.3252
vn -0.5331 -0.7068 -0.4650
vn -0.3064 -0.5488 -0.7778
vn 0.0515 -0.7653 -0.6416
vn 0.4154 -0.5191 -0.7470
vn 0.1974 -0.6697 -0.7159
vn 0.2398 -0.6108 -0.7546
vn -0.1307 -0.7749 -0.6184
vn -0.2680 -0.6094 -0.7462
vn 0.3710 -0.6282 -0.6839
vn 0.3956 -0.7493 -0.5311
vn 0.2086 -0.8300 -0.5173
vn 0.4840 -0.7398 -0.4674
vn 0.4986 -0.7359 -0.4581
vn 0.4026 -0.5877 -0.7018
vn 0.8347 -0.4253 -0.3499
vn 0.6356 -0.5244 -0.5666
vn 0.7724 -0.6346 -0.0255
vn 0.3779 -0.8408 -0.3876
vn 0.5082 -0.8583 -0.0709
vn 0.0608 -0.9694 -0.2376
vn -0.0013 -0.9849 -0.1730
vn -0.0020 -0.9949 -0.1007
vn 0.3488 -0.9331 -0.0871
vn 0.5734 -0.8158 -0.0753
vn 0.7314 -0.4153 -0.5410
vn 0.8585 -0.5125 -0.0176
vn 0.9764 -0.2159 -0.0003
vn 0.8762 -0.4813 -0.0256
vn 0.9588 -0.2830 0.0231
vn -0.8134 -0.5806 0.0368
vn -0.8643 -0.5009 0.0450
vn -0.9965 0.0758 0.0345
vn -0.7090 0.7044 0.0331
vn -0.2546 0.9656 0.0536
vn 0.4546 0.8844 0.1055
vn 0.9987 0.0370 0.0342
vn 0.6794 -0.7324 -0.0434
vn 0.3683 -0.9290 -0.0375
vn 0.6314 -0.7754 -0.0113
vn 0.9992 0.0301 -0.0258
vn 0.4573 0.8889 0.0279
vn -0.3555 0.9297 0.0963
vn -0.6506 0.7555 0.0771
vn -0.6622 0.7465 0.0642
vn -0.9990 0.0366 -0.0248
vn -0.5105 0.8582 -0.0539
vn 0.3061 0.9520 0.0043
vn 0.8769 0.4788 0.0417
vn 0.8357 0.5479 0.0371
vn 0.1582 0.9865 0.0426
vn -0.9444 0.3285 -0.0106
vn -0.8017 -0.5930 -0.0752
vn -0.3863 -0.9186 -0.0838
vn 0.2376 -0.9713 0.0116
vn 0.6977 -0.7155 -0.0362
vn 0.6431 -0.7611 -0.0845
vn 0.6263 -0.7736 -0.0962
vn 0.6401 -0.7675 -0.0359
vn 0.5949 -0.8027 0.0408
vn 0.5782 -0.8129 0.0702
vn 0.1635 -0.9841 -0.0691
vn -0.5393 -0.6767 -0.5012
vn 0.6240 0.7791 0.0606
vn -0.0171 0.9991 0.0397
vn 0.9226 0.3830 0.0453
vn 0.7799 0.6173 0.1032
vn 0.4133 0.9048 0.1023
vn -0.1972 0.9778 0.0705
vn -0.8638 0.4953 -0.0925
vn -0.9375 -0.2896 -0.1928
vn -0.6702 -0.7238 -0.1644
vn -0.3547 0.9333 0.0569
vn -0.3591 0.9180 0.1683
vn -0.0194 0.9803 0.1968
vn 0.4092 0.9055 0.1125
vn 0.1961 0.9795 0.0458
vn -0.3572 0.9340 0.0032
vn -0.5957 0.8019 0.0469
vn 0.8748 -0.2736 -0.3999
vn 0.8256 -0.2263 -0.5169
vn 0.5255 -0.3994 -0.7512
vn -0.5641 -0.7935 -0.2284
vn -0.1279 -0.7645 -0.6318
vn -0.4064 -0.8803 -0.2447
vn -0.4977 -0.8533 -0.1554
vn -0.0921 -0.8156 -0.5712
vn -0.5910 -0.7943 -0.1404
vn -0.8671 -0.4618 0.1866
vn -0.6646 -0.7471 -0.0075
vn -0.4601 -0.8612 -0.2162
vn -0.4884 -0.8607 -0.1442
vn -0.0756 -0.8143 -0.5755
vn -0.4765 -0.8610 -0.1779
vn -0.3079 -0.9285 -0.2077
vn 0.0952 -0.8076 -0.5819
vn -0.3791 -0.9241 0.0479
vn -0.2081 -0.9643 0.1635
vn 0.0579 -0.9472 -0.3155
vn -0.2584 -0.8848 0.3877
vn 0.0472 -0.9976 0.0499
vn 0.2896 -0.7672 -0.5723
vn 0.0388 -0.9992 0.0021
vn -0.0824 -0.9926 0.0897
vn -0.0602 -0.9819 -0.1795
vn -0.0541 -0.4861 0.8722
vn 0.3854 -0.7702 0.5082
vn -0.0689 -0.0271 0.9973
vn -0.4605 -0.7054 0.5388
vn 0.1206 -0.7680 0.6290
vn -0.4628 -0.4669 0.7535
vn -0.0527 -0.5929 0.8035
vn -0.6736 -0.3328 0.6599
vn 0.4308 -0.3358 0.8376
vn -0.6235 -0.4970 0.6035
vn -0.2760 -0.9608 -0.0279
vn -0.4628 -0.7749 0.4304
vn -0.1990 -0.9731 -0.1164
vn -0.3520 -0.9360 -0.0076
vn 0.6743 -0.2707 0.6871
vn -0.7636 -0.5992 0.2405
vn 0.8610 0.4833 0.1584
vn 0.6633 0.5760 0.4777
vn 0.7183 0.6611 -0.2167
vn 0.6786 0.6293 -0.3788
vn 0.9329 0.3457 -0.1006
vn 0.5452 0.5259 -0.6528
vn 0.9208 0.3542 -0.1631
vn 0.6762 0.3515 -0.6474
vn 0.7563 0.2074 0.6205
vn 0.7553 0.1329 0.6418
vn 0.5954 0.1546 0.7884
vn 0.3971 -0.0320 0.9172
vn 0.2324 0.1332 0.9635
vn -0.4416 -0.2272 0.8680
vn 0.3603 0.1613 0.9188
vn 0.5583 0.1634 0.8134
vn 0.1048 -0.0509 0.9932
vn 0.2994 -0.0327 0.9536
vn 0.8688 0.4952 -0.0022
vn -0.0062 0.0561 0.9984
vn 0.0682 0.0985 0.9928
vn -0.5750 -0.0898 0.8132
vn -0.5534 -0.2838 0.7831
vn -0.5331 -0.1357 0.8351
vn -0.4569 -0.2176 0.8625
vn -0.5428 -0.3499 0.7635
vn -0.4605 -0.0559 0.8859
vn -0.1700 0.0257 0.9851
vn -0.0623 0.0319 0.9975
vn 0.3954 0.1506 0.9061
vn -0.3325 0.0614 0.9411
vn -0.3585 0.1943 0.9131
vn -0.5433 0.1924 0.8172
vn -0.4198 0.6275 0.6558
vn -0.6097 0.4860 0.6262
vn -0.5607 0.1576 0.8129
vn -0.7115 0.4411 0.5470
vn -0.4709 -0.1049 0.8759
vn -0.6401 0.1333 0.7566
vn -0.5766 -0.3451 0.7406
vn -0.6964 -0.2250 0.6815
vn -0.8144 -0.0180 0.5801
vn -0.7102 0.4183 0.5662
vn -0.8367 0.1893 0.5140
vn -0.5423 0.7257 0.4234
vn -0.6026 0.7448 0.2866
vn -0.4676 0.8146 0.3432
vn -0.2444 0.9212 0.3027
vn -0.1106 0.9737 0.1990
vn 0.5487 0.8097 0.2083
vn -0.0285 0.9547 0.2961
vn -0.5486 0.8037 0.2303
vn -0.3768 0.8854 0.2723
vn -0.3821 0.8265 0.4134
vn -0.8306 0.4054 0.3817
vn -0.8723 0.2106 0.4413
vn -0.6250 -0.3170 0.7134
vn -0.5483 -0.4424 0.7097
vn -0.3789 -0.9181 0.1161
vn -0.6851 0.5497 0.4779
vn -0.8495 0.0851 0.5207
vn -0.7941 0.0055 0.6078
vn -0.7276 -0.1457 0.6703
vn -0.6335 -0.6181 0.4654
vn -0.1377 -0.9595 -0.2459
vn -0.2477 -0.9141 -0.3209
vn -0.2185 -0.9716 0.0914
vn -0.2883 -0.8689 0.4024
vn -0.5307 -0.6962 0.4834
vn -0.5536 -0.6644 0.5021
vn -0.3109 -0.9206 -0.2365
vn -0.7226 -0.5855 -0.3674
vn -0.8970 -0.1871 0.4006
vn -0.9349 -0.2862 -0.2099
vn -0.5024 -0.7161 0.4846
vn -0.5813 -0.7952 0.1724
vn -0.6219 -0.7282 0.2879
vn -0.7846 -0.6171 0.0597
vn -0.9183 0.1300 0.3740
vn -0.9250 0.1518 0.3483
vn 0.8991 0.4287 0.0882
vn 0.8951 0.1270 -0.4275
vn 0.9450 0.1167 -0.3056
vn 0.9591 0.2772 0.0573
vn 0.7841 0.0586 0.6178
vn 0.7315 -0.1961 0.6530
vn 0.7139 -0.5733 0.4021
vn 0.9685 -0.1932 0.1572
vn 0.9039 -0.3403 0.2590
vn -0.1770 0.1192 0.9770
vn -0.2481 -0.1440 0.9580
vn -0.0278 0.7261 0.6871
vn 0.1671 0.9837 0.0664
vn -0.4604 0.8875 0.0208
vn -0.3902 0.7924 0.4688
vn 0.1427 -0.7920 0.5936
vn 0.0102 -0.3810 0.9245
vn 0.4087 -0.8190 0.4027
vn 0.4965 -0.8353 0.2360
vn -0.9347 -0.2635 0.2386
vn -0.1154 -0.8485 0.5164
vn -0.3848 0.5301 0.7556
vn -0.8329 0.5534 0.0005
vn -0.6459 0.7537 0.1214
vn -0.5547 0.3859 0.7371
vn -0.9338 0.0448 -0.3550
vn -0.9157 0.1761 -0.3612
vn -0.9271 0.1609 -0.3385
vn -0.8826 0.2794 0.3782
vn -0.8724 0.3718 -0.3175
vn -0.8908 0.2794 -0.3583
vn 0.3012 0.0905 0.9492
vn 0.9696 0.2377 0.0586
vn 0.1580 -0.3340 -0.9292
vn 0.1163 -0.5443 -0.8308
vn -0.1024 0.0460 -0.9937
vn -0.0521 0.0870 -0.9948
vn 0.9246 0.2939 -0.2424
vn -0.1237 0.9897 0.0713
vn -0.7511 -0.6588 -0.0427
vn -0.6582 -0.7220 -0.2132
vn -0.9477 -0.3079 -0.0839
vn -0.9283 -0.2687 -0.2569
vn -0.9622 -0.0796 -0.2604
vn -0.9042 -0.0258 -0.4264
vn -0.8088 -0.0472 -0.5862
vn -0.9563 0.0534 -0.2873
vn -0.8715 -0.1058 -0.4789
vn 0.8376 -0.1418 0.5276
vn -0.0546 -0.7223 -0.6894
vn 0.9727 -0.2298 0.0318
vn 0.8415 -0.0742 0.5352
vn 0.6774 -0.4595 0.5745
vn 0.3733 -0.9275 0.0211
vn -0.2683 -0.4591 -0.8469
vn -0.0410 -0.1844 -0.9820
vn 0.3988 -0.7483 -0.5301
vn 0.1068 -0.0179 -0.9941
vn 0.0590 0.1940 -0.9792
vn 0.0260 0.2068 -0.9780
vn 0.1760 -0.1780 -0.9682
vn 0.2659 -0.3861 -0.8833
vn 0.5789 -0.7718 -0.2631
vn 0.3018 -0.7275 -0.6162
vn 0.2308 -0.9725 -0.0300
vn -0.1325 0.0411 -0.9903
vn 0.0274 -0.5262 -0.8499
vn 0.2065 -0.9750 0.0825
vn 0.2073 -0.9622 0.1764
vn 0.1365 -0.9698 0.2020
vn 0.3225 -0.9422 0.0910
vn 0.3711 -0.9248 0.0836
vn 0.5292 -0.6225 0.5766
vn 0.4722 -0.5816 0.6624
vn 0.5247 -0.3987 0.7521
vn 0.8200 -0.1575 0.5503
vn 0.9277 0.2058 0.3116
vn 0.6219 0.6180 0.4810
vn 0.7768 0.0705 0.6258
vn 0.8928 0.2776 0.3548
vn 0.8275 0.4560 0.3275
vn 0.2277 0.9026 0.3653
vn 0.2349 0.9462 0.2227
vn 0.7168 0.6830 0.1405
vn 0.5119 0.8190 0.2593
vn -0.3943 0.8931 0.2167
vn -0.0427 0.9750 0.2179
vn 0.8918 0.0922 0.4429
vn 0.9030 -0.0988 0.4181
vn 0.6156 -0.1765 0.7681
vn 0.5330 -0.5638 0.6309
vn 0.5395 -0.3632 0.7596
vn 0.6158 -0.6115 0.4969
vn 0.5886 -0.8067 0.0538
vn 0.1941 -0.9712 -0.1383
vn 0.7194 -0.3994 0.5683
vn 0.5506 -0.5872 0.5933
vn 0.1643 -0.9497 0.2664
vn 0.2673 -0.2817 0.9215
vn 0.7402 -0.4652 0.4854
vn 0.2240 0.0117 0.9745
vn 0.7833 -0.3765 0.4947
vn 0.7256 -0.4699 0.5028
vn 0.7894 -0.2067 0.5780
vn 0.6499 -0.3526 0.6732
vn 0.4527 0.2462 0.8570
vn 0.5882 0.5830 0.5605
vn 0.5507 0.6609 0.5098
vn 0.3226 0.7158 0.6193
vn 0.0692 -0.9943 -0.0816
vn 0.1048 -0.9650 0.2402
vn 0.1194 -0.9888 -0.0891
vn -0.2407 -0.9555 0.1703
vn -0.0034 -0.6625 0.7491
vn 0.1942 -0.9802 0.0386
vn 0.1654 0.8371 0.5215
vn 0.1819 0.8143 0.5512
vn 0.3304 0.8858 0.3258
vn 0.0171 0.8150 0.5792
vn 0.0126 0.8912 0.4534
vn -0.6027 0.7004 0.3822
vn -0.4287 0.8209 0.3772
vn 0.6768 0.7204 0.1515
vn -0.0776 0.9131 0.4004
vn 0.6339 0.7021 0.3244
vn 0.8108 0.5821 0.0620
vn 0.7181 0.6545 0.2365
vn 0.0858 0.8713 0.4832
vn -0.1653 0.7183 0.6758
vn -0.5043 0.2958 0.8112
vn -0.0719 0.8034 0.5911
vn 0.1553 0.8681 0.4715
vn 0.2949 0.8774 0.3784
vn 0.0581 0.6384 0.7675
vn 0.2437 0.6768 0.6946
vn -0.8966 -0.2919 0.3331
vn -0.0747 0.8327 0.5487
vn -0.5594 0.7219 0.4074
vn -0.1807 0.5345 0.8256
vn -0.4963 0.5111 0.7018
vn 0.0268 0.6647 0.7466
vn -0.0002 0.4883 0.8727
vn 0.6611 -0.0080 0.7502
vn 0.4259 0.2897 0.8571
vn 0.2157 -0.0214 0.9762
vn 0.5969 -0.2301 0.7686
vn 0.5831 -0.3692 0.7237
vn 0.7112 -0.3371 0.6168
vn 0.0899 0.0104 0.9959
vn 0.3815 -0.2365 0.8936
vn 0.5635 -0.2907 0.7733
vn 0.0636 0.8372 0.5431
vn 0.5861 0.7088 0.3925
vn 0.6833 0.6808 0.2639
vn 0.4102 0.6362 0.6534
vn 0.1695 0.8647 0.4728
vn -0.8281 -0.1562 0.5384
vn 0.3323 0.7150 0.6151
vn -0.2264 0.4653 0.8557
vn -0.1194 0.3062 0.9445
vn -0.0575 0.1886 0.9804
vn -0.0839 0.1251 0.9886
vn 0.6733 -0.5410 0.5039
vn 0.0714 -0.1344 0.9884
vn 0.6496 -0.6930 0.3126
vn 0.2257 -0.3794 0.8973
vn 0.6267 -0.7775 0.0524
vn 0.2957 -0.5815 0.7579
vn 0.7270 -0.6746 0.1277
vn 0.5637 -0.7942 -0.2269
vn 0.0481 0.0919 0.9946
vn 0.2728 -0.2338 0.9332
vn -0.4123 0.1440 0.8996
vn 0.1502 -0.2324 0.9610
vn -0.6456 0.2094 0.7344
vn -0.8054 -0.0507 0.5906
vn -0.9385 0.0462 -0.3422
vn -0.8436 0.1215 0.5230
vn -0.9446 -0.1389 -0.2974
vn 0.1741 -0.0271 0.9844
vn 0.1648 0.3405 0.9257
vn -0.8033 0.2850 0.5230
vn -0.3202 0.5879 0.7429
vn -0.8427 -0.1710 0.5104
vn 0.4182 0.7076 0.5696
vn -0.8779 0.1175 0.4641
vn -0.4990 0.4611 0.7337
vn -0.8584 -0.5110 0.0438
vn -0.6558 -0.7544 0.0278
vn -0.6926 -0.7205 0.0346
vn -0.7718 -0.4438 0.4554
vn -0.7799 -0.0669 0.6223
vn -0.6568 -0.7519 -0.0569
vn -0.3268 -0.8535 -0.4058
vn -0.4442 -0.8603 -0.2499
vn -0.2566 -0.9605 -0.1075
vn -0.7894 -0.5875 0.1780
vn -0.6742 -0.7304 -0.1095
vn -0.7768 -0.6278 -0.0485
vn -0.4149 -0.8875 0.2006
vn -0.5408 -0.5293 0.6538
vn -0.2572 -0.5754 0.7764
vn 0.2125 -0.3431 0.9150
vn 0.2434 -0.3806 0.8921
vn -0.5395 -0.7247 0.4288
vn -0.5964 -0.5435 0.5907
vn 0.2755 -0.0384 0.9605
vn 0.5938 -0.0882 0.7998
vn 0.4901 0.2278 0.8414
vn 0.7098 0.1891 0.6786
vn 0.6230 0.2113 0.7531
vn 0.6455 0.4275 0.6329
vn 0.6648 0.2340 0.7095
vn 0.4907 0.4493 0.7466
vn 0.5549 0.4888 0.6732
vn 0.7896 0.0708 0.6095
vn 0.7868 -0.0601 0.6143
vn 0.7495 -0.3235 0.5776
vn -0.3767 -0.4899 0.7862
vn 0.2521 -0.2617 0.9316
vn -0.8310 -0.1364 0.5393
vn -0.3285 0.0163 0.9444
vn -0.1779 0.0782 0.9809
vn -0.1689 0.8687 0.4656
vn -0.4977 0.7468 0.4411
vn 0.0106 0.0914 0.9958
vn -0.0523 0.5958 0.8014
vn 0.4067 0.5270 0.7463
vn -0.3088 0.6674 0.6776
vn -0.0200 0.6902 0.7233
vn -0.7890 0.5142 0.3362
vn 0.4738 0.5879 0.6557
vn -0.1976 0.8811 0.4297
vn 0.3914 0.5091 0.7665
vn 0.4282 0.0917 0.8990
vn 0.9005 0.4025 0.1648
vn 0.7324 0.2550 0.6314
vn 0.2209 0.2338 0.9469
vn 0.8138 0.3973 -0.4242
vn 0.7277 0.5308 -0.4344
vn -0.8988 0.4039 0.1702
vn -0.8112 0.4692 0.3488
vn -0.8494 0.4501 0.2756
vn -0.4941 0.7734 0.3972
vn -0.5323 0.7762 0.3380
vn -0.3828 0.9157 0.1222
vn -0.0020 0.8699 0.4932
vn -0.2150 0.9438 0.2509
vn -0.0321 0.7295 0.6833
vn -0.0916 0.5847 0.8061
vn -0.4127 0.9107 0.0154
vn 0.0929 0.9937 0.0631
vn 0.8046 0.5757 0.1455
vn 0.0839 0.9921 0.0931
vn -0.1459 -0.9584 -0.2453
vn -0.1338 0.0415 -0.9901
vn -0.1274 -0.6111 -0.7812
vn -0.8900 -0.3097 -0.3346
vn 0.0042 -0.9437 0.3307
vn -0.0118 -0.7761 -0.6305
vn -0.1670 -0.9796 0.1120
vn -0.0077 -0.9999 -0.0141
vn -0.0219 -0.9975 -0.0668
vn 0.0077 -0.9977 0.0679
vn -0.0848 -0.8717 0.4826
vn 0.0614 -0.6796 0.7310
vn -0.0185 -0.3783 0.9255
vn -0.1516 -0.1155 0.9817
vn -0.0423 -0.2225 0.9740
vn -0.0618 -0.4446 0.8936
vn -0.1223 -0.4085 0.9045
vn -0.1431 0.2151 0.9660
vn 0.0658 0.4232 0.9037
vn -0.0556 -0.5807 0.8122
vn 0.2697 -0.5419 0.7960
vn -0.0817 -0.0245 0.9964
vn -0.1640 -0.4243 0.8906
vn 0.1410 -0.9066 -0.3978
vn 0.2217 -0.9391 -0.2624
vn 0.5753 -0.8179 -0.0050
vn 0.1857 -0.6093 0.7709
vn 0.4350 -0.5263 0.7306
vn -0.7448 0.6493 -0.1540
vn -0.7585 -0.5885 -0.2800
vn -0.5962 -0.8029 0.0040
vn -0.9975 -0.0679 0.0199
vn -0.9125 0.4080 0.0295
vn -0.9883 -0.1374 0.0661
vn -0.9467 0.3118 0.0811
vn -0.5955 -0.8013 0.0577
vn -0.2512 -0.9667 0.0488
vn -0.2596 -0.9657 -0.0026
vn -0.4349 -0.7426 -0.5094
vn -0.4965 -0.3218 -0.8062
vn -0.3546 -0.4303 -0.8301
vn -0.5124 -0.8587 -0.0106
vn -0.4632 -0.8862 0.0051
vn -0.7151 -0.6969 -0.0543
vn -0.5769 -0.8158 -0.0404
vn -0.6446 -0.7641 -0.0271
vn -0.0613 -0.9981 -0.0006
vn 0.5068 -0.8613 0.0357
vn 0.9121 -0.4026 0.0779
vn 0.9399 -0.3218 0.1145
vn 0.8556 -0.5039 0.1188
vn 0.8678 -0.4867 0.1001
vn 0.8546 -0.5146 0.0693
vn 0.8397 -0.5370 0.0811
vn 0.9075 -0.4182 0.0389
vn 0.9448 -0.3216 0.0628
vn 0.8033 -0.5820 0.1262
vn -0.0492 -0.9962 0.0723
vn -0.0706 -0.4995 -0.8634
vn -0.0096 -0.5933 -0.8049
vt 3.459473 0.427734
vt 3.436035 0.395020
vt 3.415039 0.412598
vt 3.438477 0.443848
vt 3.420410 0.456055
vt 3.394531 0.427246
vt 3.369629 0.441406
vt 3.401855 0.470215
vt 3.393066 0.476074
vt 3.362305 0.447754
vt 3.395508 0.387207
vt 3.369141 0.399902
vt 3.342285 0.416992
vt 3.336426 0.422852
vt 3.370605 0.386719
vt 3.416504 0.366211
vt 3.370605 0.356445
vt 3.351562 0.379395
vt 3.391602 0.337402
vt 3.436035 0.367676
vt 3.420410 0.347656
vt 3.458984 0.379395
vt 3.477051 0.414551
vt 3.441406 0.342773
vt 3.497559 0.400879
vt 3.479980 0.364746
vt 3.430176 0.320801
vt 3.459961 0.323242
vt 3.416992 0.321777
vt 3.407227 0.322754
vt 3.515137 0.390625
vt 3.497559 0.354004
vt 3.476074 0.316406
vt 3.366699 0.504883
vt 3.311523 0.443848
vt 3.336426 0.473633
vt 3.350098 0.517090
vt 3.323242 0.486816
vt 3.296875 0.458008
vt 3.333496 0.533691
vt 3.282227 0.471680
vt 3.306152 0.500488
vt 3.274902 0.478027
vt 3.323242 0.540527
vt 3.297363 0.506836
vt 3.265625 0.484863
vt 3.286621 0.514648
vt 3.311523 0.549805
vt 3.250000 0.494141
vt 3.299316 0.559082
vt 3.272949 0.524902
vt 3.232910 0.469238
vt 3.247559 0.456543
vt 3.272949 0.428223
vt 3.256836 0.445801
vt 3.253906 0.450195
vt 3.284668 0.413574
vt 3.304688 0.387207
vt 3.311523 0.379395
vt 3.323730 0.358398
vt 3.338867 0.323730
vt 3.358887 0.305176
vt 3.388184 0.290527
vt 3.412598 0.280273
vt 3.404785 0.281738
vt 3.434570 0.273926
vt 3.448242 0.264648
vt 3.254883 0.379395
vt 3.245117 0.394531
vt 3.230469 0.409180
vt 3.226562 0.413574
vt 3.275879 0.355469
vt 3.285156 0.346191
vt 3.289062 0.330078
vt 3.397461 0.261719
vt 3.402832 0.259766
vt 3.423828 0.251953
vt 3.435059 0.243652
vt 3.414551 0.233887
vt 3.422852 0.228516
vt 3.395020 0.237305
vt 3.389648 0.240723
vt 3.375977 0.270996
vt 3.364258 0.276855
vt 3.364258 0.253418
vt 3.350098 0.280762
vt 3.350098 0.258789
vt 3.334961 0.270996
vt 3.323242 0.275879
vt 3.305176 0.285645
vt 3.296387 0.303223
vt 3.222656 0.417969
vt 3.209473 0.429199
vt 3.328125 0.255371
vt 3.199707 0.437988
vt 3.221680 0.477539
vt 3.322754 0.257324
vt 3.312012 0.264648
vt 3.293457 0.268555
vt 3.320312 0.241699
vt 3.298340 0.246094
vt 3.403320 0.212891
vt 3.409668 0.208984
vt 3.387207 0.215332
vt 3.345703 0.238281
vt 3.362305 0.226074
vt 3.381348 0.219238
vt 3.345215 0.220215
vt 3.272949 0.280273
vt 3.262695 0.296875
vt 3.256348 0.307617
vt 3.250000 0.315918
vt 3.242188 0.325195
vt 3.225098 0.348633
vt 3.213867 0.361816
vt 3.200195 0.370605
vt 3.197754 0.374023
vt 3.194824 0.377441
vt 3.185059 0.385742
vt 3.177246 0.391602
vt 3.165527 0.401367
vt 3.188477 0.446777
vt 3.209961 0.486328
vt 3.236816 0.505859
vt 3.225098 0.515137
vt 3.256836 0.536133
vt 3.285156 0.569824
vt 3.272461 0.578613
vt 3.243652 0.544922
vt 3.264160 0.582520
vt 3.173828 0.455566
vt 3.149902 0.414062
vt 3.143066 0.419922
vt 3.166504 0.461426
vt 3.195801 0.494141
vt 3.187012 0.496094
vt 3.211914 0.524414
vt 3.228027 0.553223
vt 3.204590 0.526367
vt 3.133789 0.424316
vt 3.157715 0.467285
vt 3.250977 0.590820
vt 3.243164 0.593750
vt 3.220703 0.553223
vt 3.235352 0.599121
vt 3.209961 0.559082
vt 3.195801 0.532227
vt 3.178711 0.504395
vt 3.163574 0.510254
vt 3.141602 0.474121
vt 3.118164 0.434082
vt 3.106445 0.440430
vt 3.094727 0.416016
vt 3.127930 0.480957
vt 3.101074 0.444336
vt 3.119629 0.481934
vt 3.086426 0.422852
vt 3.074219 0.434570
vt 3.082520 0.460938
vt 3.103027 0.496094
vt 3.068359 0.453613
vt 3.091309 0.500488
vt 3.077148 0.464844
vt 3.060059 0.443848
vt 3.054199 0.456543
vt 3.061523 0.470215
vt 3.040039 0.484375
vt 3.062012 0.505371
vt 3.031738 0.507812
vt 3.062500 0.545898
vt 3.078125 0.502930
vt 3.076660 0.545898
vt 3.086914 0.500000
vt 3.099121 0.547363
vt 3.114746 0.541504
vt 3.121582 0.538574
vt 3.126465 0.535156
vt 3.030273 0.544434
vt 3.067383 0.573242
vt 3.082031 0.572754
vt 3.032227 0.574219
vt 3.072754 0.609375
vt 3.034180 0.605957
vt 3.122070 0.562988
vt 3.039062 0.652832
vt 3.021973 0.607910
vt 3.133301 0.561035
vt 3.144531 0.553711
vt 3.027344 0.654297
vt 3.016113 0.609863
vt 3.021484 0.655273
vt 3.144043 0.520508
vt 3.139160 0.523438
vt 3.177734 0.541016
vt 3.152832 0.553223
vt 3.163574 0.583008
vt 3.157715 0.550781
vt 3.189941 0.568848
vt 3.205566 0.606934
vt 3.169922 0.579590
vt 3.183594 0.615234
vt 3.180176 0.623535
vt 3.147949 0.587891
vt 3.132812 0.593262
vt 3.104980 0.572754
vt 3.111816 0.601074
vt 3.088379 0.607422
vt 3.096191 0.650879
vt 3.125000 0.640625
vt 3.081055 0.652344
vt 3.151367 0.635742
vt 3.167969 0.631348
vt 3.164551 0.667969
vt 3.145508 0.674316
vt 3.185059 0.667969
vt 3.135254 0.675781
vt 3.101074 0.683594
vt 3.094238 0.688965
vt 3.088379 0.688477
vt 3.074707 0.692383
vt 3.058594 0.692871
vt 3.045410 0.692871
vt 3.031250 0.694336
vt 3.025391 0.695312
vt 3.199219 0.667969
vt 3.026855 0.731934
vt 3.033203 0.730469
vt 3.045410 0.728027
vt 3.062988 0.723145
vt 3.053223 0.723145
vt 3.082031 0.722656
vt 3.089844 0.722656
vt 3.054688 0.728516
vt 3.096191 0.722168
vt 3.098145 0.710449
vt 3.100098 0.722168
vt 3.105957 0.723145
vt 3.104980 0.708008
vt 3.126953 0.727539
vt 3.125977 0.702637
vt 3.141602 0.699219
vt 3.145020 0.727539
vt 3.152344 0.728027
vt 3.152344 0.697754
vt 3.159668 0.728027
vt 3.169434 0.727539
vt 3.163574 0.698730
vt 3.176270 0.695801
vt 3.184082 0.726074
vt 3.197754 0.726074
vt 3.196289 0.691895
vt 3.209473 0.725098
vt 3.224609 0.723633
vt 3.209961 0.694336
vt 3.220215 0.693848
vt 3.208984 0.664551
vt 3.229492 0.658203
vt 3.236328 0.722656
vt 3.248047 0.700195
vt 3.257812 0.717773
vt 3.272461 0.695312
vt 3.258301 0.652832
vt 3.269043 0.645020
vt 3.276855 0.715332
vt 3.281738 0.692871
vt 3.289062 0.713867
vt 3.291504 0.691406
vt 3.295410 0.709473
vt 3.300781 0.711914
vt 3.297363 0.687012
vt 3.306152 0.713867
vt 3.296387 0.719727
vt 3.313965 0.674805
vt 3.277832 0.642090
vt 3.291016 0.632324
vt 3.303223 0.626465
vt 3.316406 0.614258
vt 3.333008 0.603027
vt 3.346191 0.593262
vt 3.356934 0.582031
vt 3.367676 0.572754
vt 3.385254 0.555176
vt 3.403809 0.537598
vt 3.424805 0.598145
vt 3.447266 0.575684
vt 3.405762 0.613770
vt 3.394043 0.623535
vt 3.383789 0.633301
vt 3.365723 0.645020
vt 3.346680 0.661133
vt 3.325195 0.665039
vt 3.332520 0.718262
vt 3.349609 0.712891
vt 3.312500 0.732422
vt 3.302246 0.739746
vt 3.397461 0.676758
vt 3.414551 0.664551
vt 3.425293 0.656738
vt 3.380859 0.691895
vt 3.437012 0.647461
vt 3.455078 0.628906
vt 3.485352 0.609375
vt 3.433594 0.511719
vt 3.474609 0.549316
vt 3.439453 0.506348
vt 3.454102 0.490234
vt 3.482422 0.541992
vt 3.466309 0.481445
vt 3.480469 0.471191
vt 3.499512 0.458008
vt 3.512695 0.446777
vt 3.534180 0.438965
vt 3.529297 0.501465
vt 3.555176 0.483398
vt 3.500488 0.524414
vt 3.520508 0.574707
vt 3.511230 0.583496
vt 3.534668 0.560059
vt 3.555176 0.543945
vt 3.584961 0.526367
vt 3.604004 0.514648
vt 3.576172 0.474121
vt 3.619629 0.500000
vt 3.593750 0.461426
vt 3.567383 0.422363
vt 3.541016 0.372559
vt 3.614746 0.449219
vt 3.589844 0.404785
vt 3.569336 0.357910
vt 3.631348 0.436035
vt 3.604980 0.395996
vt 3.579590 0.351074
vt 3.548828 0.327637
vt 3.616211 0.391113
vt 3.522461 0.341309
vt 3.496582 0.298828
vt 3.468262 0.254395
vt 3.452148 0.230469
vt 3.441406 0.215332
vt 3.424805 0.198242
vt 3.440918 0.187988
vt 3.456055 0.206543
vt 3.450684 0.181152
vt 3.467285 0.199219
vt 3.466797 0.220215
vt 3.485840 0.245117
vt 3.479980 0.212891
vt 3.498535 0.239746
vt 3.519043 0.288574
vt 3.528320 0.284180
vt 3.558105 0.321777
vt 3.507812 0.232910
vt 3.541016 0.271484
vt 3.592285 0.339355
vt 3.569824 0.310547
vt 3.545410 0.268066
vt 3.600098 0.333008
vt 3.577148 0.304688
vt 3.635254 0.374512
vt 3.511230 0.229492
vt 3.487305 0.208496
vt 3.473633 0.193359
vt 3.457520 0.175293
vt 3.479980 0.188965
vt 3.630371 0.379883
vt 3.656738 0.420898
vt 3.647461 0.429688
vt 3.683594 0.461426
vt 3.673340 0.469727
vt 3.659668 0.479004
vt 3.646484 0.485352
vt 3.666016 0.413086
vt 3.615723 0.321777
vt 3.648926 0.364258
vt 3.591797 0.292969
vt 3.553223 0.261230
vt 3.518555 0.225586
vt 3.495117 0.202637
vt 3.527344 0.218750
vt 3.681152 0.403320
vt 3.695312 0.451660
vt 3.709473 0.439453
vt 3.662109 0.352051
vt 3.627930 0.310547
vt 3.669922 0.336426
vt 3.706055 0.371582
vt 3.635254 0.303711
vt 3.607422 0.278320
vt 3.568359 0.248047
vt 3.535645 0.213379
vt 3.502930 0.194824
vt 3.485352 0.183594
vt 3.514160 0.183105
vt 3.694824 0.390137
vt 3.739746 0.405273
vt 3.464355 0.171387
vt 3.716309 0.361816
vt 3.576172 0.236328
vt 3.751465 0.393555
vt 3.543945 0.199219
vt 3.583008 0.228516
vt 3.620117 0.263672
vt 3.687988 0.317383
vt 3.650391 0.284180
vt 3.695312 0.306641
vt 3.656738 0.276367
vt 3.704590 0.293457
vt 3.665039 0.264160
vt 3.627930 0.253418
vt 3.595703 0.210449
vt 3.635742 0.240234
vt 3.673828 0.254395
vt 3.641113 0.232422
vt 3.597656 0.207520
vt 3.713867 0.282715
vt 3.612305 0.199219
vt 3.745117 0.323730
vt 3.557129 0.182617
vt 3.519043 0.169434
vt 3.499023 0.166016
vt 3.491699 0.173340
vt 3.473633 0.165039
vt 3.651855 0.223633
vt 3.692871 0.236328
vt 3.625488 0.188965
vt 3.658691 0.210938
vt 3.587402 0.181152
vt 3.563965 0.180664
vt 3.571777 0.175293
vt 3.581543 0.166016
vt 3.555664 0.161621
vt 3.539062 0.161133
vt 3.536133 0.164551
vt 3.530762 0.160645
vt 3.509277 0.158691
vt 3.484375 0.154785
vt 3.498047 0.147461
vt 3.505859 0.129395
vt 3.476562 0.125488
vt 3.470703 0.132812
vt 3.464355 0.123047
vt 3.459961 0.145508
vt 3.454590 0.152344
vt 3.536621 0.152344
vt 3.552246 0.155273
vt 3.515137 0.123535
vt 3.577637 0.150391
vt 3.597656 0.143066
vt 3.632812 0.173828
vt 3.647461 0.161133
vt 3.571777 0.123535
vt 3.608887 0.123535
vt 3.589355 0.104492
vt 3.552734 0.103516
vt 3.566406 0.080078
vt 3.575195 0.071289
vt 3.608398 0.085938
vt 3.580078 0.062988
vt 3.611816 0.079590
vt 3.632812 0.091309
vt 3.626465 0.100586
vt 3.677734 0.116699
vt 3.666992 0.133789
vt 3.712891 0.137695
vt 3.676758 0.187012
vt 3.696777 0.159180
vt 3.718262 0.198242
vt 3.725098 0.185547
vt 3.748047 0.159180
vt 3.778809 0.206543
vt 3.793945 0.186523
vt 3.826660 0.226562
vt 3.837891 0.213867
vt 3.865723 0.251953
vt 3.876953 0.238770
vt 3.813965 0.243652
vt 3.845215 0.272949
vt 3.705566 0.216797
vt 3.742188 0.250488
vt 3.725098 0.270020
vt 3.761719 0.307129
vt 3.779785 0.285156
vt 3.798828 0.338379
vt 3.813965 0.317383
vt 3.815918 0.295410
vt 3.787598 0.265137
vt 3.799805 0.260742
vt 3.764648 0.225098
vt 3.755859 0.233887
vt 3.734375 0.338379
vt 3.828613 0.289551
vt 3.727051 0.350098
vt 3.765137 0.380371
vt 3.772949 0.369629
vt 3.783691 0.355469
vt 3.875488 0.303711
vt 3.899902 0.252930
vt 3.898438 0.267090
vt 3.895020 0.292969
vt 3.890137 0.316895
vt 3.861816 0.323242
vt 3.883789 0.337402
vt 3.882324 0.345703
vt 3.883301 0.351074
vt 3.854980 0.331543
vt 3.885254 0.357422
vt 3.854980 0.353516
vt 3.890137 0.361328
vt 3.840820 0.371094
vt 3.827148 0.390137
vt 3.813965 0.404297
vt 3.808105 0.411133
vt 3.798828 0.429688
vt 3.790039 0.437500
vt 3.782715 0.447266
vt 3.727051 0.423828
vt 3.768555 0.463867
vt 3.759277 0.473145
vt 3.743652 0.486816
vt 3.729492 0.498047
vt 3.715820 0.508789
vt 3.705078 0.516113
vt 3.691406 0.524902
vt 3.676758 0.532715
vt 3.649902 0.549316
vt 3.633301 0.558105
vt 3.617188 0.568359
vt 3.589355 0.588379
vt 3.572266 0.599121
vt 3.560059 0.615723
vt 3.528320 0.647461
vt 3.551270 0.621094
vt 3.499512 0.671387
vt 3.481445 0.687012
vt 3.467773 0.700684
vt 3.454590 0.709473
vt 3.435059 0.720703
vt 3.417480 0.733887
vt 3.371582 0.700684
vt 3.404297 0.748047
vt 3.385742 0.755371
vt 3.360840 0.706543
vt 3.373047 0.761230
vt 3.364746 0.765625
vt 3.354492 0.770508
vt 3.322754 0.769043
vt 3.294922 0.743652
vt 3.310547 0.771484
vt 3.281250 0.731934
vt 3.286621 0.748535
vt 3.271484 0.745605
vt 3.275391 0.754883
vt 3.263184 0.757812
vt 3.265137 0.763184
vt 3.256348 0.768555
vt 3.275879 0.787598
vt 3.287598 0.782227
vt 3.284668 0.806641
vt 3.297852 0.807129
vt 3.260742 0.806641
vt 3.298340 0.775391
vt 3.310547 0.808105
vt 3.325195 0.809570
vt 3.344727 0.812012
vt 3.357910 0.814453
vt 3.375488 0.815918
vt 3.387207 0.816895
vt 3.253418 0.793457
vt 3.246094 0.776367
vt 3.236816 0.807617
vt 3.233398 0.797363
vt 3.226074 0.786133
vt 3.218750 0.796387
vt 3.224609 0.809082
vt 3.222656 0.804688
vt 3.219727 0.811035
vt 3.218750 0.806641
vt 3.214355 0.806641
vt 3.213867 0.810547
vt 0.331055 0.835938
vt 0.321777 0.835938
vt 0.321777 0.866699
vt 0.331055 0.866699
vt 0.351562 0.835938
vt 0.351562 0.866699
vt 0.360352 0.835938
vt 0.360352 0.866699
vt 0.369141 0.835938
vt 0.369141 0.866699
vt 0.374512 0.835938
vt 0.374512 0.866699
vt 0.382324 0.835938
vt 0.382324 0.866699
vt 0.404785 0.835938
vt 0.404785 0.866699
vt 0.423828 0.835938
vt 0.423828 0.866699
vt 0.430664 0.835938
vt 0.430664 0.866699
vt 0.437988 0.835938
vt 0.437988 0.866699
vt 0.448242 0.835938
vt 0.448242 0.866699
vt 0.463379 0.835938
vt 0.463379 0.866699
vt 0.477051 0.835938
vt 0.477051 0.866699
vt 0.489258 0.835938
vt 0.489258 0.866699
vt 0.504395 0.835938
vt 0.504395 0.866699
vt 0.517090 0.835938
vt 0.517090 0.866699
vt 0.539551 0.866699
vt 0.539551 0.835938
vt 0.559570 0.835938
vt 0.559570 0.866699
vt 0.574219 0.835938
vt 0.574219 0.866699
vt 0.583496 0.835938
vt 0.583496 0.866699
vt 0.589355 0.835938
vt 0.595703 0.866699
vt 3.037598 0.853516
vt 3.033203 0.857422
vt 3.036133 0.859863
vt 3.039551 0.862793
vt 3.041992 0.850098
vt 3.052246 0.867188
vt 3.065430 0.860352
vt 3.045898 0.847168
vt 3.051758 0.843262
vt 3.075684 0.838867
vt 3.060547 0.838867
vt 3.072754 0.833984
vt 3.083984 0.828125
vt 3.084961 0.830078
vt 3.096191 0.828613
vt 3.095703 0.822266
vt 3.106445 0.814941
vt 3.110840 0.832031
vt 3.113281 0.811035
vt 3.119629 0.809570
vt 0.329590 0.835938
vt 0.329590 0.866699
vt 0.338379 0.835938
vt 0.338379 0.866699
vt 0.354004 0.835938
vt 0.354004 0.866699
vt 0.388672 0.835938
vt 0.388672 0.866699
vt 0.421875 0.835938
vt 0.421875 0.866699
vt 0.439941 0.835938
vt 0.439941 0.866699
vt 0.458008 0.835938
vt 0.458008 0.866699
vt 0.479492 0.866699
vt 0.479492 0.835938
vt 0.506836 0.866699
vt 0.506836 0.835938
vt 0.525879 0.866699
vt 0.525879 0.835938
vt 0.551270 0.866699
vt 0.551270 0.835938
vt 0.569336 0.835938
vt 0.569336 0.866699
vt 0.583984 0.835938
vt 0.583984 0.866699
vt 0.596191 0.866699
vt 0.596191 0.835938
vt 0.340332 0.835938
vt 0.340332 0.866699
vt 0.354980 0.835938
vt 0.354980 0.866699
vt 0.378418 0.835938
vt 0.378418 0.866699
vt 0.492676 0.866699
vt 0.492676 0.835938
vt 0.555176 0.866699
vt 0.555176 0.835938
vt 3.147949 0.792969
vt 3.163086 0.783691
vt 3.162598 0.781738
vt 3.145508 0.792480
vt 3.142090 0.807617
vt 3.138184 0.797363
vt 3.126953 0.802734
vt 0.579590 0.835938
vt 0.579590 0.866699
vt 0.547363 0.835938
vt 0.547363 0.866699
vt 0.533203 0.835938
vt 0.533203 0.866699
vt 0.512695 0.835938
vt 0.512695 0.866699
vt 0.497070 0.835938
vt 0.497070 0.866699
vt 0.485352 0.835938
vt 0.485352 0.866699
vt 0.471191 0.835938
vt 0.471191 0.866699
vt 0.450195 0.835938
vt 0.450195 0.866699
vt 0.427734 0.835938
vt 0.427734 0.866699
vt 0.407715 0.835938
vt 0.407715 0.866699
vt 0.386230 0.835938
vt 0.386230 0.866699
vt 0.368652 0.835938
vt 0.368652 0.866699
vt 0.355957 0.866699
vt 0.355957 0.835938
vt 0.345215 0.866699
vt 0.345215 0.835938
vt 0.334473 0.866699
vt 0.334473 0.835938
vt 0.575684 0.835938
vt 0.575684 0.866699
vt 0.541016 0.835938
vt 0.541016 0.866699
vt 0.502441 0.835938
vt 0.502441 0.866699
vt 0.463867 0.835938
vt 0.463867 0.866699
vt 0.433594 0.835938
vt 0.433594 0.866699
vt 0.404297 0.835938
vt 0.404297 0.866699
vt 0.367188 0.835938
vt 0.367188 0.866699
vt 0.348145 0.835938
vt 0.348145 0.866699
vt 3.553711 0.695801
vt 3.569824 0.681152
vt 3.539062 0.709961
vt 3.520020 0.727539
vt 3.506348 0.740234
vt 3.488770 0.752930
vt 3.465332 0.760254
vt 3.444824 0.771973
vt 3.583496 0.669922
vt 3.596191 0.656738
vt 3.604492 0.648926
vt 3.609863 0.633301
vt 3.620605 0.623535
vt 3.640137 0.644043
vt 3.481445 0.784180
vt 3.635254 0.655762
vt 3.462891 0.804199
vt 3.444824 0.805176
vt 3.632324 0.667480
vt 3.431641 0.781250
vt 3.416504 0.774414
vt 3.431641 0.801270
vt 3.447266 0.823730
vt 3.437500 0.823730
vt 3.422852 0.822266
vt 3.456543 0.824219
vt 3.474121 0.823730
vt 3.492188 0.807617
vt 3.506348 0.778809
vt 3.520508 0.771484
vt 3.546875 0.754883
vt 3.532715 0.763672
vt 3.567871 0.740723
vt 3.587891 0.725586
vt 3.419434 0.792969
vt 3.392578 0.762695
vt 3.404297 0.821289
vt 3.396484 0.818848
vt 3.603516 0.710938
vt 3.619141 0.699219
vt 3.500000 0.822266
vt 3.520996 0.807617
vt 3.531250 0.822754
vt 3.546387 0.805176
vt 3.560547 0.822754
vt 3.568848 0.804199
vt 3.585938 0.795898
vt 3.586914 0.824219
vt 3.609863 0.822754
vt 3.604980 0.779297
vt 3.633789 0.817871
vt 3.647461 0.789551
vt 3.620605 0.760742
vt 3.638184 0.746582
vt 3.667480 0.781738
vt 3.661133 0.808594
vt 3.682617 0.802246
vt 3.688477 0.770020
vt 3.707520 0.793945
vt 3.656250 0.735840
vt 3.706543 0.760254
vt 3.728516 0.787598
vt 3.733887 0.748535
vt 3.752441 0.774902
vt 3.763184 0.732910
vt 3.702637 0.708008
vt 3.780762 0.761230
vt 3.733398 0.688965
vt 3.791992 0.720215
vt 3.808594 0.746582
vt 3.809570 0.710449
vt 3.826172 0.737793
vt 3.830078 0.720215
vt 3.819824 0.705078
vt 3.837891 0.713867
vt 3.827148 0.699219
vt 3.845703 0.705566
vt 3.833496 0.690430
vt 3.854004 0.694336
vt 3.800293 0.659180
vt 3.841797 0.680664
vt 3.858887 0.684082
vt 3.846680 0.669922
vt 3.865723 0.676270
vt 3.853027 0.663086
vt 3.864258 0.652832
vt 3.876953 0.665527
vt 3.889160 0.652344
vt 3.876953 0.639160
vt 3.900391 0.639160
vt 3.888672 0.627930
vt 3.912109 0.625977
vt 3.808105 0.652832
vt 3.814941 0.642090
vt 3.821289 0.631348
vt 3.773926 0.612793
vt 3.788086 0.601074
vt 3.806152 0.590332
vt 3.900879 0.615234
vt 3.923340 0.608398
vt 3.912109 0.597168
vt 3.932617 0.594727
vt 3.833984 0.619141
vt 3.847656 0.606445
vt 3.868652 0.588867
vt 3.820312 0.577148
vt 3.767578 0.579102
vt 3.750488 0.590332
vt 3.764160 0.621582
vt 3.782227 0.564453
vt 3.743164 0.547852
vt 3.758301 0.536133
vt 3.796875 0.551270
vt 3.772461 0.524414
vt 3.733398 0.554688
vt 3.718262 0.564453
vt 3.738281 0.598145
vt 3.703125 0.572754
vt 3.676270 0.588379
vt 3.723145 0.605957
vt 3.660645 0.599609
vt 3.644043 0.608887
vt 3.664062 0.645020
vt 3.654297 0.663086
vt 3.632324 0.686523
vt 3.675781 0.721680
vt 3.675781 0.684570
vt 3.708496 0.648926
vt 3.685547 0.652832
vt 3.759277 0.675781
vt 3.737793 0.634277
vt 3.752930 0.627441
vt 3.696777 0.622559
vt 3.681152 0.634277
vt 3.785645 0.667480
vt 3.791504 0.666016
vt 3.812988 0.536133
vt 3.787598 0.509277
vt 3.801270 0.498535
vt 3.814941 0.482910
vt 3.822266 0.475098
vt 3.844727 0.505859
vt 3.828613 0.466309
vt 3.850586 0.500000
vt 3.857422 0.491699
vt 3.837402 0.453125
vt 3.876953 0.520508
vt 3.866699 0.477539
vt 3.884277 0.511230
vt 3.895020 0.498535
vt 3.913086 0.530762
vt 3.903320 0.489746
vt 3.924316 0.517578
vt 3.873535 0.464844
vt 3.909180 0.482422
vt 3.931641 0.512207
vt 3.936523 0.503906
vt 3.954590 0.529785
vt 3.956055 0.518555
vt 3.844238 0.440918
vt 3.880371 0.457520
vt 3.851074 0.432617
vt 3.863770 0.418457
vt 3.876465 0.403809
vt 3.886230 0.394531
vt 3.896484 0.386230
vt 3.915527 0.420410
vt 3.916016 0.373047
vt 3.924316 0.413574
vt 3.937012 0.439453
vt 3.939941 0.397949
vt 3.947266 0.431152
vt 3.952637 0.451660
vt 3.966309 0.445801
vt 3.970215 0.420898
vt 3.954590 0.378418
vt 3.981934 0.431152
vt 3.987305 0.406738
vt 3.978027 0.454590
vt 3.977051 0.397949
vt 3.991699 0.376465
vt 3.969727 0.461914
vt 3.979004 0.467773
vt 3.968262 0.474121
vt 3.977051 0.479492
vt 3.963379 0.488281
vt 3.973145 0.495605
vt 3.958496 0.505371
vt 3.967285 0.512695
vt 3.964844 0.525391
vt 3.962891 0.536621
vt 3.949707 0.540527
vt 3.958984 0.546875
vt 3.942871 0.548828
vt 3.952637 0.557617
vt 3.937012 0.558594
vt 3.947266 0.567383
vt 3.904785 0.542480
vt 3.935059 0.569336
vt 3.943848 0.577637
vt 3.929688 0.575195
vt 3.939453 0.583496
vt 3.922852 0.583984
vt 3.899902 0.548828
vt 3.870605 0.529297
vt 3.950195 0.462402
vt 3.928711 0.448242
vt 3.906250 0.429688
vt 3.893066 0.558105
vt 3.863770 0.536621
vt 3.826172 0.523926
vt 3.836426 0.560059
vt 3.853516 0.548340
vt 3.884277 0.575195
vt 3.886230 0.451172
vt 3.893555 0.442871
vt 3.920898 0.463867
vt 3.914062 0.474121
vt 3.940430 0.493164
vt 3.944336 0.477539
vt 3.982422 0.369141
vt 3.996094 0.354492
vt 3.988770 0.351562
vt 3.996094 0.334961
vt 3.992188 0.334961
vt 3.994141 0.331543
vt 3.988281 0.319336
vt 3.974121 0.340332
vt 3.976562 0.318359
vt 3.967773 0.319824
vt 3.959473 0.343750
vt 3.954590 0.326172
vt 3.943359 0.338379
vt 3.946289 0.347168
vt 3.928223 0.352051
vt 3.927734 0.348633
vt 3.905273 0.358887
vt 3.904297 0.356934
vt 3.893555 0.357910
vt 3.887695 0.354980
vt 3.886230 0.350098
vt 3.896484 0.352539
vt 3.899414 0.346680
vt 3.888184 0.340332
vt 3.901855 0.352051
vt 3.914062 0.335938
vt 3.894043 0.320312
vt 3.922852 0.344238
vt 3.926758 0.321777
vt 3.938965 0.333984
vt 3.947754 0.325195
vt 3.899902 0.294434
vt 3.934570 0.310059
vt 3.962402 0.316895
vt 3.908691 0.271973
vt 3.903809 0.269531
vt 3.943359 0.298340
vt 3.949707 0.290527
vt 3.970703 0.314941
vt 3.981934 0.314453
vt 0.578125 0.835938
vt 0.578125 0.866699
vt 0.553711 0.835938
vt 0.553711 0.866699
vt 0.532715 0.835938
vt 0.532715 0.866699
vt 0.510742 0.835938
vt 0.510742 0.866699
vt 0.489746 0.835938
vt 0.489746 0.866699
vt 0.470215 0.835938
vt 0.470215 0.866699
vt 0.455566 0.835938
vt 0.455566 0.866699
vt 0.440918 0.835938
vt 0.440918 0.866699
vt 0.424805 0.835938
vt 0.424805 0.866699
vt 0.409668 0.835938
vt 0.409668 0.866699
vt 0.396973 0.835938
vt 0.396973 0.866699
vt 0.380859 0.835938
vt 0.380859 0.866699
vt 0.358887 0.866699
vt 0.358887 0.835938
vt 0.342773 0.866699
vt 0.342773 0.835938
vt 0.353027 0.866699
vt 0.353027 0.835938
vt 0.384766 0.866699
vt 0.384766 0.835938
vt 0.402832 0.866699
vt 0.402832 0.835938
vt 0.417480 0.866699
vt 0.417480 0.835938
vt 0.432617 0.866699
vt 0.432617 0.835938
vt 0.450684 0.866699
vt 0.450684 0.835938
vt 0.474121 0.866699
vt 0.474121 0.835938
vt 0.499512 0.866699
vt 0.499512 0.835938
vt 0.515137 0.866699
vt 0.515137 0.835938
vt 0.530762 0.866699
vt 0.530762 0.835938
vt 0.562500 0.866699
vt 0.562500 0.835938
vt 0.322266 0.835938
vt 0.322266 0.866699
vt 0.387207 0.866699
vt 0.387207 0.835938
vt 0.437012 0.866699
vt 0.437012 0.835938
vt 0.496094 0.866699
vt 0.491699 0.836426
vt 0.521484 0.835938
vt 0.510254 0.866699
vt 0.510254 0.835938
vt 0.462891 0.866699
vt 0.462891 0.835938
vt 0.425293 0.866699
vt 0.425293 0.835938
vt 0.400879 0.866699
vt 0.400879 0.835938
vt 0.385254 0.835938
vt 0.385254 0.866699
vt 0.372559 0.835938
vt 0.372559 0.866699
vt 0.381836 0.835938
vt 0.381836 0.866699
vt 0.419922 0.835938
vt 0.419922 0.866699
vt 0.449707 0.835938
vt 0.449707 0.866699
vt 0.486328 0.835938
vt 0.486328 0.866699
vt 0.516602 0.835938
vt 0.516602 0.866699
vt 0.554688 0.835938
vt 0.554688 0.866699
vt 0.321777 0.836426
vt 0.341797 0.866699
vt 0.341797 0.836426
vt 0.397949 0.836426
vt 0.397949 0.866699
vt 0.443848 0.836426
vt 0.443848 0.866699
vt 0.479980 0.866699
vt 0.479980 0.836426
vt 0.519043 0.836426
vt 0.519043 0.866699
vt 0.542969 0.866699
vt 0.542969 0.836426
vt 0.571289 0.836426
vt 0.571289 0.866699
vt 3.540527 0.117676
vt 3.544434 0.135254
vt 3.517090 0.121094
vt 3.502930 0.103027
vt 3.504883 0.101562
vt 3.495605 0.104980
vt 3.493164 0.089844
vt 3.495117 0.087891
vt 3.491699 0.114258
vt 3.468750 0.106934
vt 3.479980 0.102051
vt 3.485352 0.092773
vt 3.477539 0.073730
vt 3.480469 0.071289
vt 3.470215 0.076172
vt 3.452637 0.051758
vt 3.455078 0.048828
vt 3.446289 0.056641
vt 3.439941 0.042969
vt 3.441406 0.040039
vt 3.434570 0.047852
vt 3.419434 0.026855
vt 3.420898 0.025879
vt 3.408691 0.016602
vt 3.414551 0.032715
vt 3.407227 0.018066
vt 3.410156 0.034668
vt 3.404297 0.019531
vt 3.384766 0.031250
vt 3.373535 0.020996
vt 3.368164 0.029785
vt 3.377930 0.036621
vt 3.395020 0.045410
vt 3.372070 0.038086
vt 3.386719 0.050293
vt 3.374023 0.047852
vt 3.390625 0.065430
vt 3.363770 0.038086
vt 3.402832 0.063477
vt 3.399414 0.041992
vt 3.401367 0.020508
vt 3.390137 0.028320
vt 3.408203 0.061523
vt 3.422363 0.056641
vt 3.426270 0.072754
vt 3.363770 0.030273
vt 3.360352 0.036621
vt 3.354980 0.048828
vt 3.358887 0.049805
vt 3.362305 0.049805
vt 3.361328 0.066895
vt 3.375488 0.066895
vt 3.354492 0.066895
vt 3.351074 0.065430
vt 3.353516 0.083984
vt 3.347168 0.086426
vt 3.353516 0.100098
vt 3.360352 0.085449
vt 3.375000 0.082520
vt 3.391113 0.080078
vt 3.378418 0.096191
vt 3.391602 0.094727
vt 3.403809 0.081543
vt 3.381348 0.110352
vt 3.360840 0.100586
vt 3.355469 0.114746
vt 3.344727 0.111328
vt 3.361816 0.114746
vt 3.356445 0.126465
vt 3.364258 0.125977
vt 3.357422 0.138184
vt 3.366699 0.137207
vt 3.383789 0.121582
vt 3.386230 0.133301
vt 3.392090 0.108887
vt 3.396484 0.119629
vt 3.403809 0.095215
vt 3.403809 0.108887
vt 3.408203 0.118652
vt 3.400391 0.129883
vt 3.412598 0.128418
vt 3.410156 0.149902
vt 3.395996 0.156738
vt 3.371582 0.151367
vt 3.365723 0.154785
vt 3.377930 0.163574
vt 3.374512 0.164551
vt 3.394043 0.187500
vt 3.410156 0.178711
vt 3.424316 0.168457
vt 3.435547 0.161133
vt 3.442871 0.157715
vt 3.430176 0.139648
vt 3.415527 0.093262
vt 3.411621 0.080078
vt 3.431152 0.085938
vt 3.421875 0.144043
vt 3.428223 0.124512
vt 3.423828 0.115723
vt 3.419434 0.106445
vt 3.436035 0.099121
vt 3.434082 0.082031
vt 3.432617 0.068848
vt 3.426758 0.052246
vt 3.431152 0.051270
vt 3.436035 0.065430
vt 3.445312 0.075684
vt 3.445312 0.092285
vt 3.451660 0.102539
vt 3.441406 0.108398
vt 3.457520 0.112305
vt 3.442383 0.062012
vt 3.463867 0.083008
vt 3.455078 0.085938
vt 3.461914 0.096680
vt 3.452148 0.130859
vt 3.446289 0.117676
vt 3.345215 0.099609
vt 3.317871 0.160645
vt 3.329102 0.147949
vt 3.336426 0.132324
vt 3.032227 0.190430
vt 3.042969 0.199219
vt 3.022949 0.192871
vt 3.027344 0.191895
vt 3.018066 0.192871
vt 3.060059 0.214355
vt 3.085449 0.229980
vt 3.075684 0.221680
vt 3.128418 0.238281
vt 3.113281 0.236328
vt 3.098145 0.236328
vt 3.099609 0.234375
vt 3.032715 0.326660
vt 3.025391 0.313477
vt 3.339844 0.123535
vt 3.343262 0.114258
vt 3.073730 0.224121
vt 3.062500 0.422363
vt 3.071777 0.421387
vt 3.073730 0.416016
vt 3.060547 0.415527
vt 3.072266 0.408691
vt 3.052734 0.404297
vt 3.057129 0.386230
vt 3.045898 0.392578
vt 3.064453 0.396484
vt 3.069824 0.378906
vt 3.083008 0.404297
vt 3.090332 0.402344
vt 3.072266 0.375488
vt 3.061523 0.369141
vt 3.061035 0.357910
vt 3.055664 0.361328
vt 3.052246 0.355957
vt 3.053711 0.347168
vt 3.049316 0.351074
vt 3.040527 0.340820
vt 3.043457 0.338867
vt 3.046875 0.335449
vt 3.034180 0.325684
vt 3.029297 0.312012
vt 3.013672 0.289062
vt 3.015625 0.287598
vt 3.024902 0.285645
vt 3.034668 0.308594
vt 3.041992 0.324219
vt 3.040527 0.307129
vt 3.050781 0.330078
vt 3.059082 0.343262
vt 3.064941 0.354492
vt 3.076172 0.371582
vt 3.100098 0.401367
vt 3.112793 0.392090
vt 3.089355 0.364746
vt 3.123535 0.379883
vt 3.131836 0.376465
vt 3.145508 0.365234
vt 3.157227 0.355469
vt 3.166016 0.347656
vt 3.173340 0.340332
vt 3.176758 0.337891
vt 3.183105 0.330566
vt 3.114746 0.345215
vt 3.109863 0.349121
vt 3.085449 0.351074
vt 3.066895 0.334473
vt 3.079590 0.336914
vt 3.058594 0.318359
vt 3.051270 0.297852
vt 3.032715 0.282715
vt 3.067871 0.313477
vt 3.059570 0.292969
vt 3.043457 0.278320
vt 3.072266 0.285645
vt 3.082031 0.303711
vt 3.079590 0.281738
vt 3.102051 0.334473
vt 3.093750 0.321777
vt 3.107422 0.331055
vt 3.101074 0.318359
vt 3.120117 0.318359
vt 3.131836 0.332520
vt 3.144043 0.320312
vt 3.149414 0.312988
vt 3.024902 0.258301
vt 3.017578 0.260742
vt 3.033203 0.254395
vt 3.018066 0.235840
vt 3.052734 0.269043
vt 3.041992 0.248047
vt 3.154297 0.309082
vt 3.156738 0.304199
vt 3.191895 0.319336
vt 3.162598 0.296875
vt 3.208008 0.298340
vt 3.213867 0.291504
vt 3.219727 0.284668
vt 3.223145 0.279785
vt 3.190430 0.266602
vt 3.251465 0.269043
vt 3.228027 0.265137
vt 3.213867 0.262695
vt 3.231934 0.259277
vt 3.219727 0.251953
vt 3.229980 0.241699
vt 3.239258 0.253906
vt 3.251953 0.252930
vt 3.259766 0.250488
vt 3.250000 0.240723
vt 3.259277 0.237793
vt 3.248047 0.234375
vt 3.180176 0.275879
vt 3.184570 0.270996
vt 3.143066 0.277832
vt 3.166016 0.255859
vt 3.161133 0.260254
vt 3.138672 0.281738
vt 3.131348 0.287109
vt 3.133301 0.305664
vt 3.110352 0.302734
vt 3.123535 0.292480
vt 3.110840 0.282715
vt 3.119141 0.275879
vt 3.103027 0.290039
vt 3.092285 0.270508
vt 3.091309 0.301270
vt 3.268066 0.263184
vt 3.267578 0.249512
vt 3.284180 0.253906
vt 3.271973 0.235352
vt 3.289062 0.230469
vt 3.257812 0.233398
vt 3.282715 0.231445
vt 3.131348 0.266113
vt 3.126953 0.269043
vt 3.116699 0.251465
vt 3.111816 0.254883
vt 3.100586 0.262695
vt 3.103516 0.248047
vt 3.083496 0.247070
vt 3.075195 0.251953
vt 3.073242 0.240723
vt 3.060059 0.232910
vt 3.079102 0.235352
vt 3.066406 0.230469
vt 3.107422 0.243652
vt 3.113281 0.238770
vt 3.094238 0.238281
vt 3.147949 0.246094
vt 3.125977 0.242188
vt 3.142578 0.250488
vt 3.153809 0.241699
vt 3.173340 0.255371
vt 3.165039 0.246094
vt 3.192383 0.256836
vt 3.177734 0.251953
vt 3.196289 0.252441
vt 3.187500 0.244629
vt 3.197266 0.244141
vt 3.214355 0.242676
vt 3.199707 0.238770
vt 3.215332 0.236816
vt 3.210938 0.217285
vt 3.226562 0.212402
vt 3.220703 0.201172
vt 3.231934 0.235840
vt 3.237793 0.212402
vt 3.250977 0.210938
vt 3.230957 0.198242
vt 3.242676 0.194336
vt 3.253418 0.204102
vt 3.253418 0.188477
vt 3.262207 0.200684
vt 3.259766 0.211426
vt 3.267090 0.213379
vt 3.272461 0.199707
vt 3.267090 0.184570
vt 3.283691 0.198242
vt 3.284668 0.177246
vt 3.296875 0.211426
vt 3.298828 0.204102
vt 3.297363 0.194336
vt 3.306641 0.199219
vt 3.312988 0.178223
vt 3.304688 0.168457
vt 3.276367 0.215820
vt 3.288574 0.215820
vt 3.270508 0.230469
vt 3.284180 0.228516
vt 3.290039 0.225586
vt 3.296875 0.227051
vt 3.305176 0.220703
vt 3.294434 0.222168
vt 3.301758 0.218262
vt 3.305664 0.205078
vt 3.311523 0.203125
vt 3.320312 0.182129
vt 3.327637 0.184082
vt 3.320312 0.163086
vt 3.331543 0.167480
vt 3.334961 0.149414
vt 3.340332 0.142578
vt 3.344238 0.125000
vt 3.345215 0.135742
vt 3.346680 0.123535
vt 3.335938 0.193848
vt 3.318359 0.204102
vt 3.331055 0.213867
vt 3.346191 0.197266
vt 3.361328 0.196777
vt 3.344238 0.172852
vt 3.339355 0.151367
vt 3.350098 0.155273
vt 3.344238 0.143555
vt 3.348633 0.135742
vt 3.361328 0.170410
vt 3.369629 0.167969
vt 3.387695 0.189941
vt 3.377930 0.192383
vt 3.002441 0.240723
vt 3.005371 0.262207
vt 3.013184 0.288086
vt 3.008789 0.261719
vt 3.005371 0.240723
vt 3.011719 0.239258
vt 3.010254 0.220215
vt 3.017090 0.216309
vt 3.025391 0.208496
vt 3.014160 0.197754
vt 3.029297 0.230469
vt 3.023926 0.236328
vt 3.013672 0.219238
vt 3.037598 0.226562
vt 3.047363 0.243164
vt 3.059570 0.263672
vt 3.066406 0.259766
vt 3.054199 0.239746
vt 3.049805 0.220703
vt 3.043945 0.224121
vt 3.032227 0.206543
vt 3.035156 0.205566
vt 3.040527 0.202148
vt 3.041504 0.200684
vt 3.057617 0.216309
vt 3.055176 0.218262
vt 3.069824 0.227539
vt 3.082520 0.232422
vt 3.046387 0.769531
vt 3.034180 0.771484
vt 3.026855 0.773438
vt 3.037109 0.813477
vt 3.028320 0.819824
vt 3.032715 0.854004
vt 3.037109 0.850586
vt 3.041504 0.847168
vt 3.045898 0.843750
vt 3.050293 0.808594
vt 3.051270 0.840820
vt 3.060059 0.835449
vt 3.066406 0.801758
vt 3.072754 0.830566
vt 3.060547 0.766602
vt 3.063477 0.730469
vt 3.063965 0.728516
vt 3.083496 0.728516
vt 3.081543 0.730957
vt 3.090820 0.731934
vt 3.091309 0.728516
vt 3.071289 0.768066
vt 3.078125 0.802246
vt 3.083496 0.825684
vt 3.095215 0.818848
vt 3.092773 0.800293
vt 3.105957 0.812012
vt 3.103027 0.795898
vt 3.112793 0.808105
vt 3.088379 0.765137
vt 3.110352 0.791504
vt 3.119141 0.806641
vt 3.116211 0.789551
vt 3.126465 0.800293
vt 3.123047 0.787598
vt 3.137207 0.794434
vt 3.140625 0.778320
vt 3.144531 0.789551
vt 3.161133 0.778320
vt 3.157715 0.771484
vt 3.169434 0.771973
vt 3.166016 0.765625
vt 3.151367 0.750977
vt 3.158691 0.747070
vt 3.153320 0.733887
vt 3.145508 0.733398
vt 3.126953 0.732910
vt 3.134277 0.756348
vt 3.115234 0.764648
vt 3.103516 0.764648
vt 3.097168 0.732910
vt 3.096680 0.728027
vt 3.100586 0.728027
vt 3.107422 0.733398
vt 3.106445 0.729980
s 1
usemtl CapeMat
f 1/1/1 2/2/2 3/3/3
f 3/3/3 4/4/4 1/1/1
f 5/5/5 4/4/4 3/3/3
f 3/3/3 6/6/6 5/5/5
f 5/5/5 6/6/6 7/7/7
f 7/7/7 8/8/8 5/5/5
f 9/9/9 8/8/8 7/7/7
f 7/7/7 10/10/10 9/9/9
f 11/11/11 3/3/3 2/2/2
f 12/12/12 6/6/6 3/3/3
f 3/3/3 11/11/11 12/12/12
f 13/13/13 7/7/7 6/6/6
f 6/6/6 12/12/12 13/13/13
f 7/7/7 13/13/13 14/14/14
f 14/14/14 10/10/10 7/7/7
f 12/12/12 11/11/11 15/15/15
f 2/2/2 16/16/16 11/11/11
f 15/15/15 11/11/11 17/17/17
f 17/17/17 11/11/11 16/16/16
f 15/15/15 18/18/18 12/12/12
f 12/12/12 18/18/18 13/13/13
f 17/17/17 18/18/18 15/15/15
f 16/16/16 19/19/19 17/17/17
f 16/16/16 2/2/2 20/20/20
f 19/19/19 16/16/16 21/21/21
f 21/21/21 16/16/16 20/20/20
f 20/20/20 2/2/2 22/22/22
f 22/22/22 2/2/2 1/1/1
f 1/1/1 23/23/23 22/22/22
f 22/22/22 24/24/24 20/20/20
f 24/24/24 21/21/21 20/20/20
f 22/22/22 23/23/23 25/25/25
f 24/24/24 22/22/22 26/26/26
f 25/25/25 26/26/26 22/22/22
f 21/21/21 24/24/24 27/27/27
f 24/24/24 28/28/28 27/27/27
f 26/26/26 28/28/28 24/24/24
f 27/27/27 29/29/29 21/21/21
f 29/29/29 30/30/30 21/21/21
f 21/21/21 30/30/30 19/19/19
f 26/26/26 25/25/25 31/31/31
f 31/31/31 32/32/32 26/26/26
f 26/26/26 32/32/32 33/33/33
f 33/33/33 28/28/28 26/26/26
f 34/34/34 9/9/9 10/10/10
f 10/10/10 14/14/14 35/35/35
f 10/10/10 36/36/36 34/34/34
f 35/35/35 36/36/36 10/10/10
f 37/37/37 34/34/34 36/36/36
f 36/36/36 38/38/38 37/37/37
f 39/39/39 38/38/38 36/36/36
f 36/36/36 35/35/35 39/39/39
f 40/40/40 37/37/37 38/38/38
f 38/38/38 39/39/39 41/41/41
f 41/41/41 42/42/42 38/38/38
f 38/38/38 42/42/42 40/40/40
f 42/42/42 41/41/41 43/43/43
f 44/44/44 40/40/40 42/42/42
f 43/43/43 45/45/45 42/42/42
f 42/42/42 45/45/45 44/44/44
f 45/45/45 43/43/43 46/46/46
f 46/46/46 47/47/47 45/45/45
f 45/45/45 47/47/47 48/48/48
f 48/48/48 44/44/44 45/45/45
f 47/47/47 46/46/46 49/49/49
f 50/50/50 48/48/48 47/47/47
f 49/49/49 51/51/51 47/47/47
f 47/47/47 51/51/51 50/50/50
f 52/52/52 49/49/49 46/46/46
f 46/46/46 53/53/53 52/52/52
f 53/53/53 46/46/46 43/43/43
f 54/54/54 39/39/39 35/35/35
f 39/39/39 54/54/54 55/55/55
f 55/55/55 41/41/41 39/39/39
f 41/41/41 55/55/55 56/56/56
f 56/56/56 43/43/43 41/41/41
f 43/43/43 56/56/56 53/53/53
f 35/35/35 57/57/57 54/54/54
f 58/58/58 57/57/57 35/35/35
f 35/35/35 14/14/14 58/58/58
f 14/14/14 13/13/13 59/59/59
f 59/59/59 58/58/58 14/14/14
f 18/18/18 59/59/59 13/13/13
f 18/18/18 60/60/60 59/59/59
f 61/61/61 60/60/60 18/18/18
f 18/18/18 17/17/17 61/61/61
f 62/62/62 61/61/61 17/17/17
f 62/62/62 17/17/17 19/19/19
f 62/62/62 19/19/19 30/30/30
f 30/30/30 63/63/63 62/62/62
f 63/63/63 30/30/30 29/29/29
f 29/29/29 27/27/27 64/64/64
f 64/64/64 27/27/27 28/28/28
f 64/64/64 65/65/65 29/29/29
f 29/29/29 65/65/65 63/63/63
f 28/28/28 66/66/66 64/64/64
f 28/28/28 33/33/33 67/67/67
f 67/67/67 66/66/66 28/28/28
f 68/68/68 57/57/57 58/58/58
f 57/57/57 68/68/68 69/69/69
f 69/69/69 54/54/54 57/57/57
f 54/54/54 69/69/69 70/70/70
f 70/70/70 55/55/55 54/54/54
f 55/55/55 70/70/70 71/71/71
f 71/71/71 56/56/56 55/55/55
f 72/72/72 58/58/58 59/59/59
f 58/58/58 72/72/72 68/68/68
f 59/59/59 73/73/73 72/72/72
f 73/73/73 59/59/59 60/60/60
f 60/60/60 74/74/74 73/73/73
f 74/74/74 60/60/60 61/61/61
f 63/63/63 65/65/65 75/75/75
f 76/76/76 75/75/75 65/65/65
f 65/65/65 64/64/64 76/76/76
f 77/77/77 76/76/76 64/64/64
f 64/64/64 66/66/66 77/77/77
f 78/78/78 77/77/77 66/66/66
f 66/66/66 67/67/67 78/78/78
f 76/76/76 77/77/77 79/79/79
f 77/77/77 78/78/78 80/80/80
f 80/80/80 79/79/79 77/77/77
f 79/79/79 81/81/81 76/76/76
f 75/75/75 76/76/76 81/81/81
f 81/81/81 82/82/82 75/75/75
f 83/83/83 75/75/75 82/82/82
f 75/75/75 83/83/83 63/63/63
f 84/84/84 63/63/63 83/83/83
f 82/82/82 85/85/85 83/83/83
f 83/83/83 85/85/85 84/84/84
f 63/63/63 84/84/84 86/86/86
f 86/86/86 62/62/62 63/63/63
f 87/87/87 86/86/86 84/84/84
f 84/84/84 85/85/85 87/87/87
f 87/87/87 88/88/88 86/86/86
f 62/62/62 86/86/86 88/88/88
f 88/88/88 89/89/89 62/62/62
f 62/62/62 89/89/89 90/90/90
f 90/90/90 61/61/61 62/62/62
f 61/61/61 90/90/90 91/91/91
f 61/61/61 91/91/91 74/74/74
f 92/92/92 53/53/53 56/56/56
f 56/56/56 71/71/71 92/92/92
f 53/53/53 92/92/92 93/93/93
f 93/93/93 52/52/52 53/53/53
f 94/94/94 88/88/88 87/87/87
f 52/52/52 93/93/93 95/95/95
f 95/95/95 96/96/96 52/52/52
f 49/49/49 52/52/52 96/96/96
f 97/97/97 89/89/89 88/88/88
f 97/97/97 88/88/88 94/94/94
f 90/90/90 89/89/89 98/98/98
f 98/98/98 89/89/89 97/97/97
f 98/98/98 99/99/99 90/90/90
f 100/100/100 97/97/97 94/94/94
f 97/97/97 101/101/101 98/98/98
f 100/100/100 101/101/101 97/97/97
f 99/99/99 98/98/98 101/101/101
f 81/81/81 79/79/79 102/102/102
f 103/103/103 102/102/102 79/79/79
f 102/102/102 104/104/104 81/81/81
f 82/82/82 81/81/81 104/104/104
f 79/79/79 80/80/80 103/103/103
f 100/100/100 94/94/94 105/105/105
f 94/94/94 87/87/87 105/105/105
f 106/106/106 105/105/105 87/87/87
f 87/87/87 85/85/85 106/106/106
f 106/106/106 85/85/85 82/82/82
f 82/82/82 107/107/107 106/106/106
f 104/104/104 107/107/107 82/82/82
f 108/108/108 105/105/105 106/106/106
f 91/91/91 90/90/90 109/109/109
f 109/109/109 110/110/110 91/91/91
f 74/74/74 91/91/91 110/110/110
f 110/110/110 111/111/111 74/74/74
f 74/74/74 111/111/111 112/112/112
f 112/112/112 73/73/73 74/74/74
f 72/72/72 73/73/73 112/112/112
f 112/112/112 113/113/113 72/72/72
f 72/72/72 113/113/113 114/114/114
f 114/114/114 68/68/68 72/72/72
f 68/68/68 114/114/114 115/115/115
f 115/115/115 69/69/69 68/68/68
f 69/69/69 115/115/115 116/116/116
f 116/116/116 70/70/70 69/69/69
f 71/71/71 70/70/70 116/116/116
f 116/116/116 117/117/117 71/71/71
f 71/71/71 117/117/117 118/118/118
f 118/118/118 92/92/92 71/71/71
f 92/92/92 118/118/118 119/119/119
f 119/119/119 93/93/93 92/92/92
f 93/93/93 119/119/119 120/120/120
f 120/120/120 95/95/95 93/93/93
f 95/95/95 120/120/120 121/121/121
f 121/121/121 122/122/122 95/95/95
f 96/96/96 95/95/95 122/122/122
f 122/122/122 123/123/123 96/96/96
f 124/124/124 96/96/96 123/123/123
f 96/96/96 124/124/124 49/49/49
f 51/51/51 49/49/49 124/124/124
f 123/123/123 125/125/125 124/124/124
f 126/126/126 124/124/124 125/125/125
f 124/124/124 126/126/126 51/51/51
f 51/51/51 126/126/126 127/127/127
f 127/127/127 50/50/50 51/51/51
f 128/128/128 127/127/127 126/126/126
f 126/126/126 129/129/129 128/128/128
f 125/125/125 129/129/129 126/126/126
f 129/129/129 130/130/130 128/128/128
f 123/123/123 122/122/122 131/131/131
f 132/132/132 131/131/131 122/122/122
f 122/122/122 121/121/121 132/132/132
f 131/131/131 132/132/132 133/133/133
f 133/133/133 134/134/134 131/131/131
f 135/135/135 131/131/131 134/134/134
f 131/131/131 135/135/135 123/123/123
f 125/125/125 123/123/123 135/135/135
f 134/134/134 136/136/136 135/135/135
f 135/135/135 137/137/137 125/125/125
f 137/137/137 135/135/135 136/136/136
f 129/129/129 125/125/125 137/137/137
f 137/137/137 138/138/138 129/129/129
f 138/138/138 137/137/137 139/139/139
f 136/136/136 139/139/139 137/137/137
f 134/134/134 133/133/133 140/140/140
f 140/140/140 141/141/141 134/134/134
f 136/136/136 134/134/134 141/141/141
f 129/129/129 138/138/138 142/142/142
f 142/142/142 130/130/130 129/129/129
f 143/143/143 142/142/142 138/138/138
f 138/138/138 144/144/144 143/143/143
f 139/139/139 144/144/144 138/138/138
f 145/145/145 143/143/143 144/144/144
f 144/144/144 146/146/146 145/145/145
f 147/147/147 146/146/146 144/144/144
f 144/144/144 139/139/139 147/147/147
f 148/148/148 147/147/147 139/139/139
f 139/139/139 136/136/136 148/148/148
f 141/141/141 148/148/148 136/136/136
f 147/147/147 148/148/148 149/149/149
f 150/150/150 149/149/149 148/148/148
f 148/148/148 141/141/141 150/150/150
f 151/151/151 150/150/150 141/141/141
f 141/141/141 140/140/140 151/151/151
f 150/150/150 151/151/151 152/152/152
f 153/153/153 152/152/152 151/151/151
f 152/152/152 154/154/154 150/150/150
f 149/149/149 150/150/150 154/154/154
f 154/154/154 152/152/152 155/155/155
f 155/155/155 156/156/156 154/154/154
f 157/157/157 155/155/155 152/152/152
f 152/152/152 153/153/153 157/157/157
f 155/155/155 157/157/157 158/158/158
f 156/156/156 155/155/155 159/159/159
f 158/158/158 159/159/159 155/155/155
f 159/159/159 160/160/160 156/156/156
f 159/159/159 158/158/158 161/161/161
f 162/162/162 160/160/160 159/159/159
f 161/161/161 163/163/163 159/159/159
f 163/163/163 162/162/162 159/159/159
f 158/158/158 164/164/164 161/161/161
f 161/161/161 164/164/164 165/165/165
f 165/165/165 166/166/166 161/161/161
f 166/166/166 163/163/163 161/161/161
f 165/165/165 167/167/167 166/166/166
f 168/168/168 166/166/166 167/167/167
f 167/167/167 169/169/169 168/168/168
f 170/170/170 168/168/168 169/169/169
f 166/166/166 168/168/168 171/171/171
f 171/171/171 163/163/163 166/166/166
f 172/172/172 171/171/171 168/168/168
f 163/163/163 171/171/171 173/173/173
f 173/173/173 171/171/171 172/172/172
f 163/163/163 173/173/173 162/162/162
f 162/162/162 173/173/173 174/174/174
f 172/172/172 174/174/174 173/173/173
f 174/174/174 175/175/175 162/162/162
f 162/162/162 175/175/175 176/176/176
f 160/160/160 162/162/162 176/176/176
f 176/176/176 177/177/177 160/160/160
f 168/168/168 170/170/170 172/172/172
f 169/169/169 178/178/178 170/170/170
f 179/179/179 170/170/170 178/178/178
f 180/180/180 172/172/172 170/170/170
f 170/170/170 179/179/179 180/180/180
f 178/178/178 181/181/181 179/179/179
f 182/182/182 179/179/179 181/181/181
f 181/181/181 183/183/183 182/182/182
f 184/184/184 175/175/175 174/174/174
f 182/182/182 183/183/183 185/185/185
f 185/185/185 183/183/183 186/186/186
f 175/175/175 184/184/184 187/187/187
f 187/187/187 176/176/176 175/175/175
f 176/176/176 187/187/187 188/188/188
f 188/188/188 177/177/177 176/176/176
f 186/186/186 189/189/189 185/185/185
f 189/189/189 186/186/186 190/190/190
f 190/190/190 191/191/191 189/189/189
f 154/154/154 192/192/192 149/149/149
f 192/192/192 154/154/154 156/156/156
f 156/156/156 193/193/193 192/192/192
f 193/193/193 156/156/156 160/160/160
f 160/160/160 177/177/177 193/193/193
f 194/194/194 149/149/149 192/192/192
f 149/149/149 194/194/194 147/147/147
f 146/146/146 147/147/147 194/194/194
f 195/195/195 193/193/193 177/177/177
f 177/177/177 188/188/188 195/195/195
f 188/188/188 196/196/196 195/195/195
f 196/196/196 188/188/188 187/187/187
f 197/197/197 195/195/195 196/196/196
f 193/193/193 195/195/195 197/197/197
f 197/197/197 192/192/192 193/193/193
f 192/192/192 197/197/197 194/194/194
f 198/198/198 194/194/194 197/197/197
f 194/194/194 198/198/198 146/146/146
f 146/146/146 198/198/198 199/199/199
f 199/199/199 145/145/145 146/146/146
f 197/197/197 200/200/200 198/198/198
f 196/196/196 200/200/200 197/197/197
f 198/198/198 200/200/200 201/201/201
f 201/201/201 200/200/200 196/196/196
f 201/201/201 199/199/199 198/198/198
f 196/196/196 202/202/202 201/201/201
f 202/202/202 196/196/196 203/203/203
f 187/187/187 203/203/203 196/196/196
f 203/203/203 187/187/187 184/184/184
f 184/184/184 204/204/204 203/203/203
f 204/204/204 184/184/184 205/205/205
f 174/174/174 205/205/205 184/184/184
f 205/205/205 174/174/174 172/172/172
f 172/172/172 180/180/180 205/205/205
f 206/206/206 205/205/205 180/180/180
f 205/205/205 206/206/206 204/204/204
f 180/180/180 207/207/207 206/206/206
f 207/207/207 180/180/180 179/179/179
f 179/179/179 182/182/182 207/207/207
f 208/208/208 207/207/207 182/182/182
f 209/209/209 206/206/206 207/207/207
f 207/207/207 208/208/208 209/209/209
f 182/182/182 210/210/210 208/208/208
f 185/185/185 210/210/210 182/182/182
f 206/206/206 209/209/209 211/211/211
f 211/211/211 204/204/204 206/206/206
f 204/204/204 211/211/211 212/212/212
f 212/212/212 203/203/203 204/204/204
f 203/203/203 212/212/212 202/202/202
f 212/212/212 211/211/211 213/213/213
f 211/211/211 214/214/214 213/213/213
f 211/211/211 209/209/209 214/214/214
f 213/213/213 215/215/215 212/212/212
f 209/209/209 216/216/216 214/214/214
f 216/216/216 209/209/209 208/208/208
f 208/208/208 217/217/217 216/216/216
f 208/208/208 218/218/218 217/217/217
f 208/208/208 210/210/210 218/218/218
f 210/210/210 219/219/219 218/218/218
f 210/210/210 220/220/220 219/219/219
f 210/210/210 221/221/221 220/220/220
f 210/210/210 185/185/185 221/221/221
f 221/221/221 185/185/185 222/222/222
f 222/222/222 185/185/185 189/189/189
f 189/189/189 223/223/223 222/222/222
f 223/223/223 189/189/189 191/191/191
f 191/191/191 224/224/224 223/223/223
f 212/212/212 215/215/215 225/225/225
f 225/225/225 202/202/202 212/212/212
f 223/223/223 224/224/224 226/226/226
f 226/226/226 227/227/227 223/223/223
f 223/223/223 227/227/227 228/228/228
f 228/228/228 222/222/222 223/223/223
f 220/220/220 221/221/221 229/229/229
f 230/230/230 229/229/229 221/221/221
f 229/229/229 231/231/231 220/220/220
f 232/232/232 220/220/220 231/231/231
f 221/221/221 222/222/222 230/230/230
f 230/230/230 222/222/222 228/228/228
f 228/228/228 233/233/233 230/230/230
f 232/232/232 219/219/219 220/220/220
f 234/234/234 219/219/219 232/232/232
f 234/234/234 235/235/235 219/219/219
f 218/218/218 219/219/219 235/235/235
f 236/236/236 235/235/235 234/234/234
f 217/217/217 218/218/218 235/235/235
f 235/235/235 236/236/236 237/237/237
f 237/237/237 238/238/238 235/235/235
f 235/235/235 238/238/238 217/217/217
f 238/238/238 237/237/237 239/239/239
f 239/239/239 240/240/240 238/238/238
f 217/217/217 238/238/238 240/240/240
f 241/241/241 240/240/240 239/239/239
f 239/239/239 242/242/242 241/241/241
f 243/243/243 241/241/241 242/242/242
f 216/216/216 240/240/240 241/241/241
f 216/216/216 217/217/217 240/240/240
f 216/216/216 241/241/241 244/244/244
f 214/214/214 216/216/216 244/244/244
f 243/243/243 244/244/244 241/241/241
f 245/245/245 244/244/244 243/243/243
f 246/246/246 244/244/244 245/245/245
f 244/244/244 247/247/247 214/214/214
f 246/246/246 247/247/247 244/244/244
f 247/247/247 213/213/213 214/214/214
f 248/248/248 247/247/247 246/246/246
f 247/247/247 248/248/248 213/213/213
f 215/215/215 213/213/213 248/248/248
f 246/246/246 249/249/249 248/248/248
f 250/250/250 248/248/248 249/249/249
f 248/248/248 251/251/251 215/215/215
f 225/225/225 215/215/215 251/251/251
f 250/250/250 251/251/251 248/248/248
f 252/252/252 251/251/251 250/250/250
f 253/253/253 251/251/251 252/252/252
f 253/253/253 254/254/254 251/251/251
f 251/251/251 254/254/254 225/225/225
f 253/253/253 255/255/255 254/254/254
f 256/256/256 225/225/225 254/254/254
f 254/254/254 255/255/255 256/256/256
f 202/202/202 225/225/225 256/256/256
f 256/256/256 201/201/201 202/202/202
f 199/199/199 201/201/201 256/256/256
f 256/256/256 257/257/257 199/199/199
f 145/145/145 199/199/199 257/257/257
f 257/257/257 256/256/256 255/255/255
f 258/258/258 255/255/255 253/253/253
f 259/259/259 255/255/255 258/258/258
f 255/255/255 259/259/259 257/257/257
f 258/258/258 260/260/260 259/259/259
f 261/261/261 259/259/259 260/260/260
f 262/262/262 257/257/257 259/259/259
f 257/257/257 262/262/262 145/145/145
f 259/259/259 261/261/261 262/262/262
f 263/263/263 143/143/143 145/145/145
f 145/145/145 262/262/262 263/263/263
f 142/142/142 143/143/143 263/263/263
f 260/260/260 264/264/264 261/261/261
f 265/265/265 261/261/261 264/264/264
f 262/262/262 261/261/261 265/265/265
f 264/264/264 266/266/266 265/265/265
f 263/263/263 262/262/262 265/265/265
f 263/263/263 265/265/265 267/267/267
f 267/267/267 265/265/265 266/266/266
f 266/266/266 268/268/268 267/267/267
f 267/267/267 268/268/268 269/269/269
f 270/270/270 267/267/267 269/269/269
f 263/263/263 267/267/267 270/270/270
f 269/269/269 271/271/271 270/270/270
f 269/269/269 272/272/272 271/271/271
f 271/271/271 273/273/273 270/270/270
f 274/274/274 270/270/270 273/273/273
f 270/270/270 274/274/274 263/263/263
f 263/263/263 274/274/274 142/142/142
f 142/142/142 274/274/274 275/275/275
f 273/273/273 275/275/275 274/274/274
f 275/275/275 130/130/130 142/142/142
f 130/130/130 275/275/275 276/276/276
f 276/276/276 128/128/128 130/130/130
f 128/128/128 276/276/276 277/277/277
f 277/277/277 127/127/127 128/128/128
f 278/278/278 50/50/50 127/127/127
f 127/127/127 277/277/277 278/278/278
f 50/50/50 278/278/278 279/279/279
f 279/279/279 48/48/48 50/50/50
f 280/280/280 44/44/44 48/48/48
f 48/48/48 279/279/279 280/280/280
f 44/44/44 280/280/280 281/281/281
f 281/281/281 40/40/40 44/44/44
f 40/40/40 281/281/281 282/282/282
f 282/282/282 37/37/37 40/40/40
f 34/34/34 37/37/37 282/282/282
f 282/282/282 283/283/283 34/34/34
f 9/9/9 34/34/34 283/283/283
f 283/283/283 282/282/282 284/284/284
f 284/284/284 285/285/285 283/283/283
f 286/286/286 284/284/284 282/282/282
f 282/282/282 281/281/281 286/286/286
f 286/286/286 281/281/281 280/280/280
f 280/280/280 287/287/287 286/286/286
f 288/288/288 287/287/287 280/280/280
f 280/280/280 279/279/279 288/288/288
f 289/289/289 288/288/288 279/279/279
f 279/279/279 278/278/278 289/289/289
f 278/278/278 277/277/277 290/290/290
f 290/290/290 289/289/289 278/278/278
f 290/290/290 277/277/277 276/276/276
f 276/276/276 291/291/291 290/290/290
f 291/291/291 276/276/276 275/275/275
f 275/275/275 273/273/273 291/291/291
f 291/291/291 273/273/273 292/292/292
f 292/292/292 273/273/273 271/271/271
f 292/292/292 293/293/293 291/291/291
f 293/293/293 290/290/290 291/291/291
f 292/292/292 271/271/271 294/294/294
f 294/294/294 271/271/271 272/272/272
f 294/294/294 272/272/272 295/295/295
f 288/288/288 289/289/289 296/296/296
f 287/287/287 288/288/288 297/297/297
f 296/296/296 297/297/297 288/288/288
f 297/297/297 298/298/298 287/287/287
f 286/286/286 287/287/287 298/298/298
f 299/299/299 296/296/296 289/289/289
f 299/299/299 289/289/289 290/290/290
f 298/298/298 300/300/300 286/286/286
f 284/284/284 286/286/286 300/300/300
f 300/300/300 301/301/301 284/284/284
f 285/285/285 284/284/284 301/301/301
f 301/301/301 302/302/302 285/285/285
f 303/303/303 283/283/283 285/285/285
f 283/283/283 303/303/303 9/9/9
f 8/8/8 9/9/9 303/303/303
f 285/285/285 304/304/304 303/303/303
f 304/304/304 285/285/285 302/302/302
f 303/303/303 305/305/305 8/8/8
f 5/5/5 8/8/8 305/305/305
f 305/305/305 306/306/306 5/5/5
f 305/305/305 307/307/307 306/306/306
f 307/307/307 305/305/305 303/303/303
f 5/5/5 306/306/306 308/308/308
f 308/308/308 4/4/4 5/5/5
f 303/303/303 304/304/304 307/307/307
f 4/4/4 308/308/308 309/309/309
f 309/309/309 1/1/1 4/4/4
f 1/1/1 309/309/309 310/310/310
f 310/310/310 23/23/23 1/1/1
f 23/23/23 310/310/310 311/311/311
f 311/311/311 25/25/25 23/23/23
f 25/25/25 311/311/311 312/312/312
f 312/312/312 31/31/31 25/25/25
f 310/310/310 313/313/313 311/311/311
f 310/310/310 309/309/309 313/313/313
f 311/311/311 313/313/313 314/314/314
f 314/314/314 312/312/312 311/311/311
f 315/315/315 308/308/308 306/306/306
f 308/308/308 315/315/315 309/309/309
f 315/315/315 313/313/313 309/309/309
f 306/306/306 307/307/307 315/315/315
f 315/315/315 307/307/307 316/316/316
f 317/317/317 316/316/316 307/307/307
f 307/307/307 304/304/304 317/317/317
f 302/302/302 317/317/317 304/304/304
f 316/316/316 318/318/318 315/315/315
f 315/315/315 318/318/318 319/319/319
f 319/319/319 313/313/313 315/315/315
f 320/320/320 314/314/314 313/313/313
f 313/313/313 319/319/319 320/320/320
f 314/314/314 320/320/320 321/321/321
f 321/321/321 322/322/322 314/314/314
f 312/312/312 314/314/314 322/322/322
f 322/322/322 321/321/321 323/323/323
f 323/323/323 324/324/324 322/322/322
f 322/322/322 324/324/324 325/325/325
f 322/322/322 325/325/325 312/312/312
f 31/31/31 312/312/312 325/325/325
f 325/325/325 326/326/326 31/31/31
f 32/32/32 31/31/31 326/326/326
f 325/325/325 324/324/324 327/327/327
f 327/327/327 324/324/324 323/323/323
f 327/327/327 328/328/328 325/325/325
f 326/326/326 325/325/325 328/328/328
f 328/328/328 329/329/329 326/326/326
f 328/328/328 327/327/327 330/330/330
f 331/331/331 329/329/329 328/328/328
f 331/331/331 328/328/328 330/330/330
f 331/331/331 332/332/332 329/329/329
f 333/333/333 329/329/329 332/332/332
f 334/334/334 332/332/332 331/331/331
f 326/326/326 329/329/329 333/333/333
f 334/334/334 331/331/331 330/330/330
f 333/333/333 335/335/335 326/326/326
f 326/326/326 335/335/335 32/32/32
f 336/336/336 33/33/33 32/32/32
f 32/32/32 335/335/335 336/336/336
f 33/33/33 336/336/336 337/337/337
f 337/337/337 67/67/67 33/33/33
f 67/67/67 337/337/337 338/338/338
f 338/338/338 78/78/78 67/67/67
f 78/78/78 338/338/338 339/339/339
f 339/339/339 80/80/80 78/78/78
f 80/80/80 339/339/339 340/340/340
f 340/340/340 103/103/103 80/80/80
f 341/341/341 340/340/340 339/339/339
f 339/339/339 342/342/342 341/341/341
f 342/342/342 339/339/339 338/338/338
f 343/343/343 341/341/341 342/342/342
f 342/342/342 344/344/344 343/343/343
f 344/344/344 342/342/342 345/345/345
f 338/338/338 345/345/345 342/342/342
f 345/345/345 338/338/338 337/337/337
f 337/337/337 346/346/346 345/345/345
f 346/346/346 337/337/337 336/336/336
f 347/347/347 345/345/345 346/346/346
f 345/345/345 347/347/347 344/344/344
f 346/346/346 348/348/348 347/347/347
f 336/336/336 349/349/349 346/346/346
f 348/348/348 346/346/346 349/349/349
f 349/349/349 336/336/336 335/335/335
f 335/335/335 333/333/333 349/349/349
f 350/350/350 349/349/349 333/333/333
f 349/349/349 350/350/350 348/348/348
f 333/333/333 351/351/351 350/350/350
f 332/332/332 351/351/351 333/333/333
f 352/352/352 348/348/348 350/350/350
f 353/353/353 350/350/350 351/351/351
f 350/350/350 353/353/353 352/352/352
f 351/351/351 332/332/332 354/354/354
f 354/354/354 332/332/332 334/334/334
f 351/351/351 355/355/355 353/353/353
f 354/354/354 355/355/355 351/351/351
f 356/356/356 353/353/353 355/355/355
f 355/355/355 354/354/354 357/357/357
f 357/357/357 358/358/358 355/355/355
f 355/355/355 358/358/358 356/356/356
f 359/359/359 357/357/357 354/354/354
f 353/353/353 356/356/356 360/360/360
f 360/360/360 352/352/352 353/353/353
f 352/352/352 360/360/360 361/361/361
f 348/348/348 352/352/352 361/361/361
f 361/361/361 347/347/347 348/348/348
f 347/347/347 361/361/361 362/362/362
f 362/362/362 344/344/344 347/347/347
f 343/343/343 344/344/344 362/362/362
f 362/362/362 363/363/363 343/343/343
f 362/362/362 364/364/364 363/363/363
f 364/364/364 362/362/362 361/361/361
f 354/354/354 365/365/365 359/359/359
f 334/334/334 365/365/365 354/354/354
f 366/366/366 365/365/365 334/334/334
f 334/334/334 367/367/367 366/366/366
f 330/330/330 367/367/367 334/334/334
f 368/368/368 366/366/366 367/367/367
f 369/369/369 367/367/367 330/330/330
f 367/367/367 369/369/369 368/368/368
f 330/330/330 370/370/370 369/369/369
f 370/370/370 330/330/330 327/327/327
f 327/327/327 371/371/371 370/370/370
f 323/323/323 371/371/371 327/327/327
f 372/372/372 359/359/359 365/365/365
f 365/365/365 366/366/366 372/372/372
f 372/372/372 366/366/366 368/368/368
f 373/373/373 357/357/357 359/359/359
f 374/374/374 359/359/359 372/372/372
f 359/359/359 374/374/374 373/373/373
f 357/357/357 373/373/373 375/375/375
f 375/375/375 358/358/358 357/357/357
f 358/358/358 375/375/375 376/376/376
f 376/376/376 356/356/356 358/358/358
f 356/356/356 376/376/376 377/377/377
f 377/377/377 360/360/360 356/356/356
f 360/360/360 377/377/377 378/378/378
f 378/378/378 361/361/361 360/360/360
f 361/361/361 378/378/378 364/364/364
f 377/377/377 379/379/379 378/378/378
f 379/379/379 377/377/377 376/376/376
f 372/372/372 380/380/380 374/374/374
f 380/380/380 372/372/372 381/381/381
f 368/368/368 381/381/381 372/372/372
f 381/381/381 382/382/382 380/380/380
f 383/383/383 374/374/374 380/380/380
f 373/373/373 374/374/374 383/383/383
f 383/383/383 384/384/384 373/373/373
f 375/375/375 373/373/373 384/384/384
f 384/384/384 383/383/383 385/385/385
f 386/386/386 385/385/385 383/383/383
f 385/385/385 387/387/387 384/384/384
f 384/384/384 387/387/387 388/388/388
f 388/388/388 375/375/375 384/384/384
f 376/376/376 375/375/375 388/388/388
f 388/388/388 389/389/389 376/376/376
f 376/376/376 389/389/389 379/379/379
f 390/390/390 379/379/379 389/389/389
f 391/391/391 378/378/378 379/379/379
f 364/364/364 378/378/378 391/391/391
f 379/379/379 390/390/390 391/391/391
f 364/364/364 391/391/391 392/392/392
f 393/393/393 391/391/391 390/390/390
f 392/392/392 391/391/391 393/393/393
f 380/380/380 394/394/394 383/383/383
f 394/394/394 380/380/380 382/382/382
f 383/383/383 394/394/394 386/386/386
f 395/395/395 386/386/386 394/394/394
f 364/364/364 392/392/392 396/396/396
f 396/396/396 363/363/363 364/364/364
f 385/385/385 386/386/386 397/397/397
f 397/397/397 386/386/386 395/395/395
f 389/389/389 398/398/398 390/390/390
f 398/398/398 389/389/389 388/388/388
f 395/395/395 399/399/399 397/397/397
f 390/390/390 400/400/400 393/393/393
f 390/390/390 398/398/398 401/401/401
f 401/401/401 400/400/400 390/390/390
f 388/388/388 402/402/402 398/398/398
f 402/402/402 388/388/388 387/387/387
f 401/401/401 398/398/398 402/402/402
f 387/387/387 385/385/385 403/403/403
f 403/403/403 385/385/385 397/397/397
f 403/403/403 404/404/404 387/387/387
f 387/387/387 404/404/404 402/402/402
f 404/404/404 403/403/403 405/405/405
f 405/405/405 406/406/406 404/404/404
f 402/402/402 404/404/404 406/406/406
f 406/406/406 405/405/405 407/407/407
f 407/407/407 408/408/408 406/406/406
f 409/409/409 406/406/406 408/408/408
f 406/406/406 409/409/409 402/402/402
f 402/402/402 409/409/409 401/401/401
f 410/410/410 401/401/401 409/409/409
f 408/408/408 411/411/411 409/409/409
f 409/409/409 411/411/411 410/410/410
f 411/411/411 408/408/408 412/412/412
f 410/410/410 411/411/411 413/413/413
f 412/412/412 413/413/413 411/411/411
f 412/412/412 408/408/408 407/407/407
f 413/413/413 414/414/414 410/410/410
f 407/407/407 415/415/415 412/412/412
f 416/416/416 414/414/414 413/413/413
f 415/415/415 407/407/407 417/417/417
f 417/417/417 407/407/407 405/405/405
f 401/401/401 410/410/410 418/418/418
f 418/418/418 400/400/400 401/401/401
f 418/418/418 410/410/410 414/414/414
f 400/400/400 418/418/418 419/419/419
f 419/419/419 393/393/393 400/400/400
f 393/393/393 419/419/419 420/420/420
f 393/393/393 420/420/420 421/421/421
f 393/393/393 421/421/421 392/392/392
f 422/422/422 392/392/392 421/421/421
f 422/422/422 421/421/421 420/420/420
f 422/422/422 396/396/396 392/392/392
f 423/423/423 413/413/413 412/412/412
f 413/413/413 423/423/423 416/416/416
f 423/423/423 412/412/412 424/424/424
f 425/425/425 416/416/416 423/423/423
f 426/426/426 423/423/423 424/424/424
f 423/423/423 426/426/426 425/425/425
f 427/427/427 416/416/416 425/425/425
f 427/427/427 414/414/414 416/416/416
f 428/428/428 414/414/414 427/427/427
f 414/414/414 428/428/428 418/418/418
f 429/429/429 428/428/428 427/427/427
f 430/430/430 429/429/429 427/427/427
f 427/427/427 425/425/425 430/430/430
f 431/431/431 429/429/429 430/430/430
f 428/428/428 429/429/429 431/431/431
f 431/431/431 432/432/432 428/428/428
f 433/433/433 418/418/418 428/428/428
f 428/428/428 432/432/432 433/433/433
f 418/418/418 433/433/433 419/419/419
f 434/434/434 433/433/433 432/432/432
f 433/433/433 434/434/434 419/419/419
f 419/419/419 434/434/434 435/435/435
f 419/419/419 435/435/435 420/420/420
f 435/435/435 436/436/436 420/420/420
f 420/420/420 436/436/436 422/422/422
f 437/437/437 436/436/436 435/435/435
f 437/437/437 435/435/435 438/438/438
f 435/435/435 434/434/434 438/438/438
f 439/439/439 437/437/437 438/438/438
f 436/436/436 437/437/437 439/439/439
f 439/439/439 440/440/440 436/436/436
f 440/440/440 439/439/439 441/441/441
f 442/442/442 436/436/436 440/440/440
f 422/422/422 436/436/436 442/442/442
f 442/442/442 443/443/443 422/422/422
f 396/396/396 422/422/422 443/443/443
f 432/432/432 444/444/444 434/434/434
f 438/438/438 434/434/434 444/444/444
f 445/445/445 444/444/444 432/432/432
f 432/432/432 431/431/431 445/445/445
f 445/445/445 431/431/431 430/430/430
f 444/444/444 446/446/446 438/438/438
f 446/446/446 444/444/444 445/445/445
f 430/430/430 447/447/447 445/445/445
f 447/447/447 430/430/430 448/448/448
f 430/430/430 425/425/425 449/449/449
f 449/449/449 448/448/448 430/430/430
f 425/425/425 426/426/426 449/449/449
f 450/450/450 449/449/449 426/426/426
f 448/448/448 449/449/449 450/450/450
f 448/448/448 451/451/451 447/447/447
f 447/447/447 451/451/451 445/445/445
f 451/451/451 448/448/448 452/452/452
f 450/450/450 452/452/452 448/448/448
f 452/452/452 453/453/453 451/451/451
f 451/451/451 454/454/454 445/445/445
f 454/454/454 451/451/451 453/453/453
f 453/453/453 455/455/455 454/454/454
f 456/456/456 455/455/455 453/453/453
f 456/456/456 453/453/453 457/457/457
f 457/457/457 453/453/453 452/452/452
f 458/458/458 456/456/456 457/457/457
f 457/457/457 459/459/459 458/458/458
f 460/460/460 459/459/459 457/457/457
f 457/457/457 461/461/461 460/460/460
f 452/452/452 461/461/461 457/457/457
f 461/461/461 452/452/452 450/450/450
f 462/462/462 460/460/460 461/461/461
f 461/461/461 463/463/463 462/462/462
f 450/450/450 463/463/463 461/461/461
f 464/464/464 462/462/462 463/463/463
f 463/463/463 450/450/450 465/465/465
f 426/426/426 465/465/465 450/450/450
f 465/465/465 466/466/466 463/463/463
f 463/463/463 466/466/466 464/464/464
f 466/466/466 465/465/465 467/467/467
f 464/464/464 466/466/466 468/468/468
f 466/466/466 467/467/467 468/468/468
f 468/468/468 469/469/469 464/464/464
f 469/469/469 468/468/468 470/470/470
f 469/469/469 470/470/470 471/471/471
f 472/472/472 471/471/471 470/470/470
f 472/472/472 473/473/473 471/471/471
f 473/473/473 472/472/472 474/474/474
f 474/474/474 475/475/475 473/473/473
f 476/476/476 472/472/472 470/470/470
f 472/472/472 476/476/476 477/477/477
f 477/477/477 474/474/474 472/472/472
f 478/478/478 465/465/465 426/426/426
f 465/465/465 478/478/478 467/467/467
f 426/426/426 424/424/424 478/478/478
f 479/479/479 478/478/478 424/424/424
f 480/480/480 424/424/424 412/412/412
f 415/415/415 480/480/480 412/412/412
f 424/424/424 480/480/480 479/479/479
f 481/481/481 480/480/480 415/415/415
f 415/415/415 417/417/417 481/481/481
f 480/480/480 481/481/481 482/482/482
f 482/482/482 479/479/479 480/480/480
f 483/483/483 481/481/481 417/417/417
f 484/484/484 482/482/482 481/481/481
f 481/481/481 483/483/483 484/484/484
f 482/482/482 484/484/484 485/485/485
f 485/485/485 486/486/486 482/482/482
f 479/479/479 482/482/482 486/486/486
f 487/487/487 486/486/486 485/485/485
f 486/486/486 487/487/487 488/488/488
f 488/488/488 489/489/489 486/486/486
f 486/486/486 489/489/489 479/479/479
f 478/478/478 479/479/479 489/489/489
f 489/489/489 467/467/467 478/478/478
f 467/467/467 489/489/489 488/488/488
f 488/488/488 468/468/468 467/467/467
f 470/470/470 468/468/468 488/488/488
f 476/476/476 470/470/470 488/488/488
f 488/488/488 487/487/487 476/476/476
f 477/477/477 476/476/476 487/487/487
f 405/405/405 490/490/490 417/417/417
f 490/490/490 405/405/405 403/403/403
f 487/487/487 491/491/491 477/477/477
f 485/485/485 491/491/491 487/487/487
f 403/403/403 492/492/492 490/490/490
f 492/492/492 403/403/403 397/397/397
f 493/493/493 492/492/492 397/397/397
f 397/397/397 399/399/399 493/493/493
f 492/492/492 493/493/493 494/494/494
f 494/494/494 490/490/490 492/492/492
f 490/490/490 494/494/494 495/495/495
f 495/495/495 417/417/417 490/490/490
f 417/417/417 495/495/495 483/483/483
f 496/496/496 474/474/474 477/477/477
f 497/497/497 475/475/475 474/474/474
f 496/496/496 477/477/477 491/491/491
f 474/474/474 498/498/498 497/497/497
f 498/498/498 474/474/474 499/499/499
f 496/496/496 499/499/499 474/474/474
f 499/499/499 496/496/496 500/500/500
f 500/500/500 496/496/496 501/501/501
f 491/491/491 501/501/501 496/496/496
f 501/501/501 502/502/502 500/500/500
f 502/502/502 501/501/501 503/503/503
f 503/503/503 501/501/501 504/504/504
f 501/501/501 491/491/491 485/485/485
f 504/504/504 501/501/501 505/505/505
f 485/485/485 505/505/505 501/501/501
f 504/504/504 505/505/505 506/506/506
f 505/505/505 485/485/485 484/484/484
f 506/506/506 505/505/505 507/507/507
f 484/484/484 507/507/507 505/505/505
f 507/507/507 484/484/484 483/483/483
f 507/507/507 508/508/508 506/506/506
f 483/483/483 509/509/509 507/507/507
f 509/509/509 483/483/483 495/495/495
f 495/495/495 510/510/510 509/509/509
f 510/510/510 495/495/495 494/494/494
f 494/494/494 511/511/511 510/510/510
f 511/511/511 494/494/494 493/493/493
f 493/493/493 512/512/512 511/511/511
f 512/512/512 493/493/493 399/399/399
f 399/399/399 513/513/513 512/512/512
f 514/514/514 513/513/513 399/399/399
f 514/514/514 399/399/399 395/395/395
f 514/514/514 395/395/395 515/515/515
f 515/515/515 395/395/395 516/516/516
f 394/394/394 516/516/516 395/395/395
f 516/516/516 517/517/517 515/515/515
f 517/517/517 516/516/516 518/518/518
f 518/518/518 516/516/516 382/382/382
f 382/382/382 516/516/516 394/394/394
f 382/382/382 519/519/519 518/518/518
f 520/520/520 519/519/519 382/382/382
f 382/382/382 381/381/381 520/520/520
f 521/521/521 520/520/520 381/381/381
f 381/381/381 368/368/368 521/521/521
f 521/521/521 368/368/368 369/369/369
f 369/369/369 522/522/522 521/521/521
f 523/523/523 522/522/522 369/369/369
f 369/369/369 370/370/370 523/523/523
f 524/524/524 523/523/523 370/370/370
f 370/370/370 371/371/371 524/524/524
f 525/525/525 524/524/524 371/371/371
f 371/371/371 323/323/323 525/525/525
f 525/525/525 323/323/323 321/321/321
f 321/321/321 526/526/526 525/525/525
f 527/527/527 526/526/526 321/321/321
f 321/321/321 320/320/320 527/527/527
f 527/527/527 320/320/320 319/319/319
f 319/319/319 528/528/528 527/527/527
f 528/528/528 319/319/319 318/318/318
f 318/318/318 529/529/529 528/528/528
f 529/529/529 318/318/318 316/316/316
f 316/316/316 530/530/530 529/529/529
f 530/530/530 316/316/316 317/317/317
f 317/317/317 302/302/302 531/531/531
f 317/317/317 532/532/532 530/530/530
f 531/531/531 532/532/532 317/317/317
f 302/302/302 301/301/301 533/533/533
f 533/533/533 531/531/531 302/302/302
f 534/534/534 533/533/533 301/301/301
f 301/301/301 300/300/300 534/534/534
f 535/535/535 534/534/534 300/300/300
f 300/300/300 298/298/298 535/535/535
f 536/536/536 535/535/535 298/298/298
f 298/298/298 297/297/297 536/536/536
f 537/537/537 536/536/536 297/297/297
f 297/297/297 296/296/296 537/537/537
f 537/537/537 296/296/296 299/299/299
f 299/299/299 538/538/538 537/537/537
f 538/538/538 299/299/299 539/539/539
f 290/290/290 539/539/539 299/299/299
f 539/539/539 540/540/540 538/538/538
f 541/541/541 540/540/540 539/539/539
f 539/539/539 542/542/542 541/541/541
f 542/542/542 539/539/539 290/290/290
f 293/293/293 542/542/542 290/290/290
f 542/542/542 293/293/293 543/543/543
f 543/543/543 541/541/541 542/542/542
f 544/544/544 543/543/543 293/293/293
f 544/544/544 293/293/293 292/292/292
f 292/292/292 545/545/545 544/544/544
f 292/292/292 294/294/294 546/546/546
f 546/546/546 545/545/545 292/292/292
f 546/546/546 294/294/294 295/295/295
f 272/272/272 547/547/547 295/295/295
f 295/295/295 548/548/548 546/546/546
f 547/547/547 548/548/548 295/295/295
f 549/549/549 547/547/547 272/272/272
f 549/549/549 550/550/550 547/547/547
f 550/550/550 549/549/549 551/551/551
f 551/551/551 552/552/552 550/550/550
f 551/551/551 553/553/553 552/552/552
f 553/553/553 554/554/554 552/552/552
f 554/554/554 553/553/553 555/555/555
f 555/555/555 556/556/556 554/554/554
f 557/557/557 552/552/552 554/554/554
f 554/554/554 556/556/556 557/557/557
f 557/557/557 556/556/556 558/558/558
f 558/558/558 559/559/559 557/557/557
f 560/560/560 558/558/558 556/556/556
f 561/561/561 557/557/557 559/559/559
f 559/559/559 562/562/562 561/561/561
f 552/552/552 557/557/557 561/561/561
f 561/561/561 562/562/562 563/563/563
f 548/548/548 561/561/561 563/563/563
f 547/547/547 561/561/561 548/548/548
f 546/546/546 548/548/548 563/563/563
f 564/564/564 546/546/546 563/563/563
f 546/546/546 564/564/564 565/565/565
f 546/546/546 565/565/565 545/545/545
f 566/566/566 545/545/545 565/565/565
f 544/544/544 545/545/545 566/566/566
f 566/566/566 567/567/567 544/544/544
f 543/543/543 544/544/544 567/567/567
f 561/561/561 550/550/550 552/552/552
f 550/550/550 561/561/561 547/547/547
f 568/568/568 556/556/556 555/555/555
f 569/569/569 568/568/568 555/555/555
f 556/556/556 568/568/568 560/560/560
f 570/570/570 560/560/560 568/568/568
f 571/571/571 568/568/568 569/569/569
f 569/569/569 572/572/572 571/571/571
f 571/571/571 572/572/572 573/573/573
f 568/568/568 571/571/571 570/570/570
f 574/574/574 570/570/570 571/571/571
f 573/573/573 575/575/575 571/571/571
f 571/571/571 575/575/575 574/574/574
f 576/576/576 574/574/574 575/575/575
f 577/577/577 575/575/575 573/573/573
f 578/578/578 577/577/577 573/573/573
f 577/577/577 578/578/578 579/579/579
f 579/579/579 576/576/576 577/577/577
f 575/575/575 577/577/577 576/576/576
f 229/580/229 230/581/230 233/582/233
f 233/582/233 580/583/580 229/580/229
f 231/584/231 229/580/229 580/583/580
f 580/583/580 581/585/581 231/584/231
f 232/586/232 231/584/231 581/585/581
f 581/585/581 582/587/582 232/586/232
f 234/588/234 232/586/232 582/587/582
f 582/587/582 583/589/583 234/588/234
f 236/590/236 234/588/234 583/589/583
f 583/589/583 584/591/584 236/590/236
f 237/592/237 236/590/236 584/591/584
f 584/591/584 585/593/585 237/592/237
f 239/594/239 237/592/237 585/593/585
f 585/593/585 586/595/586 239/594/239
f 242/596/242 239/594/239 586/595/586
f 586/595/586 587/597/587 242/596/242
f 243/598/243 242/596/242 587/597/587
f 587/597/587 588/599/588 243/598/243
f 245/600/245 243/598/243 588/599/588
f 588/599/588 589/601/589 245/600/245
f 246/602/246 245/600/245 589/601/589
f 589/601/589 590/603/590 246/602/246
f 249/604/249 246/602/246 590/603/590
f 590/603/590 591/605/591 249/604/249
f 592/606/592 249/604/249 591/605/591
f 591/605/591 593/607/593 592/606/592
f 252/608/252 592/606/592 593/607/593
f 593/607/593 594/609/594 252/608/252
f 253/610/253 252/608/252 594/609/594
f 594/609/594 595/611/595 253/610/253
f 258/612/258 253/610/253 595/611/595
f 595/611/595 596/613/596 258/612/258
f 258/612/258 596/613/596 597/614/597
f 597/614/597 260/615/260 258/612/258
f 264/616/264 260/615/260 597/614/597
f 597/614/597 598/617/598 264/616/264
f 266/618/266 264/616/264 598/617/598
f 598/617/598 599/619/599 266/618/266
f 268/620/268 266/618/266 599/619/599
f 599/619/599 600/621/600 268/620/268
f 268/620/268 600/621/600 269/622/269
f 600/621/600 272/623/272 269/622/269
f 601/624/601 602/625/602 579/626/579
f 579/626/579 578/627/578 601/624/601
f 603/628/603 601/624/601 578/627/578
f 578/627/578 573/629/573 603/628/603
f 603/628/603 573/629/573 572/630/572
f 604/631/604 603/628/603 572/630/572
f 605/632/605 604/631/604 572/630/572
f 605/632/605 572/630/572 569/633/569
f 606/634/606 605/632/605 569/633/569
f 607/635/607 606/634/606 569/633/569
f 608/636/608 607/635/607 569/633/569
f 569/633/569 555/637/555 608/636/608
f 608/636/608 555/637/555 553/638/553
f 553/638/553 609/639/609 608/636/608
f 610/640/610 609/639/609 553/638/553
f 553/638/553 551/641/551 610/640/610
f 551/641/551 611/642/611 610/640/610
f 551/641/551 612/643/612 611/642/611
f 576/644/576 579/581/579 602/582/602
f 602/582/602 613/645/613 576/644/576
f 574/646/574 576/644/576 613/645/613
f 613/645/613 614/647/614 574/646/574
f 570/648/570 574/646/574 614/647/614
f 614/647/614 615/649/615 570/648/570
f 560/650/560 570/648/570 615/649/615
f 615/649/615 616/651/616 560/650/560
f 558/652/558 560/650/560 616/651/616
f 616/651/616 617/653/617 558/652/558
f 559/654/559 558/652/558 617/653/617
f 617/653/617 618/655/618 559/654/559
f 619/656/619 559/654/559 618/655/618
f 618/655/618 620/657/620 619/656/619
f 619/656/619 620/657/620 621/658/621
f 621/658/621 563/659/563 619/656/619
f 563/659/563 621/658/621 622/660/622
f 622/660/622 564/661/564 563/659/563
f 564/661/564 622/660/622 623/662/623
f 623/662/623 565/663/565 564/661/564
f 565/663/565 623/662/623 624/664/624
f 624/664/624 566/665/566 565/663/565
f 567/666/567 566/665/566 624/664/624
f 624/664/624 625/667/625 567/666/567
f 626/668/626 567/666/567 625/667/625
f 625/667/625 627/669/627 626/668/626
f 626/668/626 627/669/627 628/670/628
f 628/670/628 629/671/629 626/668/626
f 504/672/504 506/581/506 508/582/508
f 508/582/508 630/673/630 504/672/504
f 503/674/503 504/672/504 630/673/630
f 630/673/630 631/675/631 503/674/503
f 502/676/502 503/674/503 631/675/631
f 631/675/631 632/677/632 502/676/502
f 502/676/502 632/677/632 633/599/633
f 633/599/633 500/598/500 502/676/502
f 500/598/500 633/599/633 634/678/634
f 634/678/634 499/679/499 500/598/500
f 499/679/499 634/678/634 635/680/635
f 635/680/635 498/681/498 499/679/499
f 498/681/498 635/680/635 636/670/636
f 636/670/636 497/671/497 498/681/498
f 549/682/549 272/683/272 637/684/637
f 637/684/637 638/685/638 549/682/549
f 551/686/551 549/682/549 638/685/638
f 638/685/638 639/687/639 551/686/551
f 551/686/551 639/687/639 640/688/640
f 551/686/551 640/688/640 612/643/612
f 641/670/641 642/671/642 643/689/643
f 643/689/643 637/690/637 641/670/641
f 637/690/637 643/689/643 644/691/644
f 644/691/644 638/692/638 637/690/637
f 638/692/638 644/691/644 645/693/645
f 645/693/645 639/694/639 638/692/638
f 639/694/639 645/693/645 646/695/646
f 646/695/646 640/696/640 639/694/639
f 640/696/640 646/695/646 647/697/647
f 647/697/647 612/698/612 640/696/640
f 612/698/612 647/697/647 648/699/648
f 648/699/648 611/700/611 612/698/612
f 611/700/611 648/699/648 649/701/649
f 649/701/649 610/702/610 611/700/611
f 610/702/610 649/701/649 650/703/650
f 650/703/650 609/704/609 610/702/610
f 609/704/609 650/703/650 651/705/651
f 651/705/651 608/706/608 609/704/609
f 608/706/608 651/705/651 652/707/652
f 652/707/652 607/708/607 608/706/608
f 607/708/607 652/707/652 653/709/653
f 653/709/653 606/710/606 607/708/607
f 606/710/606 653/709/653 654/711/654
f 654/711/654 605/712/605 606/710/606
f 604/713/604 605/712/605 654/711/654
f 654/711/654 655/714/655 604/713/604
f 603/715/603 604/713/604 655/714/655
f 655/714/655 656/716/656 603/715/603
f 601/717/601 603/715/603 656/716/656
f 656/716/656 657/718/657 601/717/601
f 601/717/601 657/718/657 658/581/658
f 658/581/658 602/582/602 601/717/601
f 497/670/497 636/671/636 659/719/659
f 659/719/659 475/720/475 497/670/497
f 475/720/475 659/719/659 660/721/660
f 660/721/660 473/722/473 475/720/475
f 473/722/473 660/721/660 661/723/661
f 661/723/661 471/724/471 473/722/473
f 471/724/471 661/723/661 662/725/662
f 662/725/662 469/726/469 471/724/471
f 469/726/469 662/725/662 663/727/663
f 663/727/663 464/728/464 469/726/469
f 464/728/464 663/727/663 664/729/664
f 664/729/664 462/730/462 464/728/464
f 462/730/462 664/729/664 665/731/665
f 665/731/665 460/732/460 462/730/462
f 460/732/460 665/731/665 666/733/666
f 666/733/666 459/734/459 460/732/460
f 459/734/459 666/733/666 667/581/667
f 667/581/667 458/582/458 459/734/459
f 531/531/531 533/533/533 668/735/668
f 531/531/531 668/735/668 669/736/669
f 533/533/533 670/737/670 668/735/668
f 671/738/671 670/737/670 533/533/533
f 533/533/533 534/534/534 671/738/671
f 672/739/672 671/738/671 534/534/534
f 534/534/534 535/535/535 672/739/672
f 673/740/673 672/739/672 535/535/535
f 535/535/535 536/536/536 673/740/673
f 536/536/536 537/537/537 674/741/674
f 674/741/674 673/740/673 536/536/536
f 674/741/674 537/537/537 538/538/538
f 538/538/538 675/742/675 674/741/674
f 675/742/675 538/538/538 540/540/540
f 531/531/531 669/736/669 676/743/676
f 532/532/532 531/531/531 676/743/676
f 532/532/532 676/743/676 677/744/677
f 532/532/532 677/744/677 678/745/678
f 678/745/678 530/530/530 532/532/532
f 530/530/530 678/745/678 679/746/679
f 679/746/679 529/529/529 530/530/530
f 528/528/528 529/529/529 679/746/679
f 679/746/679 680/747/680 528/528/528
f 527/527/527 528/528/528 680/747/680
f 681/748/681 680/747/680 679/746/679
f 682/749/682 674/741/674 675/742/675
f 673/740/673 674/741/674 682/749/682
f 679/746/679 683/750/683 681/748/681
f 683/750/683 679/746/679 678/745/678
f 682/749/682 675/742/675 684/751/684
f 685/752/685 684/751/684 675/742/675
f 678/745/678 686/753/686 683/750/683
f 540/540/540 687/754/687 675/742/675
f 675/742/675 687/754/687 685/752/685
f 688/755/688 687/754/687 540/540/540
f 689/756/689 685/752/685 687/754/687
f 687/754/687 688/755/688 689/756/689
f 690/757/690 685/752/685 689/756/689
f 690/757/690 689/756/689 691/758/691
f 692/759/692 691/758/691 689/756/689
f 693/760/693 685/752/685 690/757/690
f 684/751/684 685/752/685 693/760/693
f 693/760/693 694/761/694 684/751/684
f 695/762/695 684/751/684 694/761/694
f 695/762/695 682/749/682 684/751/684
f 682/749/682 696/763/696 673/740/673
f 696/763/696 682/749/682 695/762/695
f 673/740/673 696/763/696 697/764/697
f 673/740/673 697/764/697 672/739/672
f 698/765/698 671/738/671 672/739/672
f 697/764/697 699/766/699 672/739/672
f 672/739/672 699/766/699 698/765/698
f 670/737/670 671/738/671 698/765/698
f 668/735/668 670/737/670 700/767/700
f 698/765/698 700/767/700 670/737/670
f 700/767/700 701/768/701 668/735/668
f 669/736/669 668/735/668 701/768/701
f 688/755/688 702/769/702 689/756/689
f 689/756/689 702/769/702 692/759/692
f 703/770/703 702/769/702 688/755/688
f 703/770/703 692/759/692 702/769/702
f 688/755/688 540/540/540 703/770/703
f 703/770/703 540/540/540 541/541/541
f 703/770/703 629/771/629 692/759/692
f 703/770/703 541/541/541 543/543/543
f 543/543/543 629/771/629 703/770/703
f 543/543/543 626/772/626 629/771/629
f 567/567/567 626/772/626 543/543/543
f 701/768/701 704/773/704 669/736/669
f 676/743/676 669/736/669 704/773/704
f 704/773/704 705/774/705 676/743/676
f 677/744/677 676/743/676 705/774/705
f 694/761/694 706/775/706 695/762/695
f 695/762/695 707/776/707 696/763/696
f 707/776/707 695/762/695 706/775/706
f 697/764/697 696/763/696 707/776/707
f 706/775/706 708/777/708 707/776/707
f 709/778/709 707/776/707 708/777/708
f 707/776/707 709/778/709 697/764/697
f 699/766/699 697/764/697 709/778/709
f 708/777/708 710/779/710 709/778/709
f 711/780/711 709/778/709 710/779/710
f 709/778/709 711/780/711 699/766/699
f 698/765/698 699/766/699 711/780/711
f 711/780/711 712/781/712 698/765/698
f 700/767/700 698/765/698 712/781/712
f 710/779/710 713/782/713 711/780/711
f 712/781/712 711/780/711 713/782/713
f 713/782/713 714/783/714 712/781/712
f 715/784/715 712/781/712 714/783/714
f 712/781/712 715/784/715 700/767/700
f 701/768/701 700/767/700 715/784/715
f 714/783/714 716/785/716 715/784/715
f 715/784/715 716/785/716 717/786/717
f 718/787/718 715/784/715 717/786/717
f 715/784/715 718/787/718 701/768/701
f 704/773/704 701/768/701 718/787/718
f 719/788/719 718/787/718 717/786/717
f 718/787/718 719/788/719 704/773/704
f 705/774/705 704/773/704 719/788/719
f 717/786/717 720/789/720 719/788/719
f 716/785/716 721/790/721 717/786/717
f 720/789/720 717/786/717 721/790/721
f 721/790/721 722/791/722 720/789/720
f 723/792/723 720/789/720 722/791/722
f 719/788/719 720/789/720 723/792/723
f 722/791/722 724/793/724 723/792/723
f 723/792/723 725/794/725 719/788/719
f 725/794/725 723/792/723 726/795/726
f 726/795/726 723/792/723 724/793/724
f 724/793/724 727/796/727 726/795/726
f 719/788/719 725/794/725 705/774/705
f 728/797/728 726/795/726 727/796/727
f 727/796/727 729/798/729 728/797/728
f 730/799/730 728/797/728 729/798/729
f 726/795/726 728/797/728 731/800/731
f 731/800/731 728/797/728 730/799/730
f 729/798/729 732/801/732 730/799/730
f 730/799/730 733/802/733 731/800/731
f 733/802/733 730/799/730 734/803/734
f 734/803/734 730/799/730 732/801/732
f 732/801/732 735/804/735 734/803/734
f 736/805/736 734/803/734 735/804/735
f 735/804/735 737/806/737 736/805/736
f 736/805/736 737/806/737 738/807/738
f 738/807/738 739/808/739 736/805/736
f 739/808/739 738/807/738 740/809/740
f 740/809/740 741/810/741 739/808/739
f 741/810/741 740/809/740 742/811/742
f 742/811/742 743/812/743 741/810/741
f 743/812/743 742/811/742 744/813/744
f 741/810/741 743/812/743 745/814/745
f 739/808/739 741/810/741 745/814/745
f 744/813/744 746/815/746 743/812/743
f 746/815/746 744/813/744 747/816/747
f 747/816/747 748/817/748 746/815/746
f 748/817/748 747/816/747 749/818/749
f 749/818/749 750/819/750 748/817/748
f 751/820/751 750/819/750 749/818/749
f 749/818/749 752/821/752 751/820/751
f 751/820/751 752/821/752 753/822/753
f 753/822/753 754/823/754 751/820/751
f 754/823/754 753/822/753 755/824/755
f 755/824/755 756/825/756 754/823/754
f 756/825/756 755/824/755 757/826/757
f 745/814/745 743/812/743 758/827/758
f 743/812/743 746/815/746 758/827/758
f 759/828/759 758/827/758 746/815/746
f 746/815/746 748/817/748 759/828/759
f 748/817/748 750/819/750 760/829/760
f 760/829/760 759/828/759 748/817/748
f 760/829/760 750/819/750 751/820/751
f 758/827/758 759/828/759 761/830/761
f 761/830/761 759/828/759 760/829/760
f 758/827/758 761/830/761 745/814/745
f 760/829/760 762/831/762 761/830/761
f 763/832/763 762/831/762 760/829/760
f 757/826/757 764/833/764 756/825/756
f 764/833/764 757/826/757 765/834/765
f 765/834/765 766/835/766 764/833/764
f 766/835/766 765/834/765 767/836/767
f 751/820/751 768/837/768 760/829/760
f 768/837/768 751/820/751 754/823/754
f 760/829/760 768/837/768 763/832/763
f 754/823/754 769/838/769 768/837/768
f 756/825/756 769/838/769 754/823/754
f 770/839/770 769/838/769 756/825/756
f 770/839/770 756/825/756 764/833/764
f 768/837/768 769/838/769 771/840/771
f 771/840/771 769/838/769 770/839/770
f 771/840/771 763/832/763 768/837/768
f 772/841/772 762/831/762 763/832/763
f 761/830/761 762/831/762 772/841/772
f 772/841/772 773/842/773 761/830/761
f 774/843/774 761/830/761 773/842/773
f 763/832/763 775/844/775 772/841/772
f 775/844/775 763/832/763 771/840/771
f 776/845/776 772/841/772 775/844/775
f 773/842/773 772/841/772 776/845/776
f 775/844/775 777/846/777 776/845/776
f 777/846/777 775/844/775 778/847/778
f 771/840/771 778/847/778 775/844/775
f 778/847/778 779/848/779 777/846/777
f 520/520/520 777/846/777 779/848/779
f 776/845/776 777/846/777 520/520/520
f 779/848/779 519/519/519 520/520/520
f 520/520/520 521/521/521 776/845/776
f 780/849/780 776/845/776 521/521/521
f 521/521/521 522/522/522 780/849/780
f 776/845/776 780/849/780 773/842/773
f 781/850/781 780/849/780 522/522/522
f 780/849/780 781/850/781 773/842/773
f 522/522/522 523/523/523 781/850/781
f 781/850/781 782/851/782 773/842/773
f 783/852/783 781/850/781 523/523/523
f 782/851/782 781/850/781 783/852/783
f 523/523/523 524/524/524 783/852/783
f 783/852/783 524/524/524 525/525/525
f 525/525/525 784/853/784 783/852/783
f 785/854/785 783/852/783 784/853/784
f 786/855/786 784/853/784 525/525/525
f 525/525/525 526/526/526 786/855/786
f 786/855/786 526/526/526 527/527/527
f 527/527/527 787/856/787 786/855/786
f 680/747/680 787/856/787 527/527/527
f 788/857/788 787/856/787 680/747/680
f 680/747/680 681/748/681 788/857/788
f 789/858/789 681/748/681 683/750/683
f 681/748/681 789/858/789 788/857/788
f 683/750/683 686/753/686 789/858/789
f 789/858/789 686/753/686 790/859/790
f 790/859/790 686/753/686 678/745/678
f 678/745/678 677/744/677 790/859/790
f 705/774/705 790/859/790 677/744/677
f 790/859/790 705/774/705 725/794/725
f 725/794/725 791/860/791 790/859/790
f 726/795/726 791/860/791 725/794/725
f 731/800/731 791/860/791 726/795/726
f 791/860/791 731/800/731 792/861/792
f 792/861/792 790/859/790 791/860/791
f 792/861/792 731/800/731 733/802/733
f 790/859/790 792/861/792 789/858/789
f 792/861/792 788/857/788 789/858/789
f 733/802/733 793/862/793 792/861/792
f 794/863/794 792/861/792 793/862/793
f 793/862/793 733/802/733 795/864/795
f 734/803/734 795/864/795 733/802/733
f 795/864/795 796/865/796 793/862/793
f 783/852/783 785/854/785 782/851/782
f 774/843/774 773/842/773 782/851/782
f 797/866/797 782/851/782 785/854/785
f 782/851/782 797/866/797 774/843/774
f 785/854/785 796/865/796 797/866/797
f 784/853/784 798/867/798 785/854/785
f 796/865/796 785/854/785 798/867/798
f 798/867/798 784/853/784 786/855/786
f 786/855/786 799/868/799 798/867/798
f 799/868/799 786/855/786 787/856/787
f 787/856/787 788/857/788 799/868/799
f 798/867/798 799/868/799 793/862/793
f 788/857/788 792/861/792 794/863/794
f 799/868/799 788/857/788 794/863/794
f 799/868/799 794/863/794 793/862/793
f 798/867/798 793/862/793 796/865/796
f 797/866/797 796/865/796 795/864/795
f 795/864/795 800/869/800 797/866/797
f 800/869/800 795/864/795 734/803/734
f 734/803/734 736/805/736 800/869/800
f 800/869/800 801/870/801 797/866/797
f 801/870/801 800/869/800 736/805/736
f 736/805/736 739/808/739 801/870/801
f 745/814/745 801/870/801 739/808/739
f 774/843/774 797/866/797 801/870/801
f 761/830/761 774/843/774 801/870/801
f 801/870/801 745/814/745 761/830/761
f 779/848/779 778/847/778 802/871/802
f 802/871/802 803/872/803 779/848/779
f 519/519/519 779/848/779 803/872/803
f 804/873/804 803/872/803 802/871/802
f 803/872/803 804/873/804 517/517/517
f 517/517/517 518/518/518 803/872/803
f 803/872/803 518/518/518 519/519/519
f 517/517/517 804/873/804 805/874/805
f 805/874/805 515/515/515 517/517/517
f 805/874/805 806/875/806 515/515/515
f 514/514/514 515/515/515 806/875/806
f 806/875/806 805/874/805 807/876/807
f 807/876/807 805/874/805 804/873/804
f 514/514/514 806/875/806 808/877/808
f 513/513/513 514/514/514 808/877/808
f 808/877/808 806/875/806 809/878/809
f 807/876/807 809/878/809 806/875/806
f 809/878/809 810/879/810 808/877/808
f 808/877/808 811/880/811 513/513/513
f 811/880/811 808/877/808 810/879/810
f 810/879/810 809/878/809 812/881/812
f 810/879/810 813/882/813 811/880/811
f 812/881/812 814/883/814 810/879/810
f 813/882/813 810/879/810 814/883/814
f 814/883/814 815/884/815 813/882/813
f 815/884/815 814/883/814 816/885/816
f 813/882/813 815/884/815 817/886/817
f 816/885/816 818/887/818 815/884/815
f 817/886/817 815/884/815 818/887/818
f 817/886/817 819/888/819 813/882/813
f 811/880/811 813/882/813 819/888/819
f 819/888/819 817/886/817 820/889/820
f 820/889/820 817/886/817 821/890/821
f 818/887/818 821/890/821 817/886/817
f 821/890/821 822/891/822 820/889/820
f 822/891/822 821/890/821 823/892/823
f 823/892/823 821/890/821 818/887/818
f 823/892/823 824/893/824 822/891/822
f 513/513/513 811/880/811 825/894/825
f 825/894/825 512/512/512 513/513/513
f 819/888/819 825/894/825 811/880/811
f 511/511/511 512/512/512 825/894/825
f 825/894/825 819/888/819 826/895/826
f 820/889/820 826/895/826 819/888/819
f 826/895/826 827/896/827 825/894/825
f 825/894/825 827/896/827 511/511/511
f 511/511/511 827/896/827 828/897/828
f 828/897/828 510/510/510 511/511/511
f 509/509/509 510/510/510 828/897/828
f 828/897/828 829/898/829 509/509/509
f 509/509/509 829/898/829 830/899/830
f 507/507/507 509/509/509 830/899/830
f 507/507/507 830/899/830 831/900/831
f 507/507/507 831/900/831 508/508/508
f 831/900/831 830/899/830 832/901/832
f 508/508/508 831/900/831 833/902/833
f 832/901/832 834/903/834 831/900/831
f 833/902/833 831/900/831 834/903/834
f 834/903/834 832/901/832 835/904/835
f 834/903/834 836/905/836 833/902/833
f 835/904/835 837/906/837 834/903/834
f 836/905/836 834/903/834 837/906/837
f 838/907/838 837/906/837 835/904/835
f 836/905/836 837/906/837 839/908/839
f 839/908/839 837/906/837 838/907/838
f 839/908/839 840/909/840 836/905/836
f 841/910/841 836/905/836 840/909/840
f 842/911/842 840/909/840 839/908/839
f 840/909/840 842/911/842 843/912/843
f 839/908/839 844/913/844 842/911/842
f 843/912/843 845/914/845 840/909/840
f 845/914/845 843/912/843 846/915/846
f 844/913/844 839/908/839 847/916/847
f 847/916/847 848/917/848 844/913/844
f 847/916/847 839/908/839 838/907/838
f 848/917/848 847/916/847 849/918/849
f 849/918/849 847/916/847 838/907/838
f 849/918/849 850/919/850 848/917/848
f 850/919/850 849/918/849 851/920/851
f 851/920/851 852/921/852 850/919/850
f 852/921/852 851/920/851 853/922/853
f 853/922/853 854/923/854 852/921/852
f 854/923/854 853/922/853 824/893/824
f 824/893/824 855/924/855 854/923/854
f 855/924/855 824/893/824 823/892/823
f 823/892/823 856/925/856 855/924/855
f 856/925/856 823/892/823 857/926/857
f 818/887/818 857/926/857 823/892/823
f 857/926/857 858/927/858 856/925/856
f 858/927/858 857/926/857 859/928/859
f 859/928/859 857/926/857 818/887/818
f 859/928/859 860/929/860 858/927/858
f 816/885/816 859/928/859 818/887/818
f 860/929/860 859/928/859 861/930/861
f 861/930/861 859/928/859 816/885/816
f 861/930/861 862/931/862 860/929/860
f 863/932/863 816/885/816 814/883/814
f 816/885/816 863/932/863 861/930/861
f 814/883/814 812/881/812 863/932/863
f 862/931/862 861/930/861 864/933/864
f 864/933/864 861/930/861 863/932/863
f 864/933/864 865/934/865 862/931/862
f 865/934/865 864/933/864 866/935/866
f 866/935/866 864/933/864 863/932/863
f 866/935/866 867/936/867 865/934/865
f 868/937/868 767/836/767 867/936/867
f 867/936/867 866/935/866 868/937/868
f 767/836/767 868/937/868 766/835/766
f 868/937/868 866/935/866 869/938/869
f 863/932/863 869/938/869 866/935/866
f 869/938/869 863/932/863 812/881/812
f 812/881/812 870/939/870 869/938/869
f 870/939/870 812/881/812 809/878/809
f 809/878/809 807/876/807 870/939/870
f 838/907/838 871/940/871 849/918/849
f 871/940/871 838/907/838 835/904/835
f 835/904/835 872/941/872 871/940/871
f 872/941/872 835/904/835 832/901/832
f 873/942/873 832/901/832 830/899/830
f 832/901/832 873/942/873 872/941/872
f 830/899/830 829/898/829 873/942/873
f 873/942/873 829/898/829 828/897/828
f 869/938/869 874/943/874 868/937/868
f 766/835/766 868/937/868 874/943/874
f 874/943/874 869/938/869 870/939/870
f 870/939/870 875/944/875 874/943/874
f 807/876/807 875/944/875 870/939/870
f 807/876/807 876/945/876 875/944/875
f 804/873/804 876/945/876 807/876/807
f 802/871/802 876/945/876 804/873/804
f 876/945/876 802/871/802 877/946/877
f 877/946/877 802/871/802 778/847/778
f 778/847/778 771/840/771 877/946/877
f 770/839/770 877/946/877 771/840/771
f 877/946/877 878/947/878 876/945/876
f 878/947/878 877/946/877 770/839/770
f 876/945/876 878/947/878 875/944/875
f 874/943/874 875/944/875 878/947/878
f 770/839/770 879/948/879 878/947/878
f 879/948/879 770/839/770 764/833/764
f 764/833/764 766/835/766 879/948/879
f 874/943/874 879/948/879 766/835/766
f 878/947/878 879/948/879 874/943/874
f 828/897/828 827/896/827 880/949/880
f 827/896/827 826/895/826 880/949/880
f 828/897/828 880/949/880 881/950/881
f 828/897/828 881/950/881 873/942/873
f 873/942/873 881/950/881 882/951/882
f 882/951/882 872/941/872 873/942/873
f 881/950/881 880/949/880 883/952/883
f 883/952/883 882/951/882 881/950/881
f 883/952/883 880/949/880 826/895/826
f 826/895/826 820/889/820 883/952/883
f 883/952/883 820/889/820 822/891/822
f 822/891/822 884/953/884 883/952/883
f 882/951/882 883/952/883 884/953/884
f 884/953/884 822/891/822 824/893/824
f 824/893/824 853/922/853 884/953/884
f 885/954/885 884/953/884 853/922/853
f 853/922/853 851/920/851 885/954/885
f 885/954/885 851/920/851 849/918/849
f 849/918/849 871/940/871 885/954/885
f 885/954/885 871/940/871 872/941/872
f 872/941/872 882/951/882 885/954/885
f 882/951/882 884/953/884 885/954/885
f 840/909/840 845/914/845 841/910/841
f 833/902/833 836/905/836 841/910/841
f 845/914/845 886/955/886 841/910/841
f 846/915/846 886/955/886 845/914/845
f 886/955/886 846/915/846 887/956/887
f 887/956/887 888/957/888 886/955/886
f 888/957/888 887/956/887 889/958/889
f 889/958/889 890/959/890 888/957/888
f 890/959/890 889/958/889 891/960/891
f 890/959/890 891/960/891 892/961/892
f 890/959/890 892/961/892 893/962/893
f 892/961/892 894/963/894 893/962/893
f 893/962/893 888/957/888 890/959/890
f 886/955/886 888/957/888 893/962/893
f 894/963/894 895/964/895 893/962/893
f 896/965/896 893/962/893 895/964/895
f 895/964/895 897/966/897 896/965/896
f 896/965/896 897/966/897 898/967/898
f 893/962/893 896/965/896 886/955/886
f 898/967/898 899/968/899 896/965/896
f 886/955/886 896/965/896 899/968/899
f 841/910/841 886/955/886 899/968/899
f 900/969/900 899/968/899 898/967/898
f 899/968/899 900/969/900 841/910/841
f 898/967/898 901/970/901 900/969/900
f 841/910/841 900/969/900 833/902/833
f 902/971/902 900/969/900 901/970/901
f 902/971/902 833/902/833 900/969/900
f 833/902/833 902/971/902 508/508/508
f 901/970/901 903/972/903 902/971/902
f 902/971/902 903/972/903 508/508/508
f 508/508/508 903/972/903 904/973/904
f 508/508/508 904/973/904 630/974/630
f 631/975/631 630/974/630 904/973/904
f 631/975/631 904/973/904 905/976/905
f 905/976/905 906/977/906 631/975/631
f 906/977/906 632/978/632 631/975/631
f 907/979/907 906/977/906 905/976/905
f 632/978/632 906/977/906 908/980/908
f 908/980/908 906/977/906 907/979/907
f 908/980/908 633/981/633 632/978/632
f 907/979/907 909/982/909 908/980/908
f 633/981/633 908/980/908 910/983/910
f 910/983/910 908/980/908 909/982/909
f 909/982/909 911/984/911 910/983/910
f 910/983/910 911/984/911 912/985/912
f 910/983/910 634/986/634 633/981/633
f 913/987/913 910/983/910 912/985/912
f 913/987/913 634/986/634 910/983/910
f 912/985/912 914/988/914 913/987/913
f 915/989/915 634/986/634 913/987/913
f 915/989/915 635/990/635 634/986/634
f 913/987/913 914/988/914 916/991/916
f 913/987/913 916/991/916 915/989/915
f 915/989/915 916/991/916 917/992/917
f 916/991/916 914/988/914 918/993/918
f 917/992/917 916/991/916 918/993/918
f 918/993/918 919/994/919 917/992/917
f 920/670/920 767/671/767 765/995/765
f 765/995/765 921/996/921 920/670/920
f 921/996/921 765/995/765 757/997/757
f 757/997/757 922/998/922 921/996/921
f 922/998/922 757/997/757 755/999/755
f 755/999/755 923/1000/923 922/998/922
f 923/1000/923 755/999/755 753/1001/753
f 753/1001/753 924/1002/924 923/1000/923
f 924/1002/924 753/1001/753 752/1003/752
f 752/1003/752 925/1004/925 924/1002/924
f 925/1004/925 752/1003/752 749/1005/749
f 749/1005/749 926/1006/926 925/1004/925
f 926/1006/926 749/1005/749 747/1007/747
f 747/1007/747 927/1008/927 926/1006/926
f 927/1008/927 747/1007/747 744/1009/744
f 744/1009/744 928/1010/928 927/1008/927
f 928/1010/928 744/1009/744 742/1011/742
f 742/1011/742 929/1012/929 928/1010/928
f 929/1012/929 742/1011/742 740/1013/740
f 740/1013/740 930/1014/930 929/1012/929
f 930/1014/930 740/1013/740 738/1015/738
f 738/1015/738 931/1016/931 930/1014/930
f 931/1016/931 738/1015/738 737/1017/737
f 737/1017/737 932/1018/932 931/1016/931
f 933/1019/933 932/1018/932 737/1017/737
f 737/1017/737 735/1020/735 933/1019/933
f 934/582/934 933/1019/933 735/1020/735
f 735/1020/735 732/581/732 934/582/934
f 767/581/767 920/582/920 935/1021/935
f 935/1021/935 867/1022/867 767/581/767
f 867/1022/867 935/1021/935 936/1023/936
f 936/1023/936 865/1024/865 867/1022/867
f 865/1024/865 936/1023/936 937/712/937
f 937/712/937 862/711/862 865/1024/865
f 862/711/862 937/712/937 938/1025/938
f 938/1025/938 860/1026/860 862/711/862
f 860/1026/860 938/1025/938 939/1027/939
f 939/1027/939 858/1028/858 860/1026/860
f 858/1028/858 939/1027/939 940/1029/940
f 940/1029/940 856/1030/856 858/1028/858
f 856/1030/856 940/1029/940 941/1031/941
f 941/1031/941 855/1032/855 856/1030/856
f 855/1032/855 941/1031/941 942/1033/942
f 942/1033/942 854/1034/854 855/1032/855
f 854/1034/854 942/1033/942 943/1035/943
f 943/1035/943 852/1036/852 854/1034/854
f 852/1036/852 943/1035/943 944/1037/944
f 944/1037/944 850/1038/850 852/1036/852
f 850/1038/850 944/1037/944 945/1039/945
f 945/1039/945 848/1040/848 850/1038/850
f 848/1040/848 945/1039/945 946/1041/946
f 946/1041/946 844/1042/844 848/1040/848
f 844/1042/844 946/1041/946 947/1043/947
f 947/1043/947 842/1044/842 844/1042/844
f 842/1044/842 947/1043/947 948/670/948
f 948/670/948 843/671/843 842/1044/842
f 843/1045/843 948/1046/948 949/1047/949
f 949/1047/949 846/1048/846 843/1045/843
f 846/1048/846 949/1047/949 950/1049/950
f 950/1049/950 887/1050/887 846/1048/846
f 887/1050/887 950/1049/950 951/1035/951
f 951/1035/951 889/1036/889 887/1050/887
f 889/1036/889 951/1035/951 952/1051/952
f 952/1051/952 891/1052/891 889/1036/889
f 891/1052/891 952/1051/952 892/1053/892
f 953/680/953 954/670/954 713/671/713
f 713/671/713 710/681/710 953/680/953
f 955/1054/955 953/680/953 710/681/710
f 710/681/710 708/1055/708 955/1054/955
f 956/1056/956 955/1054/955 708/1055/708
f 708/1055/708 706/1057/706 956/1056/956
f 957/1058/957 956/1056/956 706/1057/706
f 706/1057/706 694/1059/694 957/1058/957
f 958/1060/958 957/1058/957 694/1059/694
f 694/1059/694 693/1061/693 958/1060/958
f 958/1060/958 693/1061/693 690/1062/690
f 690/1062/690 959/1063/959 958/1060/958
f 959/1063/959 690/1062/690 691/1064/691
f 691/1064/691 960/1065/960 959/1063/959
f 961/585/961 960/1065/960 691/1064/691
f 691/1064/691 692/584/692 961/585/961
f 961/585/961 692/584/692 629/1045/629
f 629/1045/629 628/1046/628 961/585/961
f 714/584/714 713/581/713 954/582/954
f 954/582/954 962/585/962 714/584/714
f 716/1066/716 714/584/714 962/585/962
f 962/585/962 963/1067/963 716/1066/716
f 721/1068/721 716/1066/716 963/1067/963
f 963/1067/963 964/1069/964 721/1068/721
f 722/1070/722 721/1068/721 964/1069/964
f 964/1069/964 965/1071/965 722/1070/722
f 724/1072/724 722/1070/722 965/1071/965
f 965/1071/965 966/1073/966 724/1072/724
f 727/1074/727 724/1072/724 966/1073/966
f 966/1073/966 967/1075/967 727/1074/727
f 729/1076/729 727/1074/727 967/1075/967
f 967/1075/967 968/1077/968 729/1076/729
f 732/671/732 729/1076/729 968/1077/968
f 968/1077/968 934/670/934 732/671/732
f 905/1078/905 904/582/904 903/1079/903
f 903/1079/903 907/1080/907 905/1078/905
f 909/1081/909 907/1080/907 903/1079/903
f 903/1079/903 901/1082/901 909/1081/909
f 911/1083/911 909/1081/909 901/1082/901
f 901/1082/901 898/1084/898 911/1083/911
f 911/1083/911 898/1084/898 897/1085/897
f 897/1085/897 912/1086/912 911/1083/911
f 914/1087/914 912/1086/912 897/1085/897
f 897/1085/897 895/1088/895 914/1087/914
f 914/1087/914 895/1088/895 894/1089/894
f 894/1089/894 918/1090/918 914/1087/914
f 919/1091/919 918/1090/918 894/1089/894
f 894/1089/894 892/1092/892 919/1091/919
f 454/454/454 969/1093/969 970/1094/970
f 454/454/454 970/1094/970 445/445/445
f 970/1094/970 969/1093/969 971/1095/971
f 445/445/445 970/1094/970 446/446/446
f 971/1095/971 446/446/446 970/1094/970
f 972/1096/972 446/446/446 971/1095/971
f 971/1095/971 973/1097/973 972/1096/972
f 446/446/446 972/1096/972 974/1098/974
f 974/1098/974 438/438/438 446/446/446
f 975/1099/975 972/1096/972 973/1097/973
f 974/1098/974 972/1096/972 975/1099/975
f 973/1097/973 976/1100/976 975/1099/975
f 974/1098/974 977/1101/977 438/438/438
f 438/438/438 977/1101/977 439/439/439
f 978/1102/978 439/439/439 977/1101/977
f 441/441/441 439/439/439 978/1102/978
f 979/1103/979 977/1101/977 974/1098/974
f 977/1101/977 979/1103/979 978/1102/978
f 974/1098/974 980/1104/980 979/1103/979
f 975/1099/975 980/1104/980 974/1098/974
f 980/1104/980 975/1099/975 981/1105/981
f 981/1105/981 975/1099/975 976/1100/976
f 976/1100/976 982/1106/982 981/1105/981
f 981/1105/981 983/1107/983 980/1104/980
f 979/1103/979 980/1104/980 983/1107/983
f 984/1108/984 981/1105/981 982/1106/982
f 983/1107/983 981/1105/981 984/1108/984
f 982/1106/982 985/1109/985 984/1108/984
f 984/1108/984 986/1110/986 983/1107/983
f 987/1111/987 984/1108/984 985/1109/985
f 986/1110/986 984/1108/984 987/1111/987
f 985/1109/985 988/1112/988 987/1111/987
f 987/1111/987 989/1113/989 986/1110/986
f 990/1114/990 987/1111/987 988/1112/988
f 989/1113/989 987/1111/987 990/1114/990
f 988/1112/988 991/1115/991 990/1114/990
f 990/1114/990 991/1115/991 1347/1116/992
f 994/1117/993 990/1114/990 1347/1118/992
f 992/1119/994 994/1117/993 1347/1120/992
f 993/1121/995 1347/1122/992 995/1123/996
f 989/1113/989 990/1114/990 994/1117/993
f 995/1123/996 996/1124/997 993/1121/995
f 997/1125/998 993/1121/995 996/1124/997
f 998/1126/999 996/1124/997 995/1123/996
f 999/1127/1000 996/1124/997 998/1126/999
f 996/1124/997 999/1127/1000 997/1125/998
f 998/1126/999 1000/1128/1001 999/1127/1000
f 997/1125/998 999/1127/1000 1001/1129/1002
f 1000/1128/1001 998/1126/999 1002/1130/1003
f 1002/1130/1003 998/1126/999 995/1123/996
f 1001/1129/1002 1003/1131/1004 997/1125/998
f 1004/1132/1005 992/1119/994 1347/1133/992
f 1004/1132/1005 1347/1134/992 993/1121/995
f 993/1121/995 997/1125/998 1004/1132/1005
f 1004/1132/1005 997/1125/998 1003/1131/1004
f 992/1119/994 1004/1132/1005 1005/1135/1006
f 1003/1131/1004 1005/1135/1006 1004/1132/1005
f 1005/1135/1006 1006/1136/1007 992/1119/994
f 994/1117/993 992/1119/994 1006/1136/1007
f 1007/1137/1008 1006/1136/1007 1005/1135/1006
f 1002/1130/1003 995/1123/996 1008/1138/1009
f 1008/1138/1009 995/1123/996 1347/1123/992
f 1347/1123/992 1009/1138/1010 1008/1138/1009
f 1010/1138/1011 1008/1138/1009 1009/1138/1010
f 1009/1138/1010 1011/1138/1012 1010/1138/1011
f 1011/1138/1012 1012/1138/1013 1013/1138/1014
f 1013/1138/1014 1010/1138/1011 1011/1138/1012
f 1014/1139/1015 1010/1138/1011 1013/1138/1014
f 1013/1138/1014 1015/1139/1016 1014/1139/1015
f 1016/1140/1017 1014/1139/1015 1015/1139/1016
f 1015/1139/1016 1017/1140/1018 1016/1140/1017
f 1014/1139/1015 1016/1140/1017 1018/1140/1019
f 1018/1140/1019 1019/1139/1020 1014/1139/1015
f 1019/1139/1020 1008/1138/1009 1010/1138/1011
f 1008/1138/1009 1019/1139/1020 1002/1130/1003
f 1019/1139/1020 1018/1140/1019 1020/1141/1021
f 1020/1141/1021 1002/1130/1003 1019/1139/1020
f 1020/1141/1021 1021/1142/1022 1002/1130/1003
f 1002/1130/1003 1021/1142/1022 1000/1128/1001
f 1022/1143/1023 1021/1142/1022 1020/1141/1021
f 1000/1128/1001 1021/1142/1022 1022/1143/1023
f 1022/1143/1023 1023/1144/1024 1000/1128/1001
f 999/1127/1000 1000/1128/1001 1023/1144/1024
f 1024/1145/1025 1020/1141/1021 1018/1140/1019
f 1020/1141/1021 1024/1145/1025 1022/1143/1023
f 1018/1140/1019 1025/1146/1026 1024/1145/1025
f 1026/1147/1027 1024/1145/1025 1025/1146/1026
f 1027/1148/1028 1025/1146/1026 1028/1146/1029
f 1025/1146/1026 1027/1148/1028 1026/1147/1027
f 1029/1149/1030 1026/1147/1027 1027/1148/1028
f 1024/1145/1025 1026/1147/1027 1030/1150/1031
f 1030/1150/1031 1022/1143/1023 1024/1145/1025
f 1030/1150/1031 1026/1147/1027 1029/1149/1030
f 1023/1144/1024 1022/1143/1023 1030/1150/1031
f 1030/1150/1031 1031/1151/1032 1023/1144/1024
f 1001/1129/1002 1023/1144/1024 1031/1151/1032
f 1023/1144/1024 1001/1129/1002 999/1127/1000
f 1031/1151/1032 1032/1152/1033 1001/1129/1002
f 1003/1131/1004 1001/1129/1002 1032/1152/1033
f 1032/1152/1033 1031/1151/1032 1033/1153/1034
f 1033/1153/1034 1034/1154/1035 1032/1152/1033
f 1035/1155/1036 1032/1152/1033 1034/1154/1035
f 1034/1154/1035 1033/1153/1034 1036/1156/1037
f 1031/1151/1032 1037/1157/1038 1033/1153/1034
f 1037/1157/1038 1036/1156/1037 1033/1153/1034
f 1031/1151/1032 1030/1150/1031 1037/1157/1038
f 1029/1149/1030 1037/1157/1038 1030/1150/1031
f 1037/1157/1038 1029/1149/1030 1038/1158/1039
f 1039/1159/1040 1038/1158/1039 1029/1149/1030
f 1038/1158/1039 1040/1160/1041 1037/1157/1038
f 1037/1157/1038 1040/1160/1041 1036/1156/1037
f 1040/1160/1041 1038/1158/1039 1041/1161/1042
f 1041/1161/1042 1042/1162/1043 1040/1160/1041
f 1036/1156/1037 1040/1160/1041 1042/1162/1043
f 1042/1162/1043 1041/1161/1042 1043/1163/1044
f 1043/1163/1044 1044/1164/1045 1042/1162/1043
f 1036/1156/1037 1042/1162/1043 1045/1165/1046
f 1042/1162/1043 1044/1164/1045 1046/1166/1047
f 1042/1162/1043 1046/1166/1047 1045/1165/1046
f 1047/1167/1048 1036/1156/1037 1045/1165/1046
f 1036/1156/1037 1047/1167/1048 1034/1154/1035
f 1045/1165/1046 1048/1168/1049 1047/1167/1048
f 1048/1168/1049 1045/1165/1046 1046/1166/1047
f 1049/1169/1050 1034/1154/1035 1047/1167/1048
f 1034/1154/1035 1049/1169/1050 1035/1155/1036
f 1047/1167/1048 1050/1170/1051 1049/1169/1050
f 1050/1170/1051 1047/1167/1048 1048/1168/1049
f 1032/1152/1033 1035/1155/1036 1003/1131/1004
f 1005/1135/1006 1003/1131/1004 1035/1155/1036
f 1048/1168/1049 1051/1171/1052 1050/1170/1051
f 1051/1171/1052 1048/1168/1049 1052/1172/1053
f 1046/1166/1047 1052/1172/1053 1048/1168/1049
f 1052/1172/1053 1053/1173/1054 1051/1171/1052
f 1053/1173/1054 1052/1172/1053 1054/1174/1055
f 1055/1175/1056 1054/1174/1055 1052/1172/1053
f 1052/1172/1053 1046/1166/1047 1055/1175/1056
f 1046/1166/1047 1044/1164/1045 1056/1176/1057
f 1056/1176/1057 1055/1175/1056 1046/1166/1047
f 1057/1177/1058 1056/1176/1057 1044/1164/1045
f 1044/1164/1045 1043/1163/1044 1057/1177/1058
f 1057/1177/1058 1058/1178/1059 1056/1176/1057
f 1056/1176/1057 1058/1178/1059 1055/1175/1056
f 1057/1177/1058 1059/1179/1060 1058/1178/1059
f 1060/1180/1061 1058/1178/1059 1059/1179/1060
f 1055/1175/1056 1058/1178/1059 1060/1180/1061
f 102/102/102 103/103/103 1060/1180/1061
f 1054/1174/1055 1055/1175/1056 1061/1181/1062
f 1060/1180/1061 1061/1181/1062 1055/1175/1056
f 1061/1181/1062 340/340/340 341/341/341
f 103/103/103 340/340/340 1061/1181/1062
f 1061/1181/1062 1060/1180/1061 103/103/103
f 341/341/341 1062/1182/1063 1061/1181/1062
f 1061/1181/1062 1062/1182/1063 1054/1174/1055
f 1062/1182/1063 341/341/341 343/343/343
f 343/343/343 1063/1183/1064 1062/1182/1063
f 1063/1183/1064 343/343/343 363/363/363
f 363/363/363 1064/1184/1065 1063/1183/1064
f 1064/1184/1065 363/363/363 396/396/396
f 443/443/443 1064/1184/1065 396/396/396
f 1064/1184/1065 443/443/443 1065/1185/1066
f 1063/1183/1064 1064/1184/1065 1065/1185/1066
f 442/442/442 1065/1185/1066 443/443/443
f 1035/1155/1036 1049/1169/1050 1066/1186/1067
f 1066/1186/1067 1049/1169/1050 1050/1170/1051
f 1066/1186/1067 1067/1187/1068 1035/1155/1036
f 1035/1155/1036 1067/1187/1068 1005/1135/1006
f 1005/1135/1006 1067/1187/1068 1007/1137/1008
f 1068/1188/1069 1007/1137/1008 1067/1187/1068
f 1062/1182/1063 1063/1183/1064 1069/1189/1070
f 1069/1189/1070 1054/1174/1055 1062/1182/1063
f 1054/1174/1055 1069/1189/1070 1053/1173/1054
f 1065/1185/1066 1069/1189/1070 1063/1183/1064
f 1053/1173/1054 1069/1189/1070 1065/1185/1066
f 1065/1185/1066 1070/1190/1071 1053/1173/1054
f 1053/1173/1054 1070/1190/1071 1071/1191/1072
f 1071/1191/1072 1051/1171/1052 1053/1173/1054
f 1072/1192/1073 1050/1170/1051 1051/1171/1052
f 1051/1171/1052 1071/1191/1072 1072/1192/1073
f 1050/1170/1051 1072/1192/1073 1066/1186/1067
f 1067/1187/1068 1066/1186/1067 1068/1188/1069
f 1066/1186/1067 1072/1192/1073 1073/1193/1074
f 1073/1193/1074 1068/1188/1069 1066/1186/1067
f 1073/1193/1074 1072/1192/1073 1071/1191/1072
f 1068/1188/1069 1073/1193/1074 1074/1194/1075
f 1068/1188/1069 1074/1194/1075 1075/1195/1076
f 1075/1195/1076 1007/1137/1008 1068/1188/1069
f 1006/1136/1007 1007/1137/1008 1075/1195/1076
f 1075/1195/1076 1076/1196/1077 1006/1136/1007
f 1006/1136/1007 1076/1196/1077 994/1117/993
f 1076/1196/1077 1077/1197/1078 994/1117/993
f 1075/1195/1076 1078/1198/1079 1076/1196/1077
f 1077/1197/1078 1076/1196/1077 1078/1198/1079
f 1075/1195/1076 1074/1194/1075 1079/1199/1080
f 1079/1199/1080 1078/1198/1079 1075/1195/1076
f 1080/1200/1081 1079/1199/1080 1074/1194/1075
f 1073/1193/1074 1080/1200/1081 1074/1194/1075
f 1081/1201/1082 1080/1200/1081 1073/1193/1074
f 1073/1193/1074 1082/1202/1083 1081/1201/1082
f 1071/1191/1072 1082/1202/1083 1073/1193/1074
f 1082/1202/1083 1071/1191/1072 1070/1190/1071
f 1083/1203/1084 1081/1201/1082 1082/1202/1083
f 994/1117/993 1077/1197/1078 989/1113/989
f 986/1110/986 989/1113/989 1077/1197/1078
f 1078/1198/1079 1084/1204/1085 1077/1197/1078
f 1084/1204/1085 1078/1198/1079 1079/1199/1080
f 1077/1197/1078 1084/1204/1085 986/1110/986
f 986/1110/986 1084/1204/1085 1085/1205/1086
f 1085/1205/1086 1084/1204/1085 1079/1199/1080
f 1085/1205/1086 983/1107/983 986/1110/986
f 983/1107/983 1085/1205/1086 979/1103/979
f 1079/1199/1080 1086/1206/1087 1085/1205/1086
f 1080/1200/1081 1086/1206/1087 1079/1199/1080
f 1087/1207/1088 1086/1206/1087 1080/1200/1081
f 1085/1205/1086 1086/1206/1087 1087/1207/1088
f 979/1103/979 1085/1205/1086 1087/1207/1088
f 1080/1200/1081 1081/1201/1082 1087/1207/1088
f 1087/1207/1088 978/1102/978 979/1103/979
f 1087/1207/1088 1081/1201/1082 1083/1203/1084
f 1083/1203/1084 978/1102/978 1087/1207/1088
f 441/441/441 978/1102/978 1083/1203/1084
f 1088/1208/1089 441/441/441 1083/1203/1084
f 440/440/440 441/441/441 1088/1208/1089
f 1088/1208/1089 442/442/442 440/440/440
f 442/442/442 1088/1208/1089 1065/1185/1066
f 1070/1190/1071 1065/1185/1066 1088/1208/1089
f 1083/1203/1084 1089/1209/1090 1088/1208/1089
f 1088/1208/1089 1089/1209/1090 1070/1190/1071
f 1070/1190/1071 1089/1209/1090 1082/1202/1083
f 1082/1202/1083 1089/1209/1090 1083/1203/1084
f 1028/1146/1029 1090/1148/1091 1027/1148/1028
f 1010/1138/1011 1014/1139/1015 1019/1139/1020
f 1091/1210/1092 1092/1159/1093 1093/1159/1094
f 1094/1211/1095 1095/1212/1096 1096/1212/1097
f 1095/1212/1096 1097/1213/1098 1098/1213/1099
f 1098/1213/1099 1096/1212/1097 1095/1212/1096
f 1099/1214/1100 1100/1215/1101 1101/1215/1102
f 1102/1215/1103 1103/1214/1104 1104/1214/1105
f 1105/1216/1106 1106/1217/1107 1107/1217/1108
f 1107/1217/1108 1347/1216/1109 1105/1216/1106
f 1108/1218/1110 1105/1216/1106 1347/1216/1109
f 1100/1215/1101 1109/1219/1111 1110/1219/1112
f 1110/1219/1112 1101/1215/1102 1100/1215/1101
f 1111/1220/1113 1112/1221/1114 1113/1221/1115
f 1114/1222/1116 1115/1223/1117 1116/1223/1118
f 1117/1224/1119 1118/1224/1120 1111/1220/1113
f 1118/1225/1120 1116/1223/1118 1115/1223/1117
f 1115/1223/1117 1119/1225/1121 1118/1225/1120
f 1039/1159/1040 1120/1210/1122 1121/1210/1123
f 1121/1210/1123 1093/1159/1094 1039/1159/1040
f 1122/1226/1124 1123/1227/1125 1124/1227/1126
f 1124/1227/1126 1125/1226/1127 1122/1226/1124
f 1126/1228/1128 1093/1229/1094 1092/1229/1093
f 1126/1228/1128 1092/1229/1093 1098/1213/1099
f 1112/1230/1114 1127/1219/1129 1110/1219/1112
f 1101/1215/1102 1110/1219/1112 1127/1219/1129
f 1128/1231/1130 164/164/164 158/158/158
f 158/158/158 1129/1232/1131 1128/1231/1130
f 1128/1231/1130 1129/1232/1131 1130/1233/1132
f 1130/1233/1132 1129/1232/1131 158/158/158
f 158/158/158 157/157/157 1130/1233/1132
f 1131/1234/1133 1128/1231/1130 1130/1233/1132
f 1130/1233/1132 1132/1235/1134 1131/1234/1133
f 1132/1235/1134 1130/1233/1132 157/157/157
f 1133/1236/1135 1131/1234/1133 1132/1235/1134
f 1133/1236/1135 1134/1237/1136 1135/1238/1137
f 1134/1237/1136 1133/1236/1135 1136/1239/1138
f 1132/1235/1134 1136/1239/1138 1133/1236/1135
f 1136/1239/1138 1137/1240/1139 1134/1237/1136
f 1136/1239/1138 1132/1235/1134 1138/1241/1140
f 1138/1241/1140 1137/1240/1139 1136/1239/1138
f 157/157/157 1138/1241/1140 1132/1235/1134
f 1138/1241/1140 157/157/157 153/153/153
f 153/153/153 1139/1242/1141 1138/1241/1140
f 1140/1243/1142 1137/1240/1139 1138/1241/1140
f 1138/1241/1140 1139/1242/1141 1140/1243/1142
f 1137/1240/1139 1140/1243/1142 1141/1244/1143
f 1140/1243/1142 1142/1245/1144 1141/1244/1143
f 1142/1245/1144 1143/1246/1145 1141/1244/1143
f 1144/1247/1146 1143/1246/1145 1142/1245/1144
f 1142/1245/1144 1145/1248/1147 1144/1247/1146
f 1145/1248/1147 1146/1249/1148 1144/1247/1146
f 1147/1250/1149 1148/1249/1150 1146/1249/1148
f 1149/1250/1151 1146/1249/1148 1145/1248/1147
f 1146/1249/1148 1149/1250/1151 1147/1250/1149
f 1125/1226/1127 1147/1250/1149 1149/1250/1151
f 1145/1248/1147 1150/1251/1152 1149/1250/1151
f 1151/1252/1153 1150/1251/1152 1145/1248/1147
f 1152/1253/1154 1150/1251/1152 1151/1252/1153
f 1149/1250/1151 1150/1251/1152 1152/1253/1154
f 1152/1253/1154 1122/1226/1124 1149/1250/1151
f 1149/1250/1151 1122/1226/1124 1125/1226/1127
f 1122/1226/1124 1152/1253/1154 1153/1254/1155
f 1153/1254/1155 1123/1227/1125 1122/1226/1124
f 1154/1255/1156 1124/1227/1126 1123/1227/1125
f 1155/1255/1157 1123/1227/1125 1153/1254/1155
f 1123/1227/1125 1155/1255/1157 1154/1255/1156
f 1153/1254/1155 1156/1256/1158 1155/1255/1157
f 1157/1257/1159 1156/1256/1158 1153/1254/1155
f 1153/1254/1155 1158/1258/1160 1157/1257/1159
f 1158/1258/1160 1153/1254/1155 1159/1259/1161
f 1153/1254/1155 1152/1253/1154 1159/1259/1161
f 1159/1259/1161 1160/1260/1162 1158/1258/1160
f 1157/1257/1159 1158/1258/1160 1160/1260/1162
f 1151/1252/1153 1159/1259/1161 1152/1253/1154
f 1151/1252/1153 1161/1261/1163 1159/1259/1161
f 1159/1259/1161 1161/1261/1163 1160/1260/1162
f 1162/1262/1164 1161/1261/1163 1151/1252/1153
f 1151/1252/1153 1145/1248/1147 1162/1262/1164
f 1162/1262/1164 1145/1248/1147 1142/1245/1144
f 1142/1245/1144 1163/1263/1165 1162/1262/1164
f 1163/1263/1165 1142/1245/1144 1140/1243/1142
f 1140/1243/1142 1164/1264/1166 1163/1263/1165
f 1139/1242/1141 1164/1264/1166 1140/1243/1142
f 1139/1242/1141 1165/1265/1167 1164/1264/1166
f 1165/1265/1167 1139/1242/1141 153/153/153
f 153/153/153 151/151/151 1165/1265/1167
f 1165/1265/1167 151/151/151 140/140/140
f 140/140/140 1166/1266/1168 1165/1265/1167
f 1166/1266/1168 140/140/140 133/133/133
f 1166/1266/1168 1167/1267/1169 1165/1265/1167
f 1165/1265/1167 1167/1267/1169 1164/1264/1166
f 133/133/133 1168/1268/1170 1166/1266/1168
f 1167/1267/1169 1166/1266/1168 1168/1268/1170
f 1168/1268/1170 133/133/133 132/132/132
f 132/132/132 1169/1269/1171 1168/1268/1170
f 1169/1269/1171 132/132/132 121/121/121
f 121/121/121 1170/1270/1172 1169/1269/1171
f 1170/1270/1172 121/121/121 120/120/120
f 120/120/120 1171/1271/1173 1170/1270/1172
f 1171/1271/1173 120/120/120 119/119/119
f 119/119/119 1172/1272/1174 1171/1271/1173
f 1172/1272/1174 119/119/119 118/118/118
f 118/118/118 1173/1273/1175 1172/1272/1174
f 118/118/118 117/117/117 1173/1273/1175
f 117/117/117 1174/1274/1176 1173/1273/1175
f 117/117/117 116/116/116 1174/1274/1176
f 1174/1274/1176 116/116/116 115/115/115
f 115/115/115 1175/1275/1177 1174/1274/1176
f 1175/1275/1177 115/115/115 114/114/114
f 1168/1268/1170 1169/1269/1171 1176/1276/1178
f 1169/1269/1171 1170/1270/1172 1176/1276/1178
f 1176/1276/1178 1177/1277/1179 1168/1268/1170
f 1168/1268/1170 1177/1277/1179 1167/1267/1169
f 1178/1278/1180 1167/1267/1169 1177/1277/1179
f 1164/1264/1166 1167/1267/1169 1178/1278/1180
f 1163/1263/1165 1164/1264/1166 1178/1278/1180
f 1179/1279/1181 1162/1262/1164 1163/1263/1165
f 1163/1263/1165 1178/1278/1180 1180/1280/1182
f 1163/1263/1165 1180/1280/1182 1179/1279/1181
f 1162/1262/1164 1179/1279/1181 1181/1281/1183
f 1181/1281/1183 1161/1261/1163 1162/1262/1164
f 1160/1260/1162 1161/1261/1163 1181/1281/1183
f 1181/1281/1183 1182/1282/1184 1160/1260/1162
f 1183/1283/1185 1160/1260/1162 1182/1282/1184
f 1182/1282/1184 1181/1281/1183 1184/1284/1186
f 1184/1284/1186 1181/1281/1183 1179/1279/1181
f 1184/1284/1186 1179/1279/1181 1180/1280/1182
f 1184/1284/1186 1185/1285/1187 1182/1282/1184
f 1186/1286/1188 1182/1282/1184 1185/1285/1187
f 1187/1287/1189 1185/1285/1187 1184/1284/1186
f 1188/1288/1190 1184/1284/1186 1180/1280/1182
f 1184/1284/1186 1188/1288/1190 1187/1287/1189
f 1189/1289/1191 1187/1287/1189 1188/1288/1190
f 1190/1290/1192 1177/1277/1179 1176/1276/1178
f 1177/1277/1179 1190/1290/1192 1178/1278/1180
f 1180/1280/1182 1178/1278/1180 1190/1290/1192
f 1190/1290/1192 1191/1291/1193 1180/1280/1182
f 1180/1280/1182 1191/1291/1193 1188/1288/1190
f 1191/1291/1193 1190/1290/1192 1192/1292/1194
f 1176/1276/1178 1192/1292/1194 1190/1290/1192
f 1192/1292/1194 1193/1293/1195 1191/1291/1193
f 1193/1293/1195 1192/1292/1194 1194/1294/1196
f 1195/1295/1197 1194/1294/1196 1192/1292/1194
f 1192/1292/1194 1176/1276/1178 1195/1295/1197
f 1170/1270/1172 1195/1295/1197 1176/1276/1178
f 1170/1270/1172 1171/1271/1173 1195/1295/1197
f 1194/1294/1196 1195/1295/1197 1196/1296/1198
f 1196/1296/1198 1195/1295/1197 1171/1271/1173
f 1171/1271/1173 1172/1272/1174 1196/1296/1198
f 1196/1296/1198 1172/1272/1174 1173/1273/1175
f 1160/1260/1162 1183/1283/1185 1157/1257/1159
f 1173/1273/1175 1197/1297/1199 1196/1296/1198
f 1157/1257/1159 1183/1283/1185 1198/1298/1200
f 1182/1282/1184 1186/1286/1188 1183/1283/1185
f 1198/1298/1200 1183/1283/1185 1186/1286/1188
f 1198/1298/1200 1199/1299/1201 1157/1257/1159
f 1156/1256/1158 1157/1257/1159 1199/1299/1201
f 1186/1286/1188 1200/1300/1202 1198/1298/1200
f 1199/1299/1201 1198/1298/1200 1201/1301/1203
f 1201/1301/1203 1198/1298/1200 1200/1300/1202
f 1200/1300/1202 1186/1286/1188 1202/1302/1204
f 1185/1285/1187 1202/1302/1204 1186/1286/1188
f 1202/1302/1204 1203/1303/1205 1200/1300/1202
f 1204/1304/1206 1197/1297/1199 1173/1273/1175
f 1173/1273/1175 1174/1274/1176 1204/1304/1206
f 1204/1304/1206 1174/1274/1176 1175/1275/1177
f 1175/1275/1177 1205/1305/1207 1204/1304/1206
f 1205/1305/1207 1175/1275/1177 1206/1306/1208
f 114/114/114 1206/1306/1208 1175/1275/1177
f 1206/1306/1208 1207/1307/1209 1205/1305/1207
f 1206/1306/1208 114/114/114 113/113/113
f 113/113/113 1208/1308/1210 1206/1306/1208
f 1207/1307/1209 1206/1306/1208 1208/1308/1210
f 1209/1309/1211 1208/1308/1210 113/113/113
f 113/113/113 112/112/112 1209/1309/1211
f 1210/1310/1212 1209/1309/1211 112/112/112
f 112/112/112 111/111/111 1210/1310/1212
f 1211/1311/1213 1210/1310/1212 111/111/111
f 111/111/111 110/110/110 1211/1311/1213
f 1210/1310/1212 1211/1311/1213 1212/1312/1214
f 1209/1309/1211 1210/1310/1212 1212/1312/1214
f 1211/1311/1213 110/110/110 1213/1313/1215
f 110/110/110 109/109/109 1213/1313/1215
f 1213/1313/1215 1214/1314/1216 1211/1311/1213
f 1211/1311/1213 1214/1314/1216 1215/1315/1217
f 1212/1312/1214 1211/1311/1213 1215/1315/1217
f 1215/1315/1217 1214/1314/1216 1216/1316/1218
f 1214/1314/1216 1213/1313/1215 1216/1316/1218
f 1216/1316/1218 1217/1317/1219 1215/1315/1217
f 1216/1316/1218 1218/1318/1220 1217/1317/1219
f 1218/1318/1220 1216/1316/1218 1219/1319/1221
f 1219/1319/1221 1216/1316/1218 1213/1313/1215
f 1219/1319/1221 1220/1320/1222 1218/1318/1220
f 1213/1313/1215 1220/1320/1222 1219/1319/1221
f 1221/1321/1223 1220/1320/1222 1213/1313/1215
f 1222/1322/1224 1220/1320/1222 1221/1321/1223
f 1220/1320/1222 1222/1322/1224 1218/1318/1220
f 1223/1323/1225 1222/1322/1224 1221/1321/1223
f 1224/1324/1226 1222/1322/1224 1223/1323/1225
f 1222/1322/1224 1224/1324/1226 1218/1318/1220
f 1208/1308/1210 1225/1325/1227 1207/1307/1209
f 1226/1326/1228 1225/1325/1227 1208/1308/1210
f 1208/1308/1210 1209/1309/1211 1226/1326/1228
f 1212/1312/1214 1226/1326/1228 1209/1309/1211
f 1227/1327/1229 1207/1307/1209 1225/1325/1227
f 1225/1325/1227 1226/1326/1228 1228/1328/1230
f 1228/1328/1230 1229/1329/1231 1225/1325/1227
f 1225/1325/1227 1229/1329/1231 1227/1327/1229
f 1207/1307/1209 1227/1327/1229 1230/1330/1232
f 1230/1330/1232 1205/1305/1207 1207/1307/1209
f 1204/1304/1206 1205/1305/1207 1230/1330/1232
f 1231/1331/1233 1204/1304/1206 1230/1330/1232
f 1231/1331/1233 1197/1297/1199 1204/1304/1206
f 1232/1332/1234 1196/1296/1198 1197/1297/1199
f 1232/1332/1234 1197/1297/1199 1231/1331/1233
f 1196/1296/1198 1232/1332/1234 1194/1294/1196
f 1233/1333/1235 1194/1294/1196 1232/1332/1234
f 1194/1294/1196 1233/1333/1235 1193/1293/1195
f 1232/1332/1234 1234/1334/1236 1233/1333/1235
f 1231/1331/1233 1234/1334/1236 1232/1332/1234
f 1233/1333/1235 1234/1334/1236 1235/1335/1237
f 1234/1334/1236 1231/1331/1233 1236/1336/1238
f 1236/1336/1238 1235/1335/1237 1234/1334/1236
f 1235/1335/1237 1237/1337/1239 1233/1333/1235
f 1193/1293/1195 1233/1333/1235 1237/1337/1239
f 1238/1338/1240 1237/1337/1239 1235/1335/1237
f 1239/1339/1241 1237/1337/1239 1238/1338/1240
f 1237/1337/1239 1239/1339/1241 1193/1293/1195
f 1191/1291/1193 1193/1293/1195 1239/1339/1241
f 1239/1339/1241 1188/1288/1190 1191/1291/1193
f 1188/1288/1190 1239/1339/1241 1189/1289/1191
f 1238/1338/1240 1189/1289/1191 1239/1339/1241
f 1213/1313/1215 1240/1340/1242 1221/1321/1223
f 1240/1340/1242 1213/1313/1215 109/109/109
f 1240/1340/1242 109/109/109 90/90/90
f 90/90/90 99/99/99 1240/1340/1242
f 1241/1341/1243 1221/1321/1223 1240/1340/1242
f 1241/1341/1243 1240/1340/1242 99/99/99
f 1221/1321/1223 1241/1341/1243 1223/1323/1225
f 99/99/99 1242/1342/1244 1241/1341/1243
f 1223/1323/1225 1241/1341/1243 1242/1342/1244
f 101/101/101 1242/1342/1244 99/99/99
f 1242/1342/1244 1243/1343/1245 1223/1323/1225
f 1242/1342/1244 101/101/101 1244/1344/1246
f 1245/1345/1247 1223/1323/1225 1243/1343/1245
f 1223/1323/1225 1245/1345/1247 1224/1324/1226
f 1244/1344/1246 1246/1346/1248 1242/1342/1244
f 1246/1346/1248 1243/1343/1245 1242/1342/1244
f 1247/1347/1249 1227/1327/1229 1229/1329/1231
f 1230/1330/1232 1227/1327/1229 1247/1347/1249
f 1247/1347/1249 1248/1348/1250 1230/1330/1232
f 1231/1331/1233 1230/1330/1232 1248/1348/1250
f 1248/1348/1250 1247/1347/1249 1249/1349/1251
f 1248/1348/1250 1236/1336/1238 1231/1331/1233
f 1236/1336/1238 1248/1348/1250 1250/1350/1252
f 1249/1349/1251 1250/1350/1252 1248/1348/1250
f 1250/1350/1252 1251/1351/1253 1236/1336/1238
f 1235/1335/1237 1236/1336/1238 1251/1351/1253
f 1251/1351/1253 1250/1350/1252 1252/1352/1254
f 1251/1351/1253 1238/1338/1240 1235/1335/1237
f 1238/1338/1240 1251/1351/1253 1253/1353/1255
f 1253/1353/1255 1251/1351/1253 1252/1352/1254
f 1253/1353/1255 1254/1354/1256 1238/1338/1240
f 1189/1289/1191 1238/1338/1240 1254/1354/1256
f 1254/1354/1256 1253/1353/1255 1255/1355/1257
f 1255/1355/1257 1256/1356/1258 1254/1354/1256
f 1255/1355/1257 1253/1353/1255 1257/1357/1259
f 1256/1356/1258 1255/1355/1257 1258/1358/1260
f 1258/1358/1260 1255/1355/1257 1257/1357/1259
f 1250/1350/1252 1249/1349/1251 1259/1359/1261
f 1259/1359/1261 1252/1352/1254 1250/1350/1252
f 1260/1360/1262 1259/1359/1261 1249/1349/1251
f 1260/1360/1262 1261/1224/1263 1259/1359/1261
f 1252/1352/1254 1259/1359/1261 1261/1224/1263
f 1261/1224/1263 1262/1361/1264 1252/1352/1254
f 1253/1353/1255 1252/1352/1254 1262/1361/1264
f 1262/1361/1264 1261/1224/1263 1263/1220/1265
f 1263/1220/1265 1261/1224/1263 1117/1224/1119
f 1117/1224/1119 1111/1220/1113 1263/1220/1265
f 1113/1221/1115 1263/1220/1265 1111/1220/1113
f 1117/1225/1119 1261/1224/1263 1260/1360/1262
f 1116/1223/1118 1118/1225/1120 1117/1225/1119
f 1117/1225/1119 1264/1223/1266 1116/1223/1118
f 1260/1360/1262 1264/1223/1266 1117/1225/1119
f 1265/1222/1267 1116/1223/1118 1264/1223/1266
f 1264/1223/1266 1266/1222/1268 1265/1222/1267
f 1267/1362/1269 1265/1222/1267 1266/1222/1268
f 1264/1223/1266 1260/1360/1262 1268/1363/1270
f 1268/1363/1270 1266/1222/1268 1264/1223/1266
f 1249/1349/1251 1268/1363/1270 1260/1360/1262
f 1268/1363/1270 1249/1349/1251 1247/1347/1249
f 1247/1347/1249 1269/1364/1271 1268/1363/1270
f 1229/1329/1231 1269/1364/1271 1247/1347/1249
f 1268/1363/1270 1269/1364/1271 1270/1362/1272
f 1270/1362/1272 1269/1364/1271 1229/1329/1231
f 1229/1329/1231 1228/1328/1230 1270/1362/1272
f 1270/1362/1272 1266/1222/1268 1268/1363/1270
f 1266/1222/1268 1270/1362/1272 1267/1362/1269
f 1267/1365/1269 1270/1362/1272 1228/1328/1230
f 1228/1328/1230 1271/1366/1273 1267/1365/1269
f 1272/1367/1274 1267/1365/1269 1271/1366/1273
f 1271/1366/1273 1228/1328/1230 1226/1326/1228
f 1226/1326/1228 1212/1312/1214 1271/1366/1273
f 1215/1315/1217 1273/1368/1275 1212/1312/1214
f 1271/1366/1273 1212/1312/1214 1273/1368/1275
f 1274/1369/1276 1271/1366/1273 1273/1368/1275
f 1271/1366/1273 1274/1369/1276 1272/1367/1274
f 1273/1368/1275 1275/1370/1277 1274/1369/1276
f 1215/1315/1217 1275/1370/1277 1273/1368/1275
f 1275/1370/1277 1215/1315/1217 1217/1317/1219
f 1276/1371/1278 1274/1369/1276 1275/1370/1277
f 1277/1372/1279 1278/1371/1280 1276/1371/1278
f 1276/1371/1278 1279/1372/1281 1277/1372/1279
f 1275/1370/1277 1279/1372/1281 1276/1371/1278
f 1280/1373/1282 1279/1372/1281 1275/1370/1277
f 1275/1370/1277 1217/1317/1219 1280/1373/1282
f 1277/1374/1279 1279/1372/1281 1280/1373/1282
f 1217/1317/1219 1218/1318/1220 1280/1373/1282
f 1280/1373/1282 1281/1375/1283 1277/1374/1279
f 1281/1375/1283 1280/1373/1282 1218/1318/1220
f 1282/1376/1284 1277/1374/1279 1281/1375/1283
f 1281/1375/1283 1283/1377/1285 1282/1376/1284
f 1284/1378/1286 1282/1376/1284 1283/1377/1285
f 1283/1377/1285 1281/1375/1283 1285/1379/1287
f 1218/1318/1220 1285/1379/1287 1281/1375/1283
f 1285/1379/1287 1286/1380/1288 1283/1377/1285
f 1285/1379/1287 1218/1318/1220 1224/1324/1226
f 1286/1380/1288 1285/1379/1287 1224/1324/1226
f 1224/1324/1226 1287/1381/1289 1286/1380/1288
f 1287/1381/1289 1224/1324/1226 1245/1345/1247
f 1288/1382/1290 1283/1377/1285 1286/1380/1288
f 1283/1377/1285 1288/1382/1290 1284/1378/1286
f 1286/1380/1288 1289/1383/1291 1288/1382/1290
f 1290/1384/1292 1289/1383/1291 1286/1380/1288
f 1286/1380/1288 1287/1381/1289 1290/1384/1292
f 1291/1385/1293 1289/1383/1291 1290/1384/1292
f 1290/1384/1292 1292/1386/1294 1291/1385/1293
f 1292/1386/1294 1290/1384/1292 1293/1387/1295
f 1290/1384/1292 1287/1381/1289 1293/1387/1295
f 1245/1345/1247 1293/1387/1295 1287/1381/1289
f 1292/1386/1294 1293/1387/1295 1294/1388/1296
f 1294/1388/1296 1293/1387/1295 1245/1345/1247
f 1295/1389/1297 1291/1385/1293 1292/1386/1294
f 1295/1389/1297 1292/1386/1294 1294/1388/1296
f 1295/1389/1297 1296/1390/1298 1291/1385/1293
f 1295/1389/1297 1297/1391/1299 1296/1390/1298
f 1298/1392/1300 1296/1390/1298 1297/1391/1299
f 1299/1393/1301 1297/1391/1299 1295/1389/1297
f 1297/1391/1299 1299/1393/1301 1300/1394/1302
f 1301/1395/1303 1297/1391/1299 1300/1394/1302
f 1297/1391/1299 1301/1395/1303 1298/1392/1300
f 1300/1394/1302 1302/1396/1304 1301/1395/1303
f 1298/1392/1300 1301/1395/1303 1303/1397/1305
f 1301/1395/1303 1302/1396/1304 1303/1397/1305
f 1303/1397/1305 1304/1398/1306 1298/1392/1300
f 1304/1398/1306 1305/1398/1307 1298/1392/1300
f 1306/1211/1308 1305/1398/1307 1304/1398/1306
f 1304/1398/1306 1094/1211/1095 1306/1211/1308
f 1096/1212/1097 1306/1211/1308 1094/1211/1095
f 1094/1211/1095 1304/1398/1306 1303/1397/1305
f 1294/1388/1296 1307/1399/1309 1295/1389/1297
f 1308/1400/1310 1295/1389/1297 1307/1399/1309
f 1307/1399/1309 1294/1388/1296 1309/1401/1311
f 1245/1345/1247 1309/1401/1311 1294/1388/1296
f 1309/1401/1311 1243/1343/1245 1246/1346/1248
f 1243/1343/1245 1309/1401/1311 1245/1345/1247
f 1246/1346/1248 1310/1402/1312 1309/1401/1311
f 1309/1401/1311 1310/1402/1312 1307/1399/1309
f 1308/1400/1310 1307/1399/1309 1310/1402/1312
f 1311/1403/1313 1310/1402/1312 1246/1346/1248
f 1310/1402/1312 1311/1403/1313 1308/1400/1310
f 1246/1346/1248 1244/1344/1246 1311/1403/1313
f 1311/1403/1313 1244/1344/1246 1312/1404/1314
f 1312/1404/1314 1244/1344/1246 101/101/101
f 1312/1404/1314 101/101/101 100/100/100
f 1295/1389/1297 1308/1400/1310 1299/1393/1301
f 100/100/100 1313/1405/1315 1312/1404/1314
f 1312/1404/1314 1314/1406/1316 1311/1403/1313
f 1314/1406/1316 1312/1404/1314 1313/1405/1315
f 1311/1403/1313 1314/1406/1316 1308/1400/1310
f 1299/1393/1301 1308/1400/1310 1314/1406/1316
f 1314/1406/1316 1315/1407/1317 1299/1393/1301
f 1313/1405/1315 1315/1407/1317 1314/1406/1316
f 1299/1393/1301 1315/1407/1317 1316/1408/1318
f 1316/1408/1318 1300/1394/1302 1299/1393/1301
f 1302/1396/1304 1300/1394/1302 1316/1408/1318
f 1317/1409/1319 1302/1396/1304 1316/1408/1318
f 1315/1407/1317 1317/1409/1319 1316/1408/1318
f 1302/1396/1304 1317/1409/1319 1318/1410/1320
f 1318/1410/1320 1303/1397/1305 1302/1396/1304
f 1319/1411/1321 1318/1410/1320 1317/1409/1319
f 1303/1397/1305 1318/1410/1320 1320/1412/1322
f 1303/1397/1305 1320/1412/1322 1094/1211/1095
f 1095/1212/1096 1094/1211/1095 1320/1412/1322
f 1318/1410/1320 1321/1413/1323 1320/1412/1322
f 1318/1410/1320 1319/1411/1321 1321/1413/1323
f 1322/1414/1324 1320/1412/1322 1321/1413/1323
f 1320/1412/1322 1322/1414/1324 1095/1212/1096
f 1095/1212/1096 1322/1414/1324 1323/1415/1325
f 1097/1213/1098 1095/1212/1096 1323/1415/1325
f 1097/1213/1098 1126/1228/1128 1098/1213/1099
f 1324/1416/1326 1126/1228/1128 1097/1213/1098
f 1093/1229/1094 1126/1228/1128 1324/1416/1326
f 1097/1213/1098 1325/1417/1327 1324/1416/1326
f 1097/1213/1098 1323/1415/1325 1325/1417/1327
f 1093/1229/1094 1324/1416/1326 1326/1418/1328
f 1326/1418/1328 1324/1416/1326 1325/1417/1327
f 1326/1418/1328 1039/1159/1040 1093/1229/1094
f 1029/1149/1030 1120/1210/1122 1039/1159/1040
f 1038/1158/1039 1039/1159/1040 1326/1418/1328
f 1326/1418/1328 1041/1161/1042 1038/1158/1039
f 1027/1148/1028 1120/1210/1122 1029/1149/1030
f 1120/1210/1122 1027/1148/1028 1090/1148/1091
f 1090/1148/1091 1121/1210/1123 1120/1210/1122
f 1093/1159/1094 1121/1210/1123 1091/1210/1092
f 1327/1148/1329 1091/1210/1092 1121/1210/1123
f 1121/1210/1123 1090/1148/1091 1327/1148/1329
f 1328/1146/1330 1327/1148/1329 1090/1148/1091
f 1090/1148/1091 1028/1146/1029 1328/1146/1330
f 1017/1140/1018 1328/1146/1330 1028/1146/1029
f 1321/1413/1323 1319/1411/1321 1329/1419/1331
f 1329/1419/1331 1319/1411/1321 1330/1420/1332
f 1317/1409/1319 1330/1420/1332 1319/1411/1321
f 1330/1420/1332 1317/1409/1319 1315/1407/1317
f 1315/1407/1317 1313/1405/1315 1330/1420/1332
f 1331/1421/1333 1330/1420/1332 1313/1405/1315
f 1330/1420/1332 1331/1421/1333 1329/1419/1331
f 1313/1405/1315 100/100/100 1331/1421/1333
f 1331/1421/1333 100/100/100 105/105/105
f 105/105/105 108/108/108 1331/1421/1333
f 1331/1421/1333 108/108/108 1332/1422/1334
f 1332/1422/1334 1329/1419/1331 1331/1421/1333
f 1333/1423/1335 1332/1422/1334 108/108/108
f 108/108/108 106/106/106 1333/1423/1335
f 1334/1424/1336 1332/1422/1334 1333/1423/1335
f 1329/1419/1331 1332/1422/1334 1334/1424/1336
f 1329/1419/1331 1334/1424/1336 1321/1413/1323
f 1335/1425/1337 1321/1413/1323 1334/1424/1336
f 1321/1413/1323 1335/1425/1337 1322/1414/1324
f 1323/1415/1325 1322/1414/1324 1335/1425/1337
f 1334/1424/1336 1336/1426/1338 1335/1425/1337
f 1335/1425/1337 1336/1426/1338 1337/1427/1339
f 1335/1425/1337 1337/1427/1339 1323/1415/1325
f 1325/1417/1327 1323/1415/1325 1337/1427/1339
f 1337/1427/1339 1338/1428/1340 1325/1417/1327
f 1325/1417/1327 1338/1428/1340 1326/1418/1328
f 1041/1161/1042 1326/1418/1328 1338/1428/1340
f 1043/1163/1044 1338/1428/1340 1337/1427/1339
f 1338/1428/1340 1043/1163/1044 1041/1161/1042
f 1336/1426/1338 1043/1163/1044 1337/1427/1339
f 1057/1177/1058 1043/1163/1044 1336/1426/1338
f 1339/1429/1341 1057/1177/1058 1336/1426/1338
f 1336/1426/1338 1334/1424/1336 1339/1429/1341
f 1333/1423/1335 1339/1429/1341 1334/1424/1336
f 1339/1429/1341 1340/1430/1342 1057/1177/1058
f 1057/1177/1058 1340/1430/1342 1059/1179/1060
f 1341/1431/1343 1059/1179/1060 1340/1430/1342
f 1059/1179/1060 1341/1431/1343 1060/1180/1061
f 1060/1180/1061 1341/1431/1343 102/102/102
f 104/104/104 102/102/102 1341/1431/1343
f 1340/1430/1342 1342/1432/1344 1341/1431/1343
f 1342/1432/1344 1340/1430/1342 1339/1429/1341
f 1341/1431/1343 1342/1432/1344 104/104/104
f 1342/1432/1344 107/107/107 104/104/104
f 1339/1429/1341 1333/1423/1335 1342/1432/1344
f 1342/1432/1344 1333/1423/1335 106/106/106
f 106/106/106 107/107/107 1342/1432/1344
f 1347/1433/1345 1343/1434/1346 1344/1434/1347
f 1265/1222/1267 1267/1362/1269 1345/1362/1348
f 1345/1362/1348 1114/1222/1116 1265/1222/1267
f 1116/1223/1118 1265/1222/1267 1114/1222/1116
f 1025/1146/1026 1018/1140/1019 1016/1140/1017
f 1016/1140/1017 1028/1146/1029 1025/1146/1026
f 1028/1146/1029 1016/1140/1017 1017/1140/1018
f 1343/1434/1346 1154/1435/1156 1155/1435/1157
f 1155/1435/1157 1344/1434/1347 1343/1434/1346
f 1344/1434/1347 1155/1435/1157 1156/1256/1158
f 1156/1256/1158 1346/1436/1349 1344/1434/1347
f 1199/1299/1201 1346/1436/1349 1156/1256/1158
f 1344/1434/1347 1346/1436/1349 1347/1437/1345
f 1347/1437/1345 1346/1436/1349 1199/1299/1201
f 1199/1299/1201 1348/1438/1350 1347/1437/1345
f 1201/1301/1203 1348/1438/1350 1199/1299/1201
f 1348/1438/1350 1201/1301/1203 1347/1439/1345
f 1347/1440/1345 1350/1441/1351 1349/1442/1352
f 1108/1218/1110 1349/1442/1352 1350/1441/1351
f 1350/1441/1351 1347/1440/1345 1351/1443/1353
f 1200/1300/1202 1203/1303/1205 1351/1443/1353
f 1351/1443/1353 1352/1444/1354 1200/1300/1202
f 1200/1300/1202 1352/1444/1354 1201/1301/1203
f 1347/1445/1345 1352/1444/1354 1351/1443/1353
f 1201/1301/1203 1352/1444/1354 1347/1445/1345
f 1353/1446/1355 1351/1443/1353 1203/1303/1205
f 1351/1443/1353 1353/1446/1355 1350/1441/1351
f 1203/1303/1205 1354/1447/1356 1353/1446/1355
f 1354/1447/1356 1203/1303/1205 1202/1302/1204
f 1202/1302/1204 1355/1448/1357 1354/1447/1356
f 1355/1448/1357 1202/1302/1204 1185/1285/1187
f 1185/1285/1187 1187/1287/1189 1355/1448/1357
f 1356/1449/1358 1355/1448/1357 1187/1287/1189
f 1187/1287/1189 1189/1289/1191 1356/1449/1358
f 1254/1354/1256 1356/1449/1358 1189/1289/1191
f 1355/1448/1357 1356/1449/1358 1357/1450/1359
f 1357/1450/1359 1356/1449/1358 1254/1354/1256
f 1254/1354/1256 1256/1356/1258 1357/1450/1359
f 1357/1450/1359 1354/1447/1356 1355/1448/1357
f 1357/1450/1359 1256/1356/1258 1358/1451/1360
f 1358/1451/1360 1359/1452/1361 1357/1450/1359
f 1354/1447/1356 1357/1450/1359 1359/1452/1361
f 1359/1452/1361 1353/1446/1355 1354/1447/1356
f 1353/1446/1355 1359/1452/1361 1360/1453/1362
f 1360/1453/1362 1350/1441/1351 1353/1446/1355
f 1350/1441/1351 1360/1453/1362 1108/1218/1110
f 1105/1216/1106 1108/1218/1110 1360/1453/1362
f 1361/1454/1363 1360/1453/1362 1359/1452/1361
f 1360/1453/1362 1361/1454/1363 1105/1216/1106
f 1106/1217/1107 1105/1216/1106 1361/1454/1363
f 1359/1452/1361 1358/1451/1360 1361/1454/1363
f 1362/1455/1364 1361/1454/1363 1358/1451/1360
f 1361/1454/1363 1362/1455/1364 1106/1217/1107
f 1363/1214/1365 1107/1217/1108 1106/1217/1107
f 1106/1217/1107 1099/1214/1100 1363/1214/1365
f 1364/1214/1366 1363/1214/1365 1099/1214/1100
f 1106/1217/1107 1365/1456/1367 1099/1214/1100
f 1106/1217/1107 1362/1455/1364 1365/1456/1367
f 1365/1456/1367 1100/1215/1101 1099/1214/1100
f 1100/1215/1101 1365/1456/1367 1366/1457/1368
f 1366/1457/1368 1109/1219/1111 1100/1215/1101
f 1367/1458/1369 1366/1457/1368 1365/1456/1367
f 1365/1456/1367 1362/1455/1364 1367/1458/1369
f 1358/1451/1360 1367/1458/1369 1362/1455/1364
f 1367/1458/1369 1358/1451/1360 1256/1356/1258
f 1256/1356/1258 1258/1358/1260 1367/1458/1369
f 1366/1457/1368 1367/1458/1369 1258/1358/1260
f 1258/1358/1260 1368/1459/1370 1366/1457/1368
f 1109/1219/1111 1366/1457/1368 1368/1459/1370
f 1257/1357/1259 1368/1459/1370 1258/1358/1260
f 1368/1459/1370 1369/1230/1371 1109/1219/1111
f 1369/1230/1371 1368/1459/1370 1257/1357/1259
f 1109/1219/1111 1369/1230/1371 1113/1230/1115
f 1113/1230/1115 1110/1219/1112 1109/1219/1111
f 1110/1219/1112 1113/1230/1115 1112/1230/1114
f 1257/1357/1259 1370/1460/1372 1369/1230/1371
f 1113/1221/1115 1369/1230/1371 1370/1460/1372
f 1262/1361/1264 1370/1460/1372 1257/1357/1259
f 1253/1353/1255 1262/1361/1264 1257/1357/1259
f 1263/1220/1265 1370/1460/1372 1262/1361/1264
f 1370/1460/1372 1263/1220/1265 1113/1221/1115
f 1101/1215/1102 1104/1214/1105 1099/1214/1100
f 1127/1219/1129 1102/1215/1103 1101/1215/1102
f 1104/1214/1105 1101/1215/1102 1102/1215/1103
f 1104/1214/1105 1103/1214/1104 1371/1214/1373
f 1371/1214/1373 1364/1214/1366 1104/1214/1105
f 1099/1214/1100 1104/1214/1105 1364/1214/1366
f 1372/1367/1374 1345/1365/1348 1267/1365/1269
f 1267/1365/1269 1272/1367/1274 1372/1367/1374
f 1276/1369/1278 1372/1367/1374 1272/1367/1274
f 1272/1367/1274 1274/1369/1276 1276/1369/1278
f 1276/1369/1278 1278/1369/1280 1372/1367/1374
f 1373/1461/1375 228/228/228 227/227/227
f 233/233/233 228/228/228 1373/1461/1375
f 227/227/227 1374/1462/1376 1373/1461/1375
f 1374/1462/1376 227/227/227 226/226/226
f 226/226/226 1375/1463/1377 1374/1462/1376
f 1376/1464/1378 1374/1462/1376 1375/1463/1377
f 1375/1463/1377 1377/1465/1379 1376/1464/1378
f 1373/1461/1375 1374/1462/1376 1376/1464/1378
f 1377/1465/1379 658/1466/658 657/1467/657
f 1377/1465/1379 657/1467/657 1376/1464/1378
f 656/1468/656 1376/1464/1378 657/1467/657
f 655/1469/655 1376/1464/1378 656/1468/656
f 655/1469/655 1378/1470/1380 1376/1464/1378
f 654/1471/654 1378/1470/1380 655/1469/655
f 1376/1464/1378 1378/1470/1380 1373/1461/1375
f 1378/1470/1380 654/1471/654 653/1472/653
f 1379/1473/1381 1378/1470/1380 653/1472/653
f 1373/1461/1375 1378/1470/1380 1379/1473/1381
f 652/1474/652 1379/1473/1381 653/1472/653
f 1379/1473/1381 1380/1475/1382 1373/1461/1375
f 1373/1461/1375 1380/1475/1382 233/233/233
f 1381/1476/1383 233/233/233 1380/1475/1382
f 1381/1476/1383 580/1477/580 233/233/233
f 581/1478/581 580/1477/580 1381/1476/1383
f 1381/1476/1383 1382/1479/1384 581/1478/581
f 581/1478/581 1382/1479/1384 1383/1480/1385
f 1383/1480/1385 582/1481/582 581/1478/581
f 1382/1479/1384 1381/1476/1383 1384/1482/1386
f 1380/1475/1382 1384/1482/1386 1381/1476/1383
f 1384/1482/1386 1380/1475/1382 1379/1473/1381
f 1379/1473/1381 1385/1483/1387 1384/1482/1386
f 1385/1483/1387 1379/1473/1381 652/1474/652
f 651/1484/651 1385/1483/1387 652/1474/652
f 1385/1483/1387 651/1484/651 650/1485/650
f 650/1485/650 1386/1486/1388 1385/1483/1387
f 1386/1486/1388 650/1485/650 649/1487/649
f 649/1487/649 1387/1488/1389 1386/1486/1388
f 1387/1488/1389 649/1487/649 648/1489/648
f 1385/1483/1387 1386/1486/1388 1388/1490/1390
f 1388/1490/1390 1386/1486/1388 1387/1488/1389
f 1388/1490/1390 1384/1482/1386 1385/1483/1387
f 1384/1482/1386 1388/1490/1390 1382/1479/1384
f 1383/1480/1385 1382/1479/1384 1388/1490/1390
f 648/1489/648 1389/1491/1391 1387/1488/1389
f 1389/1491/1391 648/1489/648 647/1492/647
f 647/1492/647 1390/1493/1392 1389/1491/1391
f 1390/1493/1392 647/1492/647 646/1494/646
f 646/1494/646 1391/1495/1393 1390/1493/1392
f 1391/1495/1393 646/1494/646 645/1496/645
f 1392/1497/1394 1391/1495/1393 645/1496/645
f 644/1498/644 1392/1497/1394 645/1496/645
f 1392/1497/1394 644/1498/644 643/1499/643
f 643/1499/643 1393/1500/1395 1392/1497/1394
f 1393/1500/1395 643/1499/643 642/1501/642
f 642/1501/642 1394/1502/1396 1393/1500/1395
f 1395/1503/1397 1393/1500/1395 1394/1502/1396
f 1394/1502/1396 1396/1504/1398 1395/1503/1397
f 1395/1503/1397 1396/1504/1398 1397/1505/1399
f 1397/1505/1399 587/1506/587 1395/1503/1397
f 1395/1503/1397 587/1506/587 586/1507/586
f 586/1507/586 1398/1508/1400 1395/1503/1397
f 1393/1500/1395 1395/1503/1397 1398/1508/1400
f 1398/1508/1400 1392/1497/1394 1393/1500/1395
f 1399/1509/1401 1398/1508/1400 586/1507/586
f 1392/1497/1394 1398/1508/1400 1399/1509/1401
f 1399/1509/1401 1391/1495/1393 1392/1497/1394
f 1391/1495/1393 1399/1509/1401 1390/1493/1392
f 1400/1510/1402 1388/1490/1390 1387/1488/1389
f 1400/1510/1402 1387/1488/1389 1389/1491/1391
f 1400/1510/1402 1389/1491/1391 1390/1493/1392
f 1399/1509/1401 1400/1510/1402 1390/1493/1392
f 1388/1490/1390 1400/1510/1402 1383/1480/1385
f 1400/1510/1402 1401/1511/1403 1383/1480/1385
f 582/1481/582 1383/1480/1385 1401/1511/1403
f 1401/1511/1403 583/1512/583 582/1481/582
f 584/1513/584 583/1512/583 1401/1511/1403
f 1402/1514/1404 584/1513/584 1401/1511/1403
f 1402/1514/1404 1401/1511/1403 1400/1510/1402
f 1402/1514/1404 585/1515/585 584/1513/584
f 586/1507/586 585/1515/585 1402/1514/1404
f 586/1507/586 1402/1514/1404 1399/1509/1401
f 1400/1510/1402 1399/1509/1401 1402/1514/1404
