# Blender 5.0.1
# www.blender.org
mtllib Cape3.mtl
o Cape
v -0.223196 -0.152679 0.732404
v -0.149698 -0.146783 0.744958
v -0.123148 -0.143959 0.747406
v -0.104407 -0.143959 0.759729
v -0.293050 -0.091139 0.740014
v -0.177959 -0.066458 0.744309
v -0.143555 -0.066458 0.750855
v -0.109150 -0.090179 0.765513
v -0.288281 0.019105 0.664954
v -0.150645 0.069783 0.664445
v -0.113114 0.074460 0.661298
v -0.078537 0.069836 0.661363
v -0.326432 0.062155 0.478120
v -0.170539 0.123019 0.479616
v -0.128034 0.145228 0.479616
v -0.085530 0.134615 0.479616
v -0.043167 0.148857 0.479410
v -0.000002 0.134830 0.477355
v -0.372083 0.066734 0.250818
v -0.194312 0.132788 0.252635
v -0.145874 0.152050 0.252936
v -0.097417 0.141437 0.252936
v -0.049095 0.155325 0.252635
v -0.000002 0.140019 0.251665
v -0.416246 0.061476 0.053358
v -0.217358 0.129005 0.053883
v -0.163149 0.147070 0.054080
v -0.108939 0.136457 0.054080
v -0.054834 0.150677 0.054080
v -0.000002 0.135737 0.053883
v -0.452081 0.057509 -0.109583
v -0.236100 0.123221 -0.109583
v -0.177205 0.140446 -0.109583
v -0.118310 0.129832 -0.109583
v -0.059505 0.144053 -0.109583
v -0.000002 0.129832 -0.109583
v -0.486246 0.057509 -0.269583
v -0.253924 0.123221 -0.269583
v -0.190573 0.140446 -0.269583
v -0.127222 0.129832 -0.269583
v -0.063944 0.144053 -0.269583
v -0.000002 0.129832 -0.269583
v -0.517640 0.057509 -0.429583
v -0.270303 0.123221 -0.429583
v -0.202857 0.140445 -0.429583
v -0.135412 0.129832 -0.429583
v -0.068021 0.144053 -0.429583
v -0.000002 0.129832 -0.429583
v -0.543719 0.057509 -0.589583
v -0.283908 0.123221 -0.589583
v -0.213061 0.140445 -0.589583
v -0.142214 0.129832 -0.589583
v -0.071405 0.144053 -0.589583
v -0.000002 0.129832 -0.589583
v -0.562369 0.057509 -0.749583
v -0.293638 0.123221 -0.749583
v -0.220358 0.140445 -0.749583
v -0.147079 0.129832 -0.749583
v -0.073821 0.144053 -0.749583
v -0.000002 0.129832 -0.749583
v -0.554083 0.057509 -0.669583
v -0.289315 0.123221 -0.669583
v -0.217116 0.140445 -0.669583
v -0.144918 0.129832 -0.669583
v -0.072749 0.144053 -0.669583
v -0.000002 0.129832 -0.669583
v -0.531489 0.057509 -0.509583
v -0.277527 0.123221 -0.509583
v -0.208276 0.140445 -0.509583
v -0.139024 0.129832 -0.509583
v -0.069819 0.144053 -0.509583
v -0.000002 0.129832 -0.509583
v -0.502456 0.057509 -0.349583
v -0.262381 0.123221 -0.349583
v -0.196916 0.140445 -0.349583
v -0.131451 0.129832 -0.349583
v -0.066050 0.144053 -0.349583
v -0.000002 0.129832 -0.349583
v -0.469339 0.057509 -0.189583
v -0.245104 0.123221 -0.189583
v -0.183958 0.140446 -0.189583
v -0.122812 0.129832 -0.189583
v -0.061748 0.144053 -0.189583
v -0.000002 0.129832 -0.189583
v -0.434821 0.058536 -0.029583
v -0.227096 0.124248 -0.029583
v -0.170452 0.141473 -0.029583
v -0.113808 0.130859 -0.029583
v -0.057262 0.145080 -0.029583
v -0.000002 0.130859 -0.029583
v -0.394957 0.063716 0.145960
v -0.206234 0.131426 0.147183
v -0.154806 0.150061 0.147534
v -0.103377 0.139448 0.147534
v -0.052075 0.153669 0.147534
v -0.000002 0.137955 0.146838
v -0.348844 0.067794 0.365025
v -0.182223 0.131132 0.366960
v -0.136797 0.151569 0.366960
v -0.091372 0.140955 0.366960
v -0.046077 0.155176 0.366960
v -0.000002 0.140117 0.365025
v -0.305935 0.044553 0.576226
v -0.159851 0.107049 0.577019
v -0.120018 0.131015 0.577019
v -0.068175 0.126577 0.596900
v -0.043623 0.143945 0.546293
v -0.000002 0.133501 0.526274
v -0.294143 -0.010309 0.724940
v -0.161270 -0.018045 0.719084
v -0.125573 -0.009253 0.725020
v -0.089876 -0.009210 0.736744
v -0.259841 -0.122560 0.732834
v -0.173673 -0.111877 0.746662
v -0.140340 -0.116275 0.754455
v -0.107007 -0.123654 0.762213
v -0.104407 -0.140566 0.747907
v -0.123148 -0.140566 0.735584
v -0.149698 -0.143390 0.733136
v -0.223196 -0.149286 0.720582
v -0.109150 -0.087430 0.753732
v -0.143555 -0.064267 0.739137
v -0.177959 -0.064267 0.732592
v -0.293050 -0.088949 0.728297
v -0.078537 0.065573 0.651392
v -0.113114 0.070191 0.651330
v -0.150645 0.065519 0.654473
v -0.288281 0.015263 0.655002
v -0.000002 0.123894 0.469713
v -0.043167 0.138042 0.471673
v -0.085530 0.123813 0.471868
v -0.128034 0.134426 0.471868
v -0.170539 0.112165 0.471868
v -0.326432 0.052980 0.470442
v -0.000002 0.128913 0.248308
v -0.049096 0.144261 0.249218
v -0.097417 0.130386 0.249501
v -0.145874 0.140999 0.249501
v -0.194312 0.121724 0.249218
v -0.372083 0.057792 0.247513
v -0.000002 0.122933 0.053504
v -0.054834 0.137883 0.053682
v -0.108939 0.123662 0.053682
v -0.163149 0.134276 0.053682
v -0.217358 0.116202 0.053504
v -0.416246 0.051285 0.053034
v -0.000002 0.116869 -0.109583
v -0.059505 0.131089 -0.109583
v -0.118310 0.116869 -0.109583
v -0.177205 0.127482 -0.109583
v -0.236100 0.110258 -0.109583
v -0.452081 0.047212 -0.109583
v -0.000002 0.116869 -0.269583
v -0.063944 0.131089 -0.269583
v -0.127222 0.116869 -0.269583
v -0.190573 0.127482 -0.269583
v -0.253924 0.110258 -0.269583
v -0.486246 0.047212 -0.269583
v -0.000002 0.116869 -0.429583
v -0.068021 0.131089 -0.429583
v -0.135412 0.116869 -0.429583
v -0.202857 0.127482 -0.429583
v -0.270303 0.110258 -0.429583
v -0.517640 0.047212 -0.429583
v -0.000002 0.116869 -0.589583
v -0.071405 0.131089 -0.589583
v -0.142214 0.116869 -0.589583
v -0.213061 0.127482 -0.589583
v -0.283908 0.110258 -0.589583
v -0.543719 0.047212 -0.589583
v -0.000002 0.116868 -0.749583
v -0.073821 0.131089 -0.749583
v -0.147079 0.116868 -0.749583
v -0.220358 0.127482 -0.749583
v -0.293638 0.110258 -0.749583
v -0.562369 0.047212 -0.749583
v -0.000002 0.116868 -0.669583
v -0.072749 0.131089 -0.669583
v -0.144918 0.116868 -0.669583
v -0.217116 0.127482 -0.669583
v -0.289315 0.110258 -0.669583
v -0.554083 0.047212 -0.669583
v -0.000002 0.116869 -0.509583
v -0.069819 0.131089 -0.509583
v -0.139024 0.116869 -0.509583
v -0.208276 0.127482 -0.509583
v -0.277527 0.110258 -0.509583
v -0.531489 0.047212 -0.509583
v -0.000002 0.116869 -0.349583
v -0.066050 0.131089 -0.349583
v -0.131451 0.116869 -0.349583
v -0.196916 0.127482 -0.349583
v -0.262381 0.110258 -0.349583
v -0.502456 0.047212 -0.349583
v -0.000002 0.116869 -0.189583
v -0.061748 0.131089 -0.189583
v -0.122812 0.116869 -0.189583
v -0.183958 0.127482 -0.189583
v -0.245104 0.110258 -0.189583
v -0.469339 0.047212 -0.189583
v -0.000002 0.117896 -0.029583
v -0.057262 0.132116 -0.029583
v -0.113808 0.117896 -0.029583
v -0.170452 0.128509 -0.029583
v -0.227096 0.111285 -0.029583
v -0.434821 0.048239 -0.029583
v -0.000002 0.125723 0.145291
v -0.052075 0.141466 0.145932
v -0.103377 0.127245 0.145932
v -0.154806 0.137859 0.145932
v -0.206234 0.119209 0.145608
v -0.394957 0.053907 0.144482
v -0.000002 0.127871 0.359523
v -0.046077 0.143024 0.361359
v -0.091372 0.128803 0.361359
v -0.136797 0.139417 0.361359
v -0.182223 0.118981 0.361359
v -0.348844 0.058433 0.359523
v -0.000002 0.125226 0.522522
v -0.043623 0.135833 0.542450
v -0.068175 0.118465 0.587389
v -0.120018 0.122914 0.567502
v -0.159851 0.098784 0.567502
v -0.305935 0.038204 0.566744
v -0.089876 -0.011727 0.725588
v -0.125573 -0.011848 0.713864
v -0.161270 -0.021043 0.707928
v -0.294143 -0.013620 0.713787
v -0.107007 -0.120364 0.751749
v -0.140340 -0.113071 0.743992
v -0.173673 -0.108734 0.736198
v -0.259841 -0.119461 0.722371
v -0.184489 -0.143959 0.738913
v -0.184490 -0.140566 0.727091
v -0.209718 -0.120812 0.730989
v -0.235505 -0.076608 0.727523
v -0.227706 -0.013453 0.719560
v -0.219463 0.030567 0.655144
v -0.232893 0.068596 0.567123
v -0.248486 0.083783 0.471155
v -0.265533 0.091950 0.360441
v -0.283198 0.095596 0.248366
v -0.300595 0.093607 0.145045
v -0.316802 0.091254 0.053269
v -0.330959 0.087274 -0.029583
v -0.344090 0.086247 -0.109583
v -0.357222 0.086247 -0.189583
v -0.370085 0.086247 -0.269583
v -0.382419 0.086247 -0.349583
v -0.393972 0.086247 -0.429583
v -0.404508 0.086247 -0.509583
v -0.413814 0.086247 -0.589583
v -0.421699 0.086247 -0.669583
v -0.428003 0.086247 -0.749583
v -0.428003 0.099211 -0.749583
v -0.421699 0.099211 -0.669583
v -0.413814 0.099211 -0.589583
v -0.404508 0.099211 -0.509583
v -0.393972 0.099211 -0.429583
v -0.382419 0.099211 -0.349583
v -0.370085 0.099211 -0.269583
v -0.357222 0.099211 -0.189583
v -0.344090 0.099211 -0.109583
v -0.330959 0.100238 -0.029583
v -0.316802 0.104030 0.053620
v -0.300595 0.106061 0.146571
v -0.283198 0.107202 0.251727
v -0.265533 0.104910 0.365993
v -0.248486 0.095373 0.478868
v -0.232893 0.077166 0.576622
v -0.219463 0.034843 0.665106
v -0.227706 -0.009542 0.730714
v -0.235505 -0.078799 0.739240
v -0.209718 -0.123933 0.741453
v -0.167581 -0.137356 0.731299
v -0.167581 -0.140749 0.743121
v -0.191696 -0.117905 0.743932
v -0.206732 -0.072628 0.741775
v -0.194488 -0.011685 0.725547
v -0.185054 0.051893 0.664369
v -0.196372 0.101221 0.576821
v -0.209512 0.115995 0.479242
v -0.223878 0.123180 0.366477
v -0.238755 0.124404 0.252181
v -0.253415 0.123313 0.146877
v -0.267080 0.121936 0.053751
v -0.279027 0.118775 -0.029583
v -0.290095 0.118900 -0.109583
v -0.301163 0.120046 -0.189583
v -0.312005 0.121160 -0.269583
v -0.322400 0.122216 -0.349583
v -0.332137 0.123189 -0.429583
v -0.341018 0.124063 -0.509583
v -0.348861 0.124820 -0.589583
v -0.355507 0.125451 -0.669583
v -0.360821 0.125947 -0.749583
v -0.360821 0.112984 -0.749583
v -0.355507 0.112488 -0.669583
v -0.348861 0.111857 -0.589583
v -0.341018 0.111099 -0.509583
v -0.332137 0.110226 -0.429583
v -0.322400 0.109252 -0.349583
v -0.312005 0.108197 -0.269583
v -0.301163 0.107083 -0.189583
v -0.290095 0.105936 -0.109583
v -0.279027 0.105811 -0.029583
v -0.267080 0.109127 0.053387
v -0.253415 0.111082 0.145327
v -0.238755 0.113339 0.248792
v -0.223878 0.111060 0.360900
v -0.209512 0.105064 0.471512
v -0.196372 0.092740 0.567312
v -0.185054 0.047623 0.654402
v -0.194488 -0.015285 0.714392
v -0.206732 -0.070437 0.730057
v -0.191696 -0.114773 0.733469
v -0.203433 -0.149927 0.734896
v -0.203433 -0.146534 0.723074
v -0.227740 -0.126851 0.728579
v -0.264278 -0.082778 0.724988
v -0.260924 -0.010579 0.717114
v -0.253872 0.021378 0.655073
v -0.269414 0.047522 0.566934
v -0.287459 0.062734 0.470798
v -0.307188 0.071177 0.359982
v -0.327640 0.075577 0.247940
v -0.347776 0.075406 0.144764
v -0.366524 0.075674 0.053151
v -0.382890 0.074735 -0.029583
v -0.398086 0.076352 -0.109583
v -0.413281 0.079079 -0.189583
v -0.428166 0.081799 -0.269583
v -0.442438 0.084459 -0.349583
v -0.455806 0.086978 -0.429583
v -0.467998 0.089287 -0.509583
v -0.478766 0.091327 -0.589583
v -0.487891 0.093051 -0.669583
v -0.495186 0.094422 -0.749583
v -0.495186 0.107413 -0.749583
v -0.487891 0.105924 -0.669583
v -0.478766 0.103988 -0.589583
v -0.467998 0.101692 -0.509583
v -0.455806 0.099116 -0.429583
v -0.442438 0.096238 -0.349583
v -0.428166 0.093188 -0.269583
v -0.413281 0.090037 -0.189583
v -0.398086 0.086849 -0.109583
v -0.382890 0.084809 -0.029583
v -0.366524 0.085250 0.053489
v -0.347776 0.084165 0.146265
v -0.327640 0.083161 0.251272
v -0.307189 0.078973 0.365509
v -0.287459 0.069346 0.478494
v -0.269414 0.052300 0.576424
v -0.253872 0.025215 0.665030
v -0.260924 -0.006854 0.728268
v -0.264278 -0.084969 0.736706
v -0.227740 -0.129961 0.739043
v -0.294825 -0.050146 0.737152
v -0.263829 -0.047256 0.734371
v -0.232834 -0.046858 0.734512
v -0.201838 -0.044975 0.734653
v -0.170843 -0.039577 0.734793
v -0.135792 -0.037834 0.744122
v -0.100741 -0.049695 0.757355
v -0.100741 -0.049579 0.745887
v -0.135792 -0.037997 0.732685
v -0.170843 -0.040778 0.723356
v -0.201838 -0.046747 0.723216
v -0.232834 -0.048346 0.723076
v -0.263829 -0.047791 0.722935
v -0.294825 -0.050312 0.725717
v -0.289881 0.005303 0.700740
v -0.255983 0.010180 0.699652
v -0.223382 0.013650 0.698563
v -0.188881 0.017542 0.697475
v -0.153871 0.022677 0.696386
v -0.120973 0.030070 0.695768
v -0.082013 0.030042 0.704847
v -0.082013 0.026652 0.694283
v -0.120973 0.026677 0.685206
v -0.153871 0.019287 0.685822
v -0.188881 0.014167 0.686914
v -0.214603 -0.009492 0.688005
v -0.255983 0.005193 0.689096
v -0.289881 -0.000486 0.690188
v -0.295057 0.031441 0.622565
v -0.261643 0.037981 0.622702
v -0.226178 0.055190 0.622839
v -0.190713 0.078882 0.622976
v -0.155248 0.097334 0.623114
v -0.116566 0.105013 0.621133
v -0.077422 0.104689 0.631106
v -0.077422 0.096525 0.621365
v -0.116566 0.096851 0.611391
v -0.155248 0.089210 0.613369
v -0.190713 0.070790 0.613239
v -0.226178 0.046403 0.613109
v -0.261643 0.031179 0.612978
v -0.295057 0.025495 0.615004
v -0.000002 0.124560 0.493283
v -0.043395 0.136938 0.504227
v -0.082395 0.124187 0.529629
v -0.124026 0.128670 0.519685
v -0.165195 0.105465 0.519685
v -0.202942 0.098814 0.519412
v -0.240689 0.077186 0.519139
v -0.278436 0.055657 0.518866
v -0.316184 0.047263 0.518593
v -0.316184 0.056315 0.527173
v -0.278436 0.062683 0.527459
v -0.240689 0.087810 0.527745
v -0.202942 0.108369 0.528031
v -0.165195 0.114941 0.528317
v -0.124026 0.138122 0.528317
v -0.082395 0.133644 0.538258
v -0.043395 0.146401 0.512852
v -0.000002 0.134166 0.501815
v -0.000002 0.125357 0.414618
v -0.044622 0.140008 0.416516
v -0.088451 0.125783 0.416614
v -0.132416 0.136396 0.416614
v -0.176381 0.115130 0.416614
v -0.216695 0.107601 0.416206
v -0.257009 0.087417 0.415798
v -0.297324 0.066483 0.415390
v -0.337638 0.056080 0.414982
v -0.337638 0.065033 0.421572
v -0.297324 0.073971 0.422001
v -0.257009 0.100266 0.422430
v -0.216695 0.119550 0.422859
v -0.176381 0.127112 0.423288
v -0.132416 0.148398 0.423288
v -0.088451 0.137785 0.423288
v -0.044622 0.152016 0.423185
v -0.000002 0.137474 0.421190
v -0.000002 0.129844 0.303915
v -0.047586 0.145094 0.305289
v -0.094394 0.131046 0.305430
v -0.141335 0.141660 0.305430
v -0.188268 0.121864 0.305289
v -0.231317 0.113624 0.304846
v -0.274366 0.095407 0.304403
v -0.317414 0.074798 0.303961
v -0.360463 0.059065 0.303518
v -0.360463 0.067264 0.307921
v -0.317414 0.081607 0.308390
v -0.274366 0.106199 0.308860
v -0.231317 0.123770 0.309329
v -0.188268 0.132011 0.309798
v -0.141335 0.151809 0.309948
v -0.094394 0.141196 0.309948
v -0.047586 0.155250 0.309798
v -0.000002 0.140068 0.308345
v -0.000002 0.127318 0.196799
v -0.050585 0.142864 0.197575
v -0.100397 0.128816 0.197717
v -0.150340 0.139429 0.197717
v -0.200273 0.120520 0.197413
v -0.246085 0.112201 0.197059
v -0.291897 0.094729 0.196705
v -0.337708 0.075522 0.196352
v -0.383520 0.055831 0.195998
v -0.383520 0.065225 0.198389
v -0.337708 0.083663 0.198769
v -0.291897 0.106742 0.199149
v -0.246085 0.123858 0.199529
v -0.200273 0.132161 0.199909
v -0.150340 0.151056 0.200235
v -0.100397 0.140442 0.200235
v -0.050585 0.154497 0.200085
v -0.000002 0.138987 0.199252
v -0.000002 0.124328 0.099397
v -0.053455 0.139675 0.099807
v -0.106158 0.125454 0.099807
v -0.158977 0.136067 0.099807
v -0.211796 0.117755 0.099556
v -0.260247 0.110102 0.099357
v -0.308699 0.092537 0.099157
v -0.357150 0.075560 0.098957
v -0.405601 0.052579 0.098758
v -0.405601 0.062596 0.099659
v -0.357150 0.084715 0.099877
v -0.308699 0.105122 0.100096
v -0.260247 0.122622 0.100314
v -0.211796 0.130265 0.100533
v -0.158977 0.148566 0.100807
v -0.106158 0.137952 0.100807
v -0.053455 0.152173 0.100807
v -0.000002 0.136846 0.100360
v -0.000002 0.119901 0.011961
v -0.056048 0.134486 0.012049
v -0.111374 0.120265 0.012049
v -0.166800 0.130879 0.012049
v -0.222227 0.113290 0.011961
v -0.273054 0.106955 0.011902
v -0.323880 0.088789 0.011843
v -0.374707 0.074682 0.011784
v -0.425534 0.049264 0.011725
v -0.425534 0.059492 0.011887
v -0.374707 0.084508 0.011953
v -0.323880 0.101679 0.012019
v -0.273054 0.119841 0.012084
v -0.222227 0.126174 0.012150
v -0.166800 0.143758 0.012249
v -0.111374 0.133144 0.012249
v -0.056048 0.147365 0.012249
v -0.000002 0.132784 0.012150
v -0.000002 0.116869 -0.069583
v -0.058383 0.131089 -0.069583
v -0.116059 0.116869 -0.069583
v -0.173829 0.127482 -0.069583
v -0.231598 0.110258 -0.069583
v -0.284561 0.105361 -0.069583
v -0.337524 0.086247 -0.069583
v -0.390488 0.075044 -0.069583
v -0.443451 0.047212 -0.069583
v -0.443451 0.057509 -0.069583
v -0.390488 0.085317 -0.069583
v -0.337524 0.099211 -0.069583
v -0.284561 0.118324 -0.069583
v -0.231598 0.123221 -0.069583
v -0.173829 0.140446 -0.069583
v -0.116059 0.129832 -0.069583
v -0.058383 0.144053 -0.069583
v -0.000002 0.129832 -0.069583
v -0.000002 0.116869 -0.149583
v -0.060626 0.131089 -0.149583
v -0.120561 0.116869 -0.149583
v -0.180582 0.127482 -0.149583
v -0.240602 0.110258 -0.149583
v -0.295629 0.106522 -0.149583
v -0.350656 0.086247 -0.149583
v -0.405683 0.077703 -0.149583
v -0.460710 0.047212 -0.149583
v -0.460710 0.057509 -0.149583
v -0.405683 0.088447 -0.149583
v -0.350656 0.099211 -0.149583
v -0.295629 0.119485 -0.149583
v -0.240602 0.123221 -0.149583
v -0.180582 0.140446 -0.149583
v -0.120561 0.129832 -0.149583
v -0.060626 0.144053 -0.149583
v -0.000002 0.129832 -0.149583
v -0.000002 0.116869 -0.229583
v -0.062846 0.131089 -0.229583
v -0.125017 0.116869 -0.229583
v -0.187266 0.127482 -0.229583
v -0.249514 0.110258 -0.229583
v -0.306584 0.107641 -0.229583
v -0.363653 0.086247 -0.229583
v -0.420723 0.080429 -0.229583
v -0.477793 0.047212 -0.229583
v -0.477793 0.057509 -0.229583
v -0.420723 0.091607 -0.229583
v -0.363653 0.099211 -0.229583
v -0.306584 0.120605 -0.229583
v -0.249514 0.123221 -0.229583
v -0.187266 0.140446 -0.229583
v -0.125017 0.129832 -0.229583
v -0.062846 0.144053 -0.229583
v -0.000002 0.129832 -0.229583
v -0.000002 0.116869 -0.309583
v -0.064997 0.131089 -0.309583
v -0.129337 0.116869 -0.309583
v -0.193745 0.127482 -0.309583
v -0.258153 0.110258 -0.309583
v -0.317202 0.108726 -0.309583
v -0.376252 0.086247 -0.309583
v -0.435302 0.083124 -0.309583
v -0.494351 0.047212 -0.309583
v -0.494351 0.057509 -0.309583
v -0.435302 0.094711 -0.309583
v -0.376252 0.099211 -0.309583
v -0.317202 0.121690 -0.309583
v -0.258153 0.123221 -0.309583
v -0.193745 0.140445 -0.309583
v -0.129337 0.129832 -0.309583
v -0.064997 0.144053 -0.309583
v -0.000002 0.129832 -0.309583
v -0.000002 0.116869 -0.389583
v -0.067035 0.131089 -0.389583
v -0.133431 0.116869 -0.389583
v -0.199887 0.127482 -0.389583
v -0.266342 0.110258 -0.389583
v -0.327269 0.109745 -0.389583
v -0.388195 0.086247 -0.389583
v -0.449122 0.085717 -0.389583
v -0.510048 0.047212 -0.389583
v -0.510048 0.057509 -0.389583
v -0.449122 0.097670 -0.389583
v -0.388195 0.099211 -0.389583
v -0.327269 0.122708 -0.389583
v -0.266342 0.123221 -0.389583
v -0.199887 0.140445 -0.389583
v -0.133431 0.129832 -0.389583
v -0.067035 0.144053 -0.389583
v -0.000002 0.129832 -0.389583
v -0.000002 0.116869 -0.469583
v -0.068920 0.131089 -0.469583
v -0.137218 0.116869 -0.469583
v -0.205566 0.127482 -0.469583
v -0.273915 0.110258 -0.469583
v -0.336577 0.110665 -0.469583
v -0.399240 0.086247 -0.469583
v -0.461902 0.088132 -0.469583
v -0.524565 0.047212 -0.469583
v -0.524565 0.057509 -0.469583
v -0.461902 0.100419 -0.469583
v -0.399240 0.099211 -0.469583
v -0.336577 0.123628 -0.469583
v -0.273915 0.123221 -0.469583
v -0.205566 0.140445 -0.469583
v -0.137218 0.129832 -0.469583
v -0.068920 0.144053 -0.469583
v -0.000002 0.129832 -0.469583
v -0.000002 0.116869 -0.549583
v -0.070612 0.131089 -0.549583
v -0.140619 0.116869 -0.549583
v -0.210668 0.127482 -0.549583
v -0.280718 0.110258 -0.549583
v -0.344939 0.111475 -0.549583
v -0.409161 0.086247 -0.549583
v -0.473382 0.090307 -0.549583
v -0.537604 0.047212 -0.549583
v -0.537604 0.057509 -0.549583
v -0.473382 0.102850 -0.549583
v -0.409161 0.099211 -0.549583
v -0.344939 0.124438 -0.549583
v -0.280718 0.123221 -0.549583
v -0.210668 0.140445 -0.549583
v -0.140619 0.129832 -0.549583
v -0.070612 0.144053 -0.549583
v -0.000002 0.129832 -0.549583
v -0.000002 0.116869 -0.629583
v -0.072077 0.131089 -0.629583
v -0.143566 0.116869 -0.629583
v -0.215089 0.127482 -0.629583
v -0.286611 0.110258 -0.629583
v -0.352184 0.112154 -0.629583
v -0.417756 0.086247 -0.629583
v -0.483329 0.092215 -0.629583
v -0.548901 0.047212 -0.629583
v -0.548901 0.057509 -0.629583
v -0.483329 0.104947 -0.629583
v -0.417756 0.099211 -0.629583
v -0.352184 0.125118 -0.629583
v -0.286611 0.123221 -0.629583
v -0.215089 0.140445 -0.629583
v -0.143566 0.129832 -0.629583
v -0.072077 0.144053 -0.629583
v -0.000002 0.129832 -0.629583
v -0.000002 0.116868 -0.717583
v -0.073392 0.131089 -0.717583
v -0.146215 0.116868 -0.717583
v -0.219062 0.127482 -0.717583
v -0.291909 0.110258 -0.717583
v -0.358695 0.112786 -0.717583
v -0.425482 0.086247 -0.717583
v -0.492268 0.093875 -0.717583
v -0.559055 0.047212 -0.717583
v -0.559055 0.057509 -0.717583
v -0.492268 0.106810 -0.717583
v -0.425482 0.099211 -0.717583
v -0.358695 0.125750 -0.717583
v -0.291909 0.123221 -0.717583
v -0.219062 0.140445 -0.717583
v -0.146215 0.129832 -0.717583
v -0.073392 0.144053 -0.717583
v -0.000002 0.129832 -0.717583
v 0.223192 -0.152679 0.732404
v 0.149694 -0.146783 0.744958
v 0.123144 -0.143959 0.747406
v 0.104403 -0.143959 0.759729
v 0.293046 -0.091139 0.740014
v 0.177955 -0.066458 0.744309
v 0.143551 -0.066458 0.750855
v 0.109146 -0.090179 0.765513
v 0.288277 0.019105 0.664954
v 0.150641 0.069783 0.664445
v 0.113110 0.074460 0.661298
v 0.078533 0.069836 0.661363
v 0.326428 0.062155 0.478120
v 0.170535 0.123019 0.479616
v 0.128030 0.145228 0.479616
v 0.085526 0.134615 0.479616
v 0.043163 0.148857 0.479410
v 0.372079 0.066734 0.250818
v 0.194308 0.132788 0.252635
v 0.145870 0.152050 0.252936
v 0.097413 0.141437 0.252936
v 0.049092 0.155325 0.252635
v 0.416242 0.061476 0.053358
v 0.217354 0.129005 0.053883
v 0.163145 0.147070 0.054080
v 0.108935 0.136457 0.054080
v 0.054830 0.150677 0.054080
v 0.452077 0.057509 -0.109583
v 0.236096 0.123221 -0.109583
v 0.177201 0.140446 -0.109583
v 0.118306 0.129832 -0.109583
v 0.059501 0.144053 -0.109583
v 0.486242 0.057509 -0.269583
v 0.253920 0.123221 -0.269583
v 0.190569 0.140446 -0.269583
v 0.127218 0.129832 -0.269583
v 0.063940 0.144053 -0.269583
v 0.517636 0.057509 -0.429583
v 0.270299 0.123221 -0.429583
v 0.202853 0.140445 -0.429583
v 0.135408 0.129832 -0.429583
v 0.068017 0.144053 -0.429583
v 0.543715 0.057509 -0.589583
v 0.283904 0.123221 -0.589583
v 0.213057 0.140445 -0.589583
v 0.142210 0.129832 -0.589583
v 0.071401 0.144053 -0.589583
v 0.562365 0.057509 -0.749583
v 0.293634 0.123221 -0.749583
v 0.220354 0.140445 -0.749583
v 0.147075 0.129832 -0.749583
v 0.073817 0.144053 -0.749583
v 0.554079 0.057509 -0.669583
v 0.289311 0.123221 -0.669583
v 0.217112 0.140445 -0.669583
v 0.144914 0.129832 -0.669583
v 0.072745 0.144053 -0.669583
v 0.531485 0.057509 -0.509583
v 0.277523 0.123221 -0.509583
v 0.208272 0.140445 -0.509583
v 0.139020 0.129832 -0.509583
v 0.069815 0.144053 -0.509583
v 0.502453 0.057509 -0.349583
v 0.262377 0.123221 -0.349583
v 0.196912 0.140445 -0.349583
v 0.131447 0.129832 -0.349583
v 0.066046 0.144053 -0.349583
v 0.469336 0.057509 -0.189583
v 0.245100 0.123221 -0.189583
v 0.183954 0.140446 -0.189583
v 0.122808 0.129832 -0.189583
v 0.061744 0.144053 -0.189583
v 0.434817 0.058536 -0.029583
v 0.227092 0.124248 -0.029583
v 0.170448 0.141473 -0.029583
v 0.113804 0.130859 -0.029583
v 0.057258 0.145080 -0.029583
v 0.394953 0.063716 0.145960
v 0.206230 0.131426 0.147183
v 0.154802 0.150061 0.147534
v 0.103373 0.139448 0.147534
v 0.052071 0.153669 0.147534
v 0.348840 0.067794 0.365025
v 0.182219 0.131132 0.366960
v 0.136793 0.151569 0.366960
v 0.091368 0.140955 0.366960
v 0.046073 0.155176 0.366960
v 0.305931 0.044553 0.576226
v 0.159847 0.107049 0.577019
v 0.120014 0.131015 0.577019
v 0.068171 0.126577 0.596900
v 0.043619 0.143945 0.546293
v 0.294139 -0.010309 0.724940
v 0.161266 -0.018045 0.719084
v 0.125569 -0.009253 0.725020
v 0.089872 -0.009210 0.736744
v 0.259837 -0.122560 0.732834
v 0.173670 -0.111877 0.746662
v 0.140336 -0.116275 0.754455
v 0.107003 -0.123654 0.762213
v 0.104403 -0.140566 0.747907
v 0.123144 -0.140566 0.735584
v 0.149694 -0.143390 0.733136
v 0.223192 -0.149286 0.720582
v 0.109146 -0.087430 0.753732
v 0.143551 -0.064267 0.739137
v 0.177955 -0.064267 0.732592
v 0.293046 -0.088949 0.728297
v 0.078533 0.065573 0.651392
v 0.113110 0.070191 0.651330
v 0.150641 0.065519 0.654473
v 0.288277 0.015263 0.655002
v 0.043163 0.138042 0.471673
v 0.085526 0.123813 0.471868
v 0.128030 0.134426 0.471868
v 0.170535 0.112165 0.471868
v 0.326428 0.052980 0.470442
v 0.049092 0.144261 0.249218
v 0.097413 0.130386 0.249501
v 0.145870 0.140999 0.249501
v 0.194309 0.121724 0.249218
v 0.372079 0.057792 0.247513
v 0.054830 0.137883 0.053682
v 0.108935 0.123662 0.053682
v 0.163145 0.134276 0.053682
v 0.217354 0.116202 0.053504
v 0.416242 0.051285 0.053034
v 0.059501 0.131089 -0.109583
v 0.118306 0.116869 -0.109583
v 0.177201 0.127482 -0.109583
v 0.236096 0.110258 -0.109583
v 0.452077 0.047212 -0.109583
v 0.063940 0.131089 -0.269583
v 0.127218 0.116869 -0.269583
v 0.190569 0.127482 -0.269583
v 0.253920 0.110258 -0.269583
v 0.486242 0.047212 -0.269583
v 0.068017 0.131089 -0.429583
v 0.135408 0.116869 -0.429583
v 0.202853 0.127482 -0.429583
v 0.270299 0.110258 -0.429583
v 0.517636 0.047212 -0.429583
v 0.071401 0.131089 -0.589583
v 0.142210 0.116869 -0.589583
v 0.213057 0.127482 -0.589583
v 0.283904 0.110258 -0.589583
v 0.543715 0.047212 -0.589583
v 0.073817 0.131089 -0.749583
v 0.147075 0.116868 -0.749583
v 0.220354 0.127482 -0.749583
v 0.293634 0.110258 -0.749583
v 0.562365 0.047212 -0.749583
v 0.072745 0.131089 -0.669583
v 0.144914 0.116868 -0.669583
v 0.217112 0.127482 -0.669583
v 0.289311 0.110258 -0.669583
v 0.554079 0.047212 -0.669583
v 0.069815 0.131089 -0.509583
v 0.139020 0.116869 -0.509583
v 0.208272 0.127482 -0.509583
v 0.277523 0.110258 -0.509583
v 0.531485 0.047212 -0.509583
v 0.066046 0.131089 -0.349583
v 0.131447 0.116869 -0.349583
v 0.196912 0.127482 -0.349583
v 0.262377 0.110258 -0.349583
v 0.502453 0.047212 -0.349583
v 0.061744 0.131089 -0.189583
v 0.122808 0.116869 -0.189583
v 0.183954 0.127482 -0.189583
v 0.245100 0.110258 -0.189583
v 0.469336 0.047212 -0.189583
v 0.057258 0.132116 -0.029583
v 0.113804 0.117896 -0.029583
v 0.170448 0.128509 -0.029583
v 0.227092 0.111285 -0.029583
v 0.434817 0.048239 -0.029583
v 0.052071 0.141466 0.145932
v 0.103373 0.127245 0.145932
v 0.154802 0.137859 0.145932
v 0.206230 0.119209 0.145608
v 0.394953 0.053907 0.144482
v 0.046073 0.143024 0.361359
v 0.091368 0.128803 0.361359
v 0.136793 0.139417 0.361359
v 0.182219 0.118981 0.361359
v 0.348840 0.058433 0.359523
v 0.043619 0.135833 0.542450
v 0.068171 0.118465 0.587389
v 0.120014 0.122914 0.567502
v 0.159847 0.098784 0.567502
v 0.305931 0.038204 0.566744
v 0.089872 -0.011727 0.725588
v 0.125569 -0.011848 0.713864
v 0.161266 -0.021043 0.707928
v 0.294139 -0.013620 0.713787
v 0.107003 -0.120364 0.751749
v 0.140336 -0.113071 0.743992
v 0.173670 -0.108734 0.736198
v 0.259837 -0.119461 0.722371
v 0.184486 -0.143959 0.738913
v 0.184486 -0.140566 0.727091
v 0.209714 -0.120812 0.730989
v 0.235501 -0.076608 0.727523
v 0.227702 -0.013453 0.719560
v 0.219459 0.030567 0.655144
v 0.232889 0.068596 0.567123
v 0.248482 0.083783 0.471155
v 0.265529 0.091950 0.360441
v 0.283194 0.095596 0.248366
v 0.300592 0.093607 0.145045
v 0.316798 0.091254 0.053269
v 0.330955 0.087274 -0.029583
v 0.344086 0.086247 -0.109583
v 0.357218 0.086247 -0.189583
v 0.370081 0.086247 -0.269583
v 0.382415 0.086247 -0.349583
v 0.393968 0.086247 -0.429583
v 0.404504 0.086247 -0.509583
v 0.413810 0.086247 -0.589583
v 0.421695 0.086247 -0.669583
v 0.428000 0.086247 -0.749583
v 0.428000 0.099211 -0.749583
v 0.421695 0.099211 -0.669583
v 0.413810 0.099211 -0.589583
v 0.404504 0.099211 -0.509583
v 0.393968 0.099211 -0.429583
v 0.382415 0.099211 -0.349583
v 0.370081 0.099211 -0.269583
v 0.357218 0.099211 -0.189583
v 0.344086 0.099211 -0.109583
v 0.330955 0.100238 -0.029583
v 0.316798 0.104030 0.053620
v 0.300592 0.106061 0.146571
v 0.283194 0.107202 0.251727
v 0.265529 0.104910 0.365993
v 0.248482 0.095373 0.478868
v 0.232889 0.077166 0.576622
v 0.219459 0.034843 0.665106
v 0.227702 -0.009542 0.730714
v 0.235501 -0.078799 0.739240
v 0.209714 -0.123933 0.741453
v 0.167577 -0.137356 0.731299
v 0.167577 -0.140749 0.743121
v 0.191692 -0.117905 0.743932
v 0.206728 -0.072628 0.741775
v 0.194484 -0.011685 0.725547
v 0.185050 0.051893 0.664369
v 0.196368 0.101221 0.576821
v 0.209508 0.115995 0.479242
v 0.223874 0.123180 0.366477
v 0.238751 0.124404 0.252181
v 0.253411 0.123313 0.146877
v 0.267076 0.121936 0.053751
v 0.279023 0.118775 -0.029583
v 0.290091 0.118900 -0.109583
v 0.301159 0.120046 -0.189583
v 0.312001 0.121160 -0.269583
v 0.322396 0.122216 -0.349583
v 0.332133 0.123189 -0.429583
v 0.341014 0.124063 -0.509583
v 0.348857 0.124820 -0.589583
v 0.355503 0.125451 -0.669583
v 0.360817 0.125947 -0.749583
v 0.360817 0.112984 -0.749583
v 0.355503 0.112488 -0.669583
v 0.348857 0.111857 -0.589583
v 0.341014 0.111099 -0.509583
v 0.332133 0.110226 -0.429583
v 0.322396 0.109252 -0.349583
v 0.312001 0.108197 -0.269583
v 0.301159 0.107083 -0.189583
v 0.290091 0.105936 -0.109583
v 0.279023 0.105811 -0.029583
v 0.267076 0.109127 0.053387
v 0.253411 0.111082 0.145327
v 0.238751 0.113339 0.248792
v 0.223874 0.111060 0.360900
v 0.209508 0.105064 0.471512
v 0.196368 0.092740 0.567312
v 0.185050 0.047623 0.654402
v 0.194484 -0.015285 0.714392
v 0.206728 -0.070437 0.730057
v 0.191692 -0.114773 0.733469
v 0.203430 -0.149927 0.734896
v 0.203430 -0.146534 0.723074
v 0.227736 -0.126851 0.728579
v 0.264274 -0.082778 0.724988
v 0.260920 -0.010579 0.717114
v 0.253868 0.021378 0.655073
v 0.269410 0.047522 0.566934
v 0.287455 0.062734 0.470798
v 0.307185 0.071177 0.359982
v 0.327636 0.075577 0.247940
v 0.347772 0.075406 0.144764
v 0.366520 0.075674 0.053151
v 0.382886 0.074735 -0.029583
v 0.398082 0.076352 -0.109583
v 0.413277 0.079079 -0.189583
v 0.428162 0.081799 -0.269583
v 0.442434 0.084459 -0.349583
v 0.455802 0.086978 -0.429583
v 0.467994 0.089287 -0.509583
v 0.478762 0.091327 -0.589583
v 0.487887 0.093051 -0.669583
v 0.495182 0.094422 -0.749583
v 0.495182 0.107413 -0.749583
v 0.487887 0.105924 -0.669583
v 0.478762 0.103988 -0.589583
v 0.467994 0.101692 -0.509583
v 0.455802 0.099116 -0.429583
v 0.442434 0.096238 -0.349583
v 0.428162 0.093188 -0.269583
v 0.413277 0.090037 -0.189583
v 0.398082 0.086849 -0.109583
v 0.382886 0.084809 -0.029583
v 0.366520 0.085250 0.053489
v 0.347772 0.084165 0.146265
v 0.327636 0.083161 0.251272
v 0.307185 0.078973 0.365509
v 0.287455 0.069346 0.478494
v 0.269410 0.052300 0.576424
v 0.253868 0.025215 0.665030
v 0.260920 -0.006854 0.728268
v 0.264274 -0.084969 0.736706
v 0.227736 -0.129961 0.739043
v 0.294821 -0.050146 0.737152
v 0.263825 -0.047256 0.734371
v 0.232830 -0.046858 0.734512
v 0.201834 -0.044975 0.734653
v 0.170839 -0.039577 0.734793
v 0.135788 -0.037834 0.744122
v 0.100737 -0.049695 0.757355
v 0.100737 -0.049579 0.745887
v 0.135788 -0.037997 0.732685
v 0.170839 -0.040778 0.723356
v 0.201834 -0.046747 0.723216
v 0.232830 -0.048346 0.723076
v 0.263825 -0.047791 0.722935
v 0.294821 -0.050312 0.725717
v 0.289877 0.005303 0.700740
v 0.255979 0.010180 0.699652
v 0.223378 0.013650 0.698563
v 0.188877 0.017542 0.697475
v 0.153867 0.022677 0.696386
v 0.120969 0.030070 0.695768
v 0.082009 0.030042 0.704847
v 0.082009 0.026652 0.694283
v 0.120969 0.026677 0.685206
v 0.153867 0.019287 0.685822
v 0.188877 0.014167 0.686914
v 0.214600 -0.009492 0.688005
v 0.255979 0.005193 0.689096
v 0.289877 -0.000486 0.690188
v 0.295053 0.031441 0.622565
v 0.261639 0.037981 0.622702
v 0.226174 0.055190 0.622839
v 0.190709 0.078882 0.622976
v 0.155244 0.097334 0.623114
v 0.116562 0.105013 0.621133
v 0.077418 0.104689 0.631106
v 0.077418 0.096525 0.621365
v 0.116562 0.096851 0.611391
v 0.155244 0.089210 0.613369
v 0.190709 0.070790 0.613239
v 0.226174 0.046403 0.613109
v 0.261639 0.031179 0.612978
v 0.295053 0.025495 0.615004
v 0.043391 0.136938 0.504227
v 0.082391 0.124187 0.529629
v 0.124022 0.128670 0.519685
v 0.165191 0.105465 0.519685
v 0.202938 0.098814 0.519412
v 0.240685 0.077186 0.519139
v 0.278432 0.055657 0.518866
v 0.316180 0.047263 0.518593
v 0.316180 0.056315 0.527173
v 0.278432 0.062683 0.527459
v 0.240685 0.087810 0.527745
v 0.202938 0.108369 0.528031
v 0.165191 0.114941 0.528317
v 0.124022 0.138122 0.528317
v 0.082391 0.133644 0.538258
v 0.043391 0.146401 0.512852
v 0.044618 0.140008 0.416516
v 0.088447 0.125783 0.416614
v 0.132412 0.136396 0.416614
v 0.176377 0.115130 0.416614
v 0.216691 0.107601 0.416206
v 0.257006 0.087417 0.415798
v 0.297320 0.066483 0.415390
v 0.337634 0.056080 0.414982
v 0.337634 0.065033 0.421572
v 0.297320 0.073971 0.422001
v 0.257006 0.100266 0.422430
v 0.216691 0.119550 0.422859
v 0.176377 0.127112 0.423288
v 0.132412 0.148398 0.423288
v 0.088447 0.137785 0.423288
v 0.044618 0.152016 0.423185
v 0.047582 0.145094 0.305289
v 0.094390 0.131046 0.305430
v 0.141331 0.141660 0.305430
v 0.188264 0.121864 0.305289
v 0.231313 0.113624 0.304846
v 0.274362 0.095407 0.304403
v 0.317411 0.074798 0.303961
v 0.360459 0.059065 0.303518
v 0.360459 0.067264 0.307921
v 0.317411 0.081607 0.308390
v 0.274362 0.106199 0.308860
v 0.231313 0.123770 0.309329
v 0.188264 0.132011 0.309798
v 0.141331 0.151809 0.309948
v 0.094390 0.141196 0.309948
v 0.047582 0.155250 0.309798
v 0.050581 0.142864 0.197575
v 0.100393 0.128816 0.197717
v 0.150336 0.139429 0.197717
v 0.200269 0.120520 0.197413
v 0.246081 0.112201 0.197059
v 0.291893 0.094729 0.196705
v 0.337704 0.075522 0.196352
v 0.383516 0.055831 0.195998
v 0.383516 0.065225 0.198389
v 0.337704 0.083663 0.198769
v 0.291893 0.106742 0.199149
v 0.246081 0.123858 0.199529
v 0.200269 0.132161 0.199909
v 0.150336 0.151056 0.200235
v 0.100393 0.140442 0.200235
v 0.050581 0.154497 0.200085
v 0.053451 0.139675 0.099807
v 0.106154 0.125454 0.099807
v 0.158973 0.136067 0.099807
v 0.211792 0.117755 0.099556
v 0.260244 0.110102 0.099357
v 0.308695 0.092537 0.099157
v 0.357146 0.075560 0.098957
v 0.405597 0.052579 0.098758
v 0.405597 0.062596 0.099659
v 0.357146 0.084715 0.099877
v 0.308695 0.105122 0.100096
v 0.260244 0.122622 0.100314
v 0.211792 0.130265 0.100533
v 0.158973 0.148566 0.100807
v 0.106154 0.137952 0.100807
v 0.053451 0.152173 0.100807
v 0.056044 0.134486 0.012049
v 0.111370 0.120265 0.012049
v 0.166796 0.130879 0.012049
v 0.222223 0.113290 0.011961
v 0.273050 0.106955 0.011902
v 0.323876 0.088789 0.011843
v 0.374703 0.074682 0.011784
v 0.425530 0.049264 0.011725
v 0.425530 0.059492 0.011887
v 0.374703 0.084508 0.011953
v 0.323876 0.101679 0.012019
v 0.273050 0.119841 0.012084
v 0.222223 0.126174 0.012150
v 0.166796 0.143758 0.012249
v 0.111370 0.133144 0.012249
v 0.056044 0.147365 0.012249
v 0.058379 0.131089 -0.069583
v 0.116055 0.116869 -0.069583
v 0.173825 0.127482 -0.069583
v 0.231594 0.110258 -0.069583
v 0.284557 0.105361 -0.069583
v 0.337521 0.086247 -0.069583
v 0.390484 0.075044 -0.069583
v 0.443447 0.047212 -0.069583
v 0.443447 0.057509 -0.069583
v 0.390484 0.085317 -0.069583
v 0.337521 0.099211 -0.069583
v 0.284557 0.118324 -0.069583
v 0.231594 0.123221 -0.069583
v 0.173825 0.140446 -0.069583
v 0.116055 0.129832 -0.069583
v 0.058379 0.144053 -0.069583
v 0.060622 0.131089 -0.149583
v 0.120557 0.116869 -0.149583
v 0.180578 0.127482 -0.149583
v 0.240598 0.110258 -0.149583
v 0.295625 0.106522 -0.149583
v 0.350652 0.086247 -0.149583
v 0.405679 0.077703 -0.149583
v 0.460706 0.047212 -0.149583
v 0.460706 0.057509 -0.149583
v 0.405679 0.088447 -0.149583
v 0.350652 0.099211 -0.149583
v 0.295625 0.119485 -0.149583
v 0.240598 0.123221 -0.149583
v 0.180578 0.140446 -0.149583
v 0.120557 0.129832 -0.149583
v 0.060622 0.144053 -0.149583
v 0.062842 0.131089 -0.229583
v 0.125013 0.116869 -0.229583
v 0.187262 0.127482 -0.229583
v 0.249510 0.110258 -0.229583
v 0.306580 0.107641 -0.229583
v 0.363650 0.086247 -0.229583
v 0.420719 0.080429 -0.229583
v 0.477789 0.047212 -0.229583
v 0.477789 0.057509 -0.229583
v 0.420719 0.091607 -0.229583
v 0.363650 0.099211 -0.229583
v 0.306580 0.120605 -0.229583
v 0.249510 0.123221 -0.229583
v 0.187262 0.140446 -0.229583
v 0.125013 0.129832 -0.229583
v 0.062842 0.144053 -0.229583
v 0.064993 0.131089 -0.309583
v 0.129333 0.116869 -0.309583
v 0.193741 0.127482 -0.309583
v 0.258149 0.110258 -0.309583
v 0.317198 0.108726 -0.309583
v 0.376248 0.086247 -0.309583
v 0.435298 0.083124 -0.309583
v 0.494347 0.047212 -0.309583
v 0.494347 0.057509 -0.309583
v 0.435298 0.094711 -0.309583
v 0.376248 0.099211 -0.309583
v 0.317198 0.121690 -0.309583
v 0.258149 0.123221 -0.309583
v 0.193741 0.140445 -0.309583
v 0.129333 0.129832 -0.309583
v 0.064993 0.144053 -0.309583
v 0.067031 0.131089 -0.389583
v 0.133427 0.116869 -0.389583
v 0.199883 0.127482 -0.389583
v 0.266338 0.110258 -0.389583
v 0.327265 0.109745 -0.389583
v 0.388191 0.086247 -0.389583
v 0.449118 0.085717 -0.389583
v 0.510044 0.047212 -0.389583
v 0.510044 0.057509 -0.389583
v 0.449118 0.097670 -0.389583
v 0.388191 0.099211 -0.389583
v 0.327265 0.122708 -0.389583
v 0.266338 0.123221 -0.389583
v 0.199883 0.140445 -0.389583
v 0.133427 0.129832 -0.389583
v 0.067031 0.144053 -0.389583
v 0.068916 0.131089 -0.469583
v 0.137214 0.116869 -0.469583
v 0.205562 0.127482 -0.469583
v 0.273911 0.110258 -0.469583
v 0.336573 0.110665 -0.469583
v 0.399236 0.086247 -0.469583
v 0.461898 0.088132 -0.469583
v 0.524561 0.047212 -0.469583
v 0.524561 0.057509 -0.469583
v 0.461898 0.100419 -0.469583
v 0.399236 0.099211 -0.469583
v 0.336573 0.123628 -0.469583
v 0.273911 0.123221 -0.469583
v 0.205562 0.140445 -0.469583
v 0.137214 0.129832 -0.469583
v 0.068916 0.144053 -0.469583
v 0.070608 0.131089 -0.549583
v 0.140615 0.116869 -0.549583
v 0.210664 0.127482 -0.549583
v 0.280714 0.110258 -0.549583
v 0.344935 0.111475 -0.549583
v 0.409157 0.086247 -0.549583
v 0.473378 0.090307 -0.549583
v 0.537600 0.047212 -0.549583
v 0.537600 0.057509 -0.549583
v 0.473378 0.102850 -0.549583
v 0.409157 0.099211 -0.549583
v 0.344935 0.124438 -0.549583
v 0.280714 0.123221 -0.549583
v 0.210664 0.140445 -0.549583
v 0.140615 0.129832 -0.549583
v 0.070608 0.144053 -0.549583
v 0.072073 0.131089 -0.629583
v 0.143562 0.116869 -0.629583
v 0.215085 0.127482 -0.629583
v 0.286607 0.110258 -0.629583
v 0.352180 0.112154 -0.629583
v 0.417752 0.086247 -0.629583
v 0.483325 0.092215 -0.629583
v 0.548897 0.047212 -0.629583
v 0.548897 0.057509 -0.629583
v 0.483325 0.104947 -0.629583
v 0.417752 0.099211 -0.629583
v 0.352180 0.125118 -0.629583
v 0.286607 0.123221 -0.629583
v 0.215085 0.140445 -0.629583
v 0.143562 0.129832 -0.629583
v 0.072073 0.144053 -0.629583
v 0.073388 0.131089 -0.717583
v 0.146211 0.116868 -0.717583
v 0.219058 0.127482 -0.717583
v 0.291905 0.110258 -0.717583
v 0.358691 0.112786 -0.717583
v 0.425478 0.086247 -0.717583
v 0.492264 0.093875 -0.717583
v 0.559051 0.047212 -0.717583
v 0.559051 0.057509 -0.717583
v 0.492264 0.106810 -0.717583
v 0.425478 0.099211 -0.717583
v 0.358691 0.125750 -0.717583
v 0.291905 0.123221 -0.717583
v 0.219058 0.140445 -0.717583
v 0.146211 0.129832 -0.717583
v 0.073388 0.144053 -0.717583
vn -0.1208 0.0008 0.9927
vn -0.0987 -0.0005 0.9951
vn -0.0875 -0.0012 0.9962
vn -0.2075 0.0474 0.9771
vn -0.2004 0.0425 0.9788
vn -0.1868 0.0332 0.9818
vn -0.3120 -0.0295 0.9496
vn -0.3169 -0.0231 0.9482
vn -0.3660 0.0436 0.9296
vn -0.2250 0.7548 0.6161
vn -0.1933 0.7776 0.5983
vn -0.3205 0.6756 0.6640
vn -0.0757 0.5820 0.8096
vn -0.0439 0.5982 0.8001
vn -0.1111 0.5629 0.8190
vn -0.0751 0.6971 0.7131
vn -0.0110 0.6609 0.7504
vn 0.0791 0.6026 0.7941
vn -0.4650 0.8619 0.2020
vn -0.4641 0.8623 0.2028
vn -0.4591 0.8639 0.2069
vn -0.4695 0.8645 0.1794
vn -0.4687 0.8648 0.1801
vn -0.4543 0.8695 0.1941
vn 0.1603 0.9855 0.0557
vn 0.1808 0.9809 0.0723
vn 0.2405 0.9631 0.1207
vn -0.3035 0.9517 0.0473
vn -0.3032 0.9518 0.0468
vn -0.2922 0.9558 0.0314
vn 0.3015 0.9525 0.0438
vn 0.2947 0.9538 0.0576
vn 0.2876 0.9550 0.0721
vn -0.3704 0.9266 0.0649
vn -0.3680 0.9274 0.0667
vn -0.3607 0.9299 0.0721
vn -0.3796 0.9242 0.0427
vn -0.3782 0.9247 0.0439
vn -0.3693 0.9279 0.0517
vn 0.2223 0.9749 -0.0119
vn 0.2169 0.9761 -0.0105
vn 0.2139 0.9768 -0.0129
vn -0.2907 0.9567 0.0165
vn -0.2812 0.9595 0.0143
vn -0.2761 0.9610 0.0187
vn 0.3024 0.9532 -0.0024
vn 0.3005 0.9538 -0.0036
vn 0.3053 0.9522 -0.0052
vn -0.3405 0.9394 0.0391
vn -0.3392 0.9400 0.0365
vn -0.3387 0.9402 0.0370
vn -0.3301 0.9439 0.0118
vn -0.3224 0.9466 0.0048
vn -0.3162 0.9486 0.0121
vn 0.1979 0.9791 -0.0476
vn 0.1946 0.9798 -0.0455
vn 0.1919 0.9802 -0.0485
vn -0.2619 0.9649 -0.0171
vn -0.2576 0.9660 -0.0199
vn -0.2542 0.9670 -0.0158
vn 0.2753 0.9608 -0.0318
vn 0.2697 0.9625 -0.0299
vn 0.2626 0.9641 -0.0386
vn -0.3408 0.9384 0.0578
vn -0.3425 0.9376 0.0601
vn -0.3415 0.9381 0.0570
vn -0.2824 0.9589 0.0289
vn -0.2798 0.9597 0.0251
vn -0.2813 0.9591 0.0301
vn 0.1786 0.9838 -0.0132
vn 0.1784 0.9839 -0.0110
vn 0.1763 0.9842 -0.0139
vn -0.2366 0.9715 0.0108
vn -0.2364 0.9716 0.0079
vn -0.2337 0.9722 0.0119
vn 0.2340 0.9722 -0.0041
vn 0.2338 0.9723 -0.0012
vn 0.2311 0.9729 -0.0053
vn -0.3500 0.9350 0.0571
vn -0.3521 0.9341 0.0587
vn -0.3525 0.9340 0.0574
vn -0.2672 0.9632 0.0281
vn -0.2617 0.9649 0.0220
vn -0.2629 0.9644 0.0276
vn 0.1671 0.9859 -0.0130
vn 0.1662 0.9860 -0.0098
vn 0.1643 0.9863 -0.0125
vn -0.2217 0.9750 0.0111
vn -0.2205 0.9754 0.0070
vn -0.2181 0.9759 0.0107
vn 0.2195 0.9756 -0.0050
vn 0.2183 0.9759 -0.0011
vn 0.2160 0.9764 -0.0048
vn -0.3600 0.9315 0.0525
vn -0.3613 0.9311 0.0500
vn -0.3608 0.9312 0.0525
vn -0.2513 0.9676 0.0238
vn -0.2486 0.9684 0.0188
vn -0.2463 0.9689 0.0223
vn 0.1569 0.9876 -0.0110
vn 0.1562 0.9877 -0.0081
vn 0.1547 0.9879 -0.0104
vn -0.2084 0.9780 0.0094
vn -0.2075 0.9782 0.0058
vn -0.2056 0.9786 0.0089
vn 0.2065 0.9784 -0.0042
vn 0.2056 0.9786 -0.0008
vn 0.2038 0.9790 -0.0040
vn -0.3657 0.9297 0.0429
vn -0.3666 0.9296 0.0374
vn -0.3662 0.9295 0.0428
vn -0.2378 0.9711 0.0182
vn -0.2371 0.9714 0.0139
vn -0.2354 0.9717 0.0166
vn 0.1492 0.9888 -0.0084
vn 0.1487 0.9889 -0.0060
vn 0.1477 0.9890 -0.0077
vn -0.1983 0.9801 0.0073
vn -0.1976 0.9803 0.0043
vn -0.1963 0.9805 0.0067
vn 0.1967 0.9805 -0.0033
vn 0.1960 0.9806 -0.0006
vn 0.1947 0.9809 -0.0030
vn -0.3693 0.9288 0.0293
vn -0.3692 0.9288 0.0300
vn -0.3696 0.9287 0.0291
vn -0.2296 0.9732 0.0120
vn -0.2298 0.9732 0.0101
vn -0.2288 0.9734 0.0124
vn 0.1439 0.9896 -0.0056
vn 0.1440 0.9896 -0.0044
vn 0.1433 0.9897 -0.0058
vn -0.1912 0.9815 0.0048
vn -0.1914 0.9815 0.0032
vn -0.1906 0.9817 0.0051
vn 0.1898 0.9818 -0.0022
vn 0.1900 0.9818 -0.0007
vn 0.1892 0.9819 -0.0025
vn -0.3676 0.9293 0.0366
vn -0.3684 0.9292 0.0303
vn -0.3681 0.9291 0.0365
vn -0.2334 0.9723 0.0151
vn -0.2328 0.9725 0.0113
vn -0.2314 0.9728 0.0134
vn 0.1463 0.9892 -0.0070
vn 0.1459 0.9893 -0.0048
vn 0.1450 0.9894 -0.0062
vn -0.1945 0.9809 0.0060
vn -0.1939 0.9810 0.0035
vn -0.1928 0.9812 0.0054
vn 0.1930 0.9812 -0.0027
vn 0.1924 0.9813 -0.0005
vn 0.1913 0.9815 -0.0024
vn -0.3632 0.9305 0.0483
vn -0.3643 0.9302 0.0443
vn -0.3638 0.9302 0.0482
vn -0.2432 0.9697 0.0210
vn -0.2424 0.9700 0.0164
vn -0.2404 0.9705 0.0196
vn 0.1528 0.9882 -0.0098
vn 0.1522 0.9883 -0.0071
vn 0.1509 0.9885 -0.0091
vn -0.2030 0.9792 0.0084
vn -0.2022 0.9793 0.0050
vn -0.2005 0.9797 0.0078
vn 0.2012 0.9795 -0.0038
vn 0.2004 0.9797 -0.0007
vn 0.1988 0.9800 -0.0036
vn -0.3560 0.9328 0.0556
vn -0.3576 0.9323 0.0545
vn -0.3570 0.9324 0.0556
vn -0.2589 0.9656 0.0261
vn -0.2557 0.9665 0.0209
vn -0.2549 0.9666 0.0257
vn 0.1617 0.9868 -0.0120
vn 0.1609 0.9869 -0.0090
vn 0.1592 0.9872 -0.0115
vn -0.2147 0.9766 0.0103
vn -0.2136 0.9769 0.0064
vn -0.2114 0.9773 0.0099
vn 0.2126 0.9771 -0.0046
vn 0.2116 0.9774 -0.0010
vn 0.2095 0.9778 -0.0045
vn -0.3446 0.9370 0.0576
vn -0.3481 0.9356 0.0594
vn -0.3474 0.9359 0.0578
vn -0.2765 0.9606 0.0296
vn -0.2704 0.9625 0.0237
vn -0.2717 0.9619 0.0291
vn 0.1731 0.9848 -0.0137
vn 0.1720 0.9850 -0.0105
vn 0.1700 0.9854 -0.0133
vn -0.2295 0.9732 0.0117
vn -0.2281 0.9736 0.0075
vn -0.2255 0.9742 0.0114
vn 0.2271 0.9739 -0.0052
vn 0.2257 0.9742 -0.0011
vn 0.2232 0.9748 -0.0051
vn -0.3362 0.9415 0.0244
vn -0.3368 0.9409 0.0343
vn -0.3364 0.9414 0.0247
vn -0.2953 0.9553 -0.0162
vn -0.2978 0.9544 -0.0196
vn -0.2909 0.9567 -0.0102
vn 0.1853 0.9804 -0.0676
vn 0.1861 0.9803 -0.0666
vn 0.1837 0.9805 -0.0696
vn -0.2457 0.9685 -0.0415
vn -0.2467 0.9681 -0.0429
vn -0.2437 0.9691 -0.0388
vn 0.2449 0.9681 -0.0539
vn 0.2471 0.9677 -0.0507
vn 0.2406 0.9688 -0.0599
vn -0.3526 0.9346 0.0470
vn -0.3425 0.9388 0.0377
vn -0.3448 0.9377 0.0430
vn -0.3472 0.9376 0.0190
vn -0.3474 0.9375 0.0188
vn -0.3407 0.9398 0.0254
vn 0.2092 0.9773 -0.0346
vn 0.2048 0.9782 -0.0330
vn 0.2020 0.9787 -0.0356
vn -0.2704 0.9627 -0.0041
vn -0.2693 0.9630 -0.0052
vn -0.2671 0.9637 -0.0031
vn 0.2917 0.9563 -0.0200
vn 0.2894 0.9567 -0.0302
vn 0.2938 0.9556 -0.0222
vn -0.4169 0.9007 0.1220
vn -0.4122 0.9024 0.1255
vn -0.3993 0.9068 0.1349
vn -0.4222 0.9015 0.0947
vn -0.4199 0.9024 0.0968
vn -0.4079 0.9067 0.1070
vn 0.2365 0.9709 0.0381
vn 0.2304 0.9723 0.0394
vn 0.2274 0.9731 0.0371
vn -0.3059 0.9497 0.0670
vn -0.3029 0.9508 0.0657
vn -0.2988 0.9518 0.0691
vn 0.3115 0.9492 0.0448
vn 0.3118 0.9491 0.0449
vn 0.3112 0.9493 0.0451
vn -0.5007 0.7525 0.4278
vn -0.5012 0.7520 0.4282
vn -0.4992 0.7544 0.4263
vn -0.3197 0.8788 0.3543
vn -0.3450 0.8590 0.3782
vn -0.1791 0.9589 0.2200
vn -0.1232 0.8507 0.5110
vn -0.1231 0.8507 0.5110
vn 0.0846 0.1708 0.9817
vn 0.0698 0.1604 0.9846
vn 0.1640 0.2264 0.9601
vn -0.2537 0.6165 0.7454
vn -0.2492 0.6203 0.7438
vn -0.2275 0.6379 0.7357
vn -0.2011 0.5342 0.8211
vn -0.2051 0.5395 0.8166
vn -0.2507 0.5983 0.7611
vn -0.1566 -0.2284 0.9609
vn -0.1002 -0.2149 0.9715
vn -0.0654 -0.2062 0.9763
vn -0.1436 -0.2537 0.9566
vn -0.1776 -0.2424 0.9538
vn -0.2493 -0.2173 0.9437
vn -0.3954 -0.3149 0.8628
vn -0.4078 -0.3037 0.8611
vn -0.2910 -0.4018 0.8683
vn 0.3001 -0.0027 -0.9539
vn 0.3033 -0.0070 -0.9529
vn 0.2414 0.0740 -0.9676
vn 0.2050 -0.0743 -0.9759
vn 0.1989 -0.0701 -0.9775
vn 0.2167 -0.0825 -0.9727
vn 0.1049 -0.0246 -0.9942
vn 0.1279 -0.0259 -0.9915
vn 0.0928 -0.0239 -0.9954
vn 0.0734 -0.6987 -0.7116
vn 0.0120 -0.6635 -0.7481
vn 0.1527 -0.7380 -0.6573
vn 0.0752 -0.5828 -0.8092
vn 0.0446 -0.5987 -0.7997
vn 0.0106 -0.6155 -0.7881
vn 0.4074 -0.5903 -0.6969
vn 0.3760 -0.6246 -0.6844
vn 0.3221 -0.6785 -0.6603
vn -0.2999 -0.9540 0.0038
vn -0.2909 -0.9566 -0.0159
vn -0.3103 -0.9503 0.0269
vn 0.3107 -0.9503 -0.0191
vn 0.3103 -0.9505 -0.0186
vn 0.3182 -0.9476 -0.0299
vn -0.1646 -0.9858 -0.0324
vn -0.1827 -0.9820 -0.0473
vn -0.1100 -0.9939 0.0124
vn 0.4716 -0.8674 -0.1589
vn 0.4713 -0.8675 -0.1592
vn 0.4859 -0.8620 -0.1445
vn 0.4801 -0.8570 -0.1873
vn 0.4814 -0.8565 -0.1862
vn 0.4714 -0.8601 -0.1948
vn -0.3015 -0.9533 0.0193
vn -0.3011 -0.9534 0.0189
vn -0.2981 -0.9544 0.0160
vn 0.2821 -0.9594 0.0018
vn 0.2812 -0.9596 0.0010
vn 0.2875 -0.9578 0.0065
vn -0.2174 -0.9757 0.0259
vn -0.2168 -0.9758 0.0264
vn -0.2205 -0.9751 0.0234
vn 0.3796 -0.9247 -0.0287
vn 0.3785 -0.9251 -0.0296
vn 0.3886 -0.9212 -0.0207
vn 0.3790 -0.9238 -0.0552
vn 0.3813 -0.9229 -0.0535
vn 0.3706 -0.9268 -0.0615
vn -0.2719 -0.9618 0.0328
vn -0.2699 -0.9621 0.0384
vn -0.2628 -0.9644 0.0293
vn 0.2618 -0.9648 0.0235
vn 0.2576 -0.9659 0.0264
vn 0.2623 -0.9646 0.0278
vn -0.1977 -0.9787 0.0545
vn -0.1945 -0.9795 0.0524
vn -0.1982 -0.9788 0.0514
vn 0.3303 -0.9439 -0.0060
vn 0.3226 -0.9465 0.0013
vn 0.3254 -0.9456 0.0039
vn 0.3396 -0.9400 -0.0320
vn 0.3423 -0.9389 -0.0364
vn 0.3382 -0.9405 -0.0334
vn -0.2340 -0.9722 0.0041
vn -0.2338 -0.9723 0.0012
vn -0.2367 -0.9716 -0.0000
vn 0.2366 -0.9715 -0.0108
vn 0.2364 -0.9716 -0.0079
vn 0.2394 -0.9709 -0.0067
vn -0.1786 -0.9838 0.0132
vn -0.1784 -0.9839 0.0110
vn -0.1807 -0.9835 0.0102
vn 0.2824 -0.9589 -0.0289
vn 0.2798 -0.9597 -0.0251
vn 0.2856 -0.9580 -0.0241
vn 0.3425 -0.9376 -0.0601
vn 0.3408 -0.9384 -0.0578
vn 0.3415 -0.9381 -0.0570
vn -0.2195 -0.9756 0.0050
vn -0.2183 -0.9759 0.0011
vn -0.2219 -0.9751 0.0011
vn 0.2217 -0.9750 -0.0111
vn 0.2205 -0.9754 -0.0070
vn 0.2242 -0.9745 -0.0073
vn -0.1671 -0.9859 0.0130
vn -0.1662 -0.9860 0.0098
vn -0.1690 -0.9856 0.0102
vn 0.2673 -0.9632 -0.0281
vn 0.2617 -0.9649 -0.0220
vn 0.2659 -0.9637 -0.0233
vn 0.3521 -0.9341 -0.0587
vn 0.3500 -0.9350 -0.0571
vn 0.3525 -0.9340 -0.0574
vn -0.2065 -0.9784 0.0042
vn -0.2056 -0.9786 0.0008
vn -0.2085 -0.9780 0.0009
vn 0.2084 -0.9780 -0.0094
vn 0.2075 -0.9782 -0.0058
vn 0.2104 -0.9776 -0.0061
vn -0.1569 -0.9876 0.0110
vn -0.1562 -0.9877 0.0081
vn -0.1585 -0.9873 0.0085
vn 0.2513 -0.9676 -0.0238
vn 0.2486 -0.9684 -0.0188
vn 0.2521 -0.9675 -0.0198
vn 0.3613 -0.9311 -0.0500
vn 0.3600 -0.9315 -0.0525
vn 0.3608 -0.9312 -0.0525
vn -0.1967 -0.9805 0.0033
vn -0.1960 -0.9806 0.0006
vn -0.1982 -0.9802 0.0006
vn 0.1983 -0.9801 -0.0073
vn 0.1976 -0.9803 -0.0043
vn 0.1998 -0.9798 -0.0046
vn -0.1492 -0.9888 0.0084
vn -0.1487 -0.9889 0.0060
vn -0.1504 -0.9886 0.0065
vn 0.2378 -0.9711 -0.0182
vn 0.2371 -0.9714 -0.0139
vn 0.2397 -0.9707 -0.0151
vn 0.3666 -0.9296 -0.0374
vn 0.3657 -0.9297 -0.0429
vn 0.3662 -0.9295 -0.0429
vn -0.1898 -0.9818 0.0022
vn -0.1900 -0.9818 0.0007
vn -0.1907 -0.9816 0.0005
vn 0.1912 -0.9815 -0.0048
vn 0.1914 -0.9815 -0.0032
vn 0.1922 -0.9814 -0.0031
vn -0.1439 -0.9896 0.0056
vn -0.1440 -0.9896 0.0044
vn -0.1446 -0.9895 0.0043
vn 0.2296 -0.9732 -0.0120
vn 0.2298 -0.9732 -0.0101
vn 0.2307 -0.9730 -0.0099
vn 0.3692 -0.9288 -0.0300
vn 0.3693 -0.9288 -0.0293
vn 0.3696 -0.9287 -0.0291
vn -0.1930 -0.9812 0.0027
vn -0.1924 -0.9813 0.0005
vn -0.1942 -0.9810 0.0005
vn 0.1945 -0.9809 -0.0060
vn 0.1939 -0.9810 -0.0035
vn 0.1957 -0.9807 -0.0038
vn -0.1463 -0.9892 0.0070
vn -0.1459 -0.9893 0.0048
vn -0.1473 -0.9891 0.0054
vn 0.2334 -0.9723 -0.0151
vn 0.2328 -0.9725 -0.0113
vn 0.2349 -0.9720 -0.0126
vn 0.3684 -0.9292 -0.0303
vn 0.3676 -0.9293 -0.0366
vn 0.3681 -0.9291 -0.0365
vn -0.2012 -0.9795 0.0038
vn -0.2004 -0.9797 0.0007
vn -0.2029 -0.9792 0.0008
vn 0.2030 -0.9792 -0.0084
vn 0.2022 -0.9793 -0.0050
vn 0.2047 -0.9788 -0.0054
vn -0.1528 -0.9882 0.0098
vn -0.1522 -0.9883 0.0071
vn -0.1541 -0.9880 0.0076
vn 0.2432 -0.9697 -0.0210
vn 0.2424 -0.9700 -0.0164
vn 0.2454 -0.9693 -0.0176
vn 0.3643 -0.9302 -0.0443
vn 0.3632 -0.9305 -0.0483
vn 0.3638 -0.9302 -0.0482
vn -0.2126 -0.9771 0.0046
vn -0.2116 -0.9774 0.0010
vn -0.2148 -0.9766 0.0010
vn 0.2147 -0.9766 -0.0103
vn 0.2136 -0.9769 -0.0064
vn 0.2170 -0.9762 -0.0067
vn -0.1617 -0.9868 0.0120
vn -0.1609 -0.9869 0.0090
vn -0.1635 -0.9865 0.0094
vn 0.2589 -0.9656 -0.0261
vn 0.2557 -0.9665 -0.0209
vn 0.2597 -0.9655 -0.0218
vn 0.3576 -0.9323 -0.0545
vn 0.3560 -0.9328 -0.0556
vn 0.3570 -0.9324 -0.0556
vn -0.2271 -0.9739 0.0052
vn -0.2257 -0.9742 0.0011
vn -0.2297 -0.9733 0.0012
vn 0.2295 -0.9732 -0.0117
vn 0.2281 -0.9736 -0.0075
vn 0.2322 -0.9726 -0.0077
vn -0.1731 -0.9848 0.0137
vn -0.1720 -0.9850 0.0105
vn -0.1752 -0.9845 0.0108
vn 0.2764 -0.9606 -0.0296
vn 0.2704 -0.9625 -0.0237
vn 0.2750 -0.9611 -0.0247
vn 0.3482 -0.9355 -0.0594
vn 0.3446 -0.9370 -0.0576
vn 0.3474 -0.9359 -0.0578
vn -0.2448 -0.9679 0.0561
vn -0.2472 -0.9675 0.0528
vn -0.2515 -0.9667 0.0467
vn 0.2456 -0.9684 0.0436
vn 0.2467 -0.9681 0.0451
vn 0.2487 -0.9674 0.0478
vn -0.1853 -0.9802 0.0699
vn -0.1861 -0.9801 0.0688
vn -0.1877 -0.9800 0.0668
vn 0.2953 -0.9552 0.0181
vn 0.2978 -0.9544 0.0216
vn 0.3023 -0.9528 0.0277
vn 0.3368 -0.9409 -0.0342
vn 0.3363 -0.9415 -0.0228
vn 0.3365 -0.9414 -0.0232
vn -0.2921 -0.9559 0.0308
vn -0.2898 -0.9563 0.0389
vn -0.2851 -0.9579 0.0331
vn 0.2703 -0.9627 0.0148
vn 0.2654 -0.9637 0.0273
vn 0.2726 -0.9620 0.0170
vn -0.2091 -0.9768 0.0461
vn -0.2006 -0.9783 0.0515
vn -0.2092 -0.9769 0.0432
vn 0.3474 -0.9377 -0.0090
vn 0.3477 -0.9376 -0.0087
vn 0.3541 -0.9352 -0.0022
vn 0.3457 -0.9377 -0.0335
vn 0.3598 -0.9321 -0.0407
vn 0.3493 -0.9363 -0.0361
vn -0.3135 -0.9486 -0.0435
vn -0.3134 -0.9490 -0.0350
vn -0.3137 -0.9485 -0.0431
vn 0.3039 -0.9506 -0.0636
vn 0.3029 -0.9508 -0.0644
vn 0.3080 -0.9495 -0.0600
vn -0.2313 -0.9721 -0.0383
vn -0.2305 -0.9724 -0.0376
vn -0.2345 -0.9713 -0.0407
vn 0.4219 -0.9017 -0.0941
vn 0.4199 -0.9025 -0.0959
vn 0.4339 -0.8971 -0.0835
vn 0.4278 -0.8949 -0.1272
vn 0.4322 -0.8932 -0.1239
vn 0.4143 -0.8997 -0.1375
vn 0.1241 -0.8487 -0.5140
vn 0.1240 -0.8486 -0.5143
vn 0.3210 -0.8779 -0.3552
vn 0.3456 -0.8586 -0.3786
vn 0.4542 -0.7499 -0.4810
vn 0.5072 -0.7479 -0.4283
vn 0.5060 -0.7493 -0.4272
vn 0.5013 -0.7550 -0.4226
vn 0.1962 -0.5603 -0.8047
vn 0.1971 -0.5616 -0.8036
vn 0.1551 -0.5011 -0.8514
vn 0.2657 -0.6458 -0.7157
vn 0.2596 -0.6512 -0.7131
vn 0.2826 -0.6307 -0.7228
vn -0.0732 -0.1649 -0.9836
vn -0.0808 -0.1706 -0.9820
vn -0.1620 -0.2312 -0.9593
vn 0.3940 0.3614 -0.8451
vn 0.4049 0.3519 -0.8440
vn 0.5355 0.2238 -0.8144
vn 0.1416 0.2947 -0.9451
vn 0.1769 0.2829 -0.9427
vn 0.0529 0.3221 -0.9452
vn 0.0848 0.2614 -0.9615
vn 0.1433 0.2751 -0.9507
vn 0.0484 0.2525 -0.9664
vn 0.1785 -0.9458 -0.2714
vn 0.1266 -0.9535 -0.2736
vn 0.2436 -0.9322 -0.2676
vn -0.6215 -0.7527 -0.2170
vn -0.6219 -0.7512 -0.2214
vn -0.6219 -0.7508 -0.2224
vn -0.9999 0.0170 -0.0010
vn -0.9998 0.0170 -0.0042
vn -0.9998 0.0170 -0.0050
vn -0.9629 -0.2133 0.1653
vn -0.9605 -0.2304 0.1562
vn -0.9602 -0.2320 0.1554
vn -0.9731 -0.1349 0.1866
vn -0.9747 -0.1151 0.1916
vn -0.9748 -0.1130 0.1922
vn -0.9753 -0.0523 0.2147
vn -0.9754 -0.0351 0.2174
vn -0.9754 -0.0328 0.2178
vn -0.9757 -0.0032 0.2191
vn -0.9766 -0.0003 0.2151
vn -0.9766 -0.0000 0.2151
vn -0.9775 -0.0000 0.2109
vn -0.9780 -0.0000 0.2088
vn -0.9813 -0.0000 0.1925
vn -0.9801 -0.0000 0.1986
vn -0.9853 -0.0000 0.1706
vn -0.9917 -0.0000 0.1285
vn -0.0000 -0.0000 -1.0000
vn -0.9947 -0.0000 0.1030
vn -0.9885 -0.0000 0.1511
vn -0.9825 -0.0000 0.1865
vn -0.9784 -0.0000 0.2068
vn -0.9792 -0.0000 0.2027
vn -0.9738 -0.0262 0.2261
vn -0.9756 -0.0038 0.2196
vn -0.9741 -0.0110 0.2260
vn -0.9743 -0.1045 0.1996
vn -0.9759 -0.0779 0.2038
vn -0.9760 -0.0755 0.2042
vn -0.9683 -0.1707 0.1824
vn -0.9694 -0.1587 0.1871
vn -0.9696 -0.1571 0.1877
vn -0.9985 0.0485 -0.0257
vn -0.9983 0.0537 -0.0217
vn -0.9983 0.0545 -0.0210
vn -0.6941 -0.6935 -0.1931
vn -0.6855 -0.7136 -0.1448
vn -0.6833 -0.7177 -0.1342
vn 0.9919 0.1212 0.0370
vn 0.9919 0.1220 0.0360
vn 0.9920 0.1205 0.0379
vn 0.9978 0.0636 0.0158
vn 0.9979 0.0624 0.0186
vn 0.9978 0.0640 0.0149
vn 0.9672 -0.2494 0.0481
vn 0.9659 -0.2589 0.0048
vn 0.9672 -0.2477 0.0559
vn 0.9727 -0.1769 0.1504
vn 0.9727 -0.1777 0.1494
vn 0.9727 -0.1766 0.1506
vn 0.8913 -0.2153 0.3990
vn 0.8844 -0.3450 0.3145
vn 0.8905 -0.1948 0.4112
vn 0.3008 -0.3952 0.8680
vn 0.2983 -0.4073 0.8632
vn 0.3010 -0.3938 0.8685
vn 0.9978 -0.0609 0.0254
vn 0.9977 -0.0642 0.0212
vn 0.9978 -0.0606 0.0259
vn 0.3398 -0.9040 -0.2594
vn 0.0504 0.3050 -0.9510
vn 0.0783 0.3106 -0.9473
vn 0.0270 0.3000 -0.9535
vn 0.0979 -0.0058 -0.9952
vn 0.1206 -0.0022 -0.9927
vn 0.0893 -0.0072 -0.9960
vn 0.0301 -0.1339 -0.9905
vn 0.0353 -0.1302 -0.9909
vn 0.0636 -0.1093 -0.9920
vn -0.0211 -0.7898 -0.6130
vn -0.0605 -0.7673 -0.6385
vn 0.2366 -0.8830 -0.4053
vn 0.4059 -0.8217 -0.4000
vn 0.4177 -0.8105 -0.4107
vn 0.4504 -0.7766 -0.4406
vn 0.4755 -0.8553 -0.2057
vn 0.4771 -0.8548 -0.2044
vn 0.4657 -0.8587 -0.2138
vn 0.4488 -0.8812 -0.1488
vn 0.4508 -0.8804 -0.1472
vn 0.4423 -0.8836 -0.1536
vn 0.4194 -0.9043 -0.0802
vn 0.4217 -0.9033 -0.0784
vn 0.4098 -0.9080 -0.0874
vn 0.3726 -0.9263 -0.0570
vn 0.3734 -0.9260 -0.0563
vn 0.3594 -0.9307 -0.0681
vn 0.3157 -0.9477 -0.0467
vn 0.3135 -0.9483 -0.0489
vn 0.2986 -0.9523 -0.0635
vn 0.2535 -0.9670 -0.0262
vn 0.2484 -0.9681 -0.0320
vn 0.2344 -0.9710 -0.0476
vn 0.1960 -0.9795 -0.0470
vn 0.1907 -0.9802 -0.0534
vn 0.1799 -0.9815 -0.0663
vn 0.1429 -0.9890 -0.0382
vn 0.1371 -0.9895 -0.0453
vn 0.1266 -0.9902 -0.0581
vn 0.0918 -0.9954 -0.0286
vn 0.0858 -0.9957 -0.0362
vn 0.0763 -0.9959 -0.0483
vn 0.0442 -0.9988 -0.0196
vn 0.0383 -0.9989 -0.0273
vn 0.0298 -0.9988 -0.0386
vn 0.0012 -0.9999 -0.0116
vn -0.0044 -0.9998 -0.0193
vn -0.0118 -0.9995 -0.0295
vn -0.0364 -0.9993 -0.0052
vn -0.0415 -0.9991 -0.0125
vn -0.0478 -0.9986 -0.0216
vn -0.0797 -0.9968 0.0042
vn -0.0728 -0.9973 -0.0072
vn -0.0756 -0.9971 -0.0105
vn -0.1039 -0.9946 0.0056
vn -0.0887 -0.9960 -0.0080
vn -0.1002 -0.9950 -0.0051
vn -0.1155 -0.9933 0.0048
vn -0.1116 -0.9937 -0.0045
vn -0.1208 -0.9927 -0.0060
vn 0.1111 0.9938 0.0058
vn 0.1153 0.9933 -0.0043
vn 0.1212 0.9926 0.0076
vn 0.0851 0.9963 0.0101
vn 0.1026 0.9947 -0.0054
vn 0.0983 0.9951 0.0079
vn 0.0675 0.9977 0.0098
vn 0.0624 0.9980 0.0022
vn 0.0733 0.9971 0.0185
vn 0.0321 0.9994 0.0158
vn 0.0264 0.9996 0.0076
vn 0.0390 0.9989 0.0258
vn -0.0101 0.9996 0.0246
vn -0.0166 0.9997 0.0156
vn -0.0015 0.9993 0.0364
vn -0.0593 0.9977 0.0339
vn -0.0660 0.9975 0.0249
vn -0.0494 0.9977 0.0469
vn -0.1140 0.9925 0.0443
vn -0.1209 0.9920 0.0355
vn -0.1030 0.9930 0.0584
vn -0.1731 0.9834 0.0549
vn -0.1798 0.9826 0.0465
vn -0.1611 0.9845 0.0697
vn -0.2348 0.9699 0.0645
vn -0.2412 0.9688 0.0568
vn -0.2225 0.9717 0.0795
vn -0.2992 0.9531 0.0458
vn -0.3051 0.9515 0.0390
vn -0.2842 0.9567 0.0629
vn -0.3688 0.9272 0.0654
vn -0.3716 0.9263 0.0627
vn -0.3523 0.9323 0.0819
vn -0.4350 0.8973 0.0757
vn -0.4343 0.8975 0.0763
vn -0.4198 0.9032 0.0891
vn -0.4853 0.8687 0.0994
vn -0.4832 0.8696 0.1010
vn -0.4738 0.8739 0.1086
vn -0.5330 0.8315 0.1568
vn -0.5309 0.8325 0.1585
vn -0.5227 0.8363 0.1653
vn -0.5434 0.8124 0.2116
vn -0.5435 0.8123 0.2115
vn -0.5443 0.8120 0.2108
vn -0.4713 0.7912 0.3897
vn -0.4596 0.8037 0.3780
vn -0.5101 0.7457 0.4287
vn -0.1690 0.8742 0.4552
vn -0.1562 0.8813 0.4460
vn -0.2343 0.8334 0.5005
vn -0.0390 0.1273 0.9911
vn -0.0314 0.1326 0.9907
vn -0.0642 0.1098 0.9919
vn -0.1138 -0.0211 0.9933
vn -0.0923 -0.0178 0.9956
vn -0.0842 -0.0166 0.9963
vn -0.0953 -0.2651 0.9595
vn -0.0674 -0.2593 0.9634
vn -0.0441 -0.2544 0.9661
vn -0.2838 -0.9217 -0.2645
vn -0.1402 -0.1496 0.9787
vn -0.1124 -0.1443 0.9831
vn -0.1016 -0.1422 0.9846
vn -0.1104 0.0307 0.9934
vn -0.1313 0.0128 0.9913
vn -0.0967 0.0424 0.9944
vn 0.0960 0.3856 0.9177
vn 0.1046 0.3917 0.9141
vn 0.2561 0.4928 0.8316
vn -0.2166 0.6069 0.7647
vn -0.1647 0.6434 0.7476
vn -0.2881 0.5509 0.7833
vn -0.3259 0.8877 0.3252
vn -0.2761 0.8909 0.3606
vn -0.1435 0.8838 0.4453
vn -0.1667 0.9716 0.1682
vn -0.1737 0.9688 0.1769
vn -0.1762 0.9686 0.1751
vn -0.1827 0.9794 0.0865
vn -0.1865 0.9785 0.0877
vn -0.1878 0.9784 0.0869
vn -0.1877 0.9816 0.0343
vn -0.1867 0.9818 0.0343
vn -0.1856 0.9820 0.0351
vn -0.1802 0.9835 0.0130
vn -0.1660 0.9861 -0.0005
vn -0.1714 0.9851 0.0112
vn -0.1480 0.9890 -0.0007
vn -0.1485 0.9889 -0.0012
vn -0.1408 0.9900 0.0061
vn -0.1128 0.9934 -0.0194
vn -0.1154 0.9931 -0.0223
vn -0.1048 0.9944 -0.0104
vn -0.0847 0.9962 0.0193
vn -0.0776 0.9969 0.0123
vn -0.0819 0.9964 0.0221
vn -0.0698 0.9973 0.0207
vn -0.0547 0.9985 0.0092
vn -0.0585 0.9981 0.0188
vn -0.0476 0.9987 0.0172
vn -0.0339 0.9994 0.0064
vn -0.0372 0.9992 0.0158
vn -0.0275 0.9995 0.0140
vn -0.0154 0.9999 0.0040
vn -0.0183 0.9998 0.0127
vn -0.0097 0.9999 0.0110
vn 0.0006 1.0000 0.0020
vn -0.0018 1.0000 0.0098
vn 0.0053 1.0000 0.0083
vn 0.0141 0.9999 0.0005
vn 0.0121 0.9999 0.0074
vn 0.0181 0.9998 0.0059
vn 0.0252 0.9997 -0.0006
vn 0.0237 0.9997 0.0054
vn 0.0283 0.9996 0.0039
vn 0.0321 0.9995 -0.0005
vn 0.0328 0.9995 0.0039
vn 0.0389 0.9992 0.0028
vn 0.0386 0.9993 -0.0005
vn 0.0405 0.9992 0.0035
vn -0.0389 -0.9992 -0.0028
vn -0.0386 -0.9993 0.0005
vn -0.0365 -0.9993 0.0008
vn -0.0283 -0.9996 -0.0039
vn -0.0321 -0.9995 0.0005
vn -0.0274 -0.9996 0.0006
vn -0.0181 -0.9998 -0.0059
vn -0.0252 -0.9997 0.0006
vn -0.0198 -0.9998 -0.0001
vn -0.0053 -1.0000 -0.0083
vn -0.0141 -0.9999 -0.0005
vn -0.0076 -1.0000 -0.0013
vn 0.0097 -0.9999 -0.0110
vn -0.0006 -1.0000 -0.0020
vn 0.0071 -1.0000 -0.0031
vn 0.0275 -0.9995 -0.0140
vn 0.0154 -0.9999 -0.0040
vn 0.0244 -0.9997 -0.0053
vn 0.0476 -0.9987 -0.0172
vn 0.0339 -0.9994 -0.0064
vn 0.0440 -0.9990 -0.0079
vn 0.0698 -0.9973 -0.0207
vn 0.0547 -0.9985 -0.0092
vn 0.0658 -0.9978 -0.0107
vn 0.0847 -0.9962 -0.0193
vn 0.0776 -0.9969 -0.0123
vn 0.0921 -0.9957 -0.0104
vn 0.1128 -0.9934 0.0213
vn 0.1155 -0.9930 0.0243
vn 0.1236 -0.9918 0.0334
vn 0.1480 -0.9890 0.0069
vn 0.1487 -0.9889 0.0075
vn 0.1559 -0.9877 0.0145
vn 0.1803 -0.9836 -0.0021
vn 0.1662 -0.9861 0.0069
vn 0.1764 -0.9843 0.0022
vn 0.1870 -0.9822 -0.0186
vn 0.1866 -0.9822 -0.0189
vn 0.1881 -0.9820 -0.0178
vn 0.1851 -0.9789 -0.0868
vn 0.1857 -0.9788 -0.0864
vn 0.1837 -0.9791 -0.0877
vn 0.1700 -0.9741 -0.1493
vn 0.1760 -0.9724 -0.1531
vn 0.1743 -0.9726 -0.1541
vn 0.3272 -0.8881 -0.3228
vn 0.2796 -0.8913 -0.3569
vn 0.4497 -0.8642 -0.2255
vn 0.1664 -0.6444 -0.7463
vn 0.2154 -0.6092 -0.7632
vn 0.2883 -0.5511 -0.7831
vn -0.1041 -0.4145 -0.9041
vn -0.0827 -0.3980 -0.9137
vn -0.2490 -0.5186 -0.8179
vn 0.1384 -0.0392 -0.9896
vn 0.1171 -0.0579 -0.9914
vn 0.1025 -0.0706 -0.9922
vn 0.1486 0.1975 -0.9690
vn 0.1038 0.1892 -0.9764
vn 0.1669 0.2007 -0.9653
vn 0.1663 -0.9478 -0.2720
vn 0.2087 0.3656 -0.9071
vn 0.1297 0.3561 -0.9254
vn 0.2578 0.3703 -0.8924
vn -0.0312 0.0674 -0.9972
vn 0.1203 0.0851 -0.9891
vn -0.1258 0.0555 -0.9905
vn 0.0180 -0.2437 -0.9697
vn 0.0372 -0.2275 -0.9731
vn 0.1130 -0.1622 -0.9803
vn 0.1488 -0.9012 -0.4071
vn 0.1501 -0.9005 -0.4082
vn 0.1599 -0.8952 -0.4159
vn 0.2000 -0.9268 -0.3180
vn 0.1778 -0.9271 -0.3300
vn 0.2375 -0.9248 -0.2971
vn 0.2300 -0.9579 -0.1719
vn 0.2259 -0.9584 -0.1744
vn 0.2409 -0.9565 -0.1648
vn 0.2750 -0.9551 -0.1099
vn 0.2668 -0.9569 -0.1149
vn 0.2921 -0.9512 -0.0994
vn 0.3593 -0.9310 -0.0644
vn 0.3555 -0.9323 -0.0670
vn 0.3714 -0.9268 -0.0560
vn 0.4046 -0.9121 -0.0662
vn 0.4042 -0.9123 -0.0666
vn 0.4143 -0.9083 -0.0580
vn 0.4326 -0.8977 -0.0839
vn 0.4339 -0.8972 -0.0826
vn 0.4392 -0.8951 -0.0769
vn 0.4548 -0.8861 -0.0890
vn 0.4501 -0.8891 -0.0835
vn 0.4523 -0.8881 -0.0815
vn 0.4733 -0.8733 -0.1159
vn 0.4687 -0.8768 -0.1073
vn 0.4709 -0.8759 -0.1049
vn 0.4920 -0.8626 -0.1176
vn 0.4805 -0.8704 -0.1071
vn 0.4899 -0.8649 -0.1090
vn 0.5092 -0.8527 -0.1164
vn 0.4989 -0.8598 -0.1086
vn 0.5074 -0.8547 -0.1101
vn 0.5249 -0.8438 -0.1121
vn 0.5156 -0.8501 -0.1073
vn 0.5232 -0.8453 -0.1085
vn 0.5386 -0.8360 -0.1045
vn 0.5305 -0.8414 -0.1032
vn 0.5371 -0.8371 -0.1040
vn 0.5505 -0.8295 -0.0940
vn 0.5435 -0.8339 -0.0962
vn 0.5490 -0.8302 -0.0968
vn 0.5604 -0.8242 -0.0812
vn 0.5546 -0.8276 -0.0866
vn 0.5591 -0.8245 -0.0868
vn 0.5651 -0.8212 -0.0792
vn 0.5637 -0.8226 -0.0746
vn 0.5678 -0.8199 -0.0736
vn 0.5721 -0.8177 -0.0646
vn 0.5726 -0.8176 -0.0602
vn 0.5739 -0.8167 -0.0595
vn -0.5937 0.8022 0.0624
vn -0.5931 0.8023 0.0674
vn -0.5952 0.8012 0.0617
vn -0.5839 0.8082 0.0772
vn -0.5853 0.8065 0.0834
vn -0.5886 0.8048 0.0763
vn -0.5737 0.8141 0.0898
vn -0.5756 0.8120 0.0969
vn -0.5796 0.8100 0.0886
vn -0.5613 0.8216 0.0998
vn -0.5691 0.8164 0.0986
vn -0.5675 0.8172 0.1002
vn -0.5462 0.8308 0.1067
vn -0.5557 0.8242 0.1096
vn -0.5539 0.8256 0.1078
vn -0.5285 0.8417 0.1106
vn -0.5395 0.8338 0.1173
vn -0.5375 0.8358 0.1120
vn -0.5083 0.8540 0.1114
vn -0.5209 0.8449 0.1218
vn -0.5186 0.8475 0.1132
vn -0.4853 0.8675 0.1092
vn -0.4997 0.8575 0.1228
vn -0.4971 0.8605 0.1113
vn -0.4700 0.8759 0.1094
vn -0.4665 0.8771 0.1143
vn -0.4749 0.8740 0.1025
vn -0.4460 0.8910 0.0853
vn -0.4521 0.8872 0.0920
vn -0.4488 0.8898 0.0826
vn -0.4229 0.9022 0.0848
vn -0.4214 0.9028 0.0863
vn -0.4302 0.8994 0.0772
vn -0.3847 0.9203 0.0706
vn -0.3857 0.9200 0.0698
vn -0.3973 0.9157 0.0603
vn -0.3291 0.9414 0.0735
vn -0.3338 0.9400 0.0704
vn -0.3466 0.9360 0.0618
vn -0.2333 0.9658 0.1134
vn -0.2423 0.9642 0.1081
vn -0.2590 0.9609 0.0983
vn -0.1718 0.9722 0.1589
vn -0.1744 0.9720 0.1573
vn -0.1807 0.9715 0.1534
vn -0.1896 0.9300 0.3150
vn -0.1929 0.9299 0.3131
vn -0.1989 0.9298 0.3098
vn -0.1410 0.9192 0.3677
vn -0.1435 0.9180 0.3698
vn -0.1222 0.9278 0.3524
vn -0.0152 0.2356 0.9717
vn -0.0434 0.2136 0.9760
vn 0.0585 0.2917 0.9547
vn -0.1243 -0.1162 0.9854
vn 0.0347 -0.0983 0.9945
vn 0.1320 -0.0861 0.9875
vn -0.1332 -0.3024 0.9438
vn -0.2056 -0.3122 0.9275
vn -0.2501 -0.3173 0.9147
vn 0.0923 0.0683 0.9934
vn 0.0898 0.0660 0.9938
vn 0.0983 0.0736 0.9924
vn -0.0504 0.1081 0.9929
vn -0.0598 0.0996 0.9932
vn -0.0064 0.1470 0.9891
vn -0.0701 0.2042 0.9764
vn -0.0710 0.2033 0.9765
vn -0.0197 0.2526 0.9674
vn -0.1043 0.3090 0.9453
vn -0.1017 0.3116 0.9448
vn -0.0649 0.3482 0.9352
vn -0.2230 0.3232 0.9197
vn -0.2125 0.3331 0.9186
vn -0.1737 0.3692 0.9130
vn -0.2446 0.2628 0.9333
vn -0.2430 0.2580 0.9351
vn -0.2523 0.2859 0.9245
vn 0.9762 -0.2166 -0.0099
vn 0.9760 -0.2134 -0.0427
vn 0.9761 -0.2173 -0.0022
vn 0.2410 -0.2747 -0.9308
vn 0.2388 -0.2669 -0.9337
vn 0.2329 -0.2467 -0.9407
vn 0.2300 -0.3444 -0.9102
vn 0.2117 -0.3636 -0.9072
vn 0.2675 -0.3036 -0.9145
vn 0.1080 -0.3506 -0.9303
vn 0.1172 -0.3396 -0.9332
vn 0.0784 -0.3853 -0.9195
vn 0.0757 -0.2181 -0.9730
vn 0.0670 -0.2278 -0.9714
vn 0.1217 -0.1655 -0.9787
vn 0.0513 -0.1076 -0.9929
vn 0.0547 -0.1043 -0.9930
vn 0.1003 -0.0596 -0.9932
vn -0.0910 -0.0633 -0.9938
vn -0.0928 -0.0650 -0.9936
vn -0.0989 -0.0708 -0.9926
vn -0.9990 -0.0455 -0.0009
vn -0.9990 -0.0441 -0.0068
vn -0.9990 -0.0438 -0.0082
vn -0.1225 0.8538 0.5059
vn -0.1242 0.8528 0.5073
vn -0.1397 0.8431 0.5193
vn -0.0235 0.8342 0.5510
vn -0.0166 0.8372 0.5466
vn -0.0673 0.8135 0.5777
vn 0.0311 0.7451 0.6662
vn 0.0542 0.7563 0.6520
vn -0.0561 0.6972 0.7147
vn 0.0796 0.5618 0.8235
vn 0.1297 0.5862 0.7997
vn -0.0452 0.4926 0.8691
vn -0.2075 0.5448 0.8125
vn -0.1770 0.5655 0.8055
vn -0.2613 0.5057 0.8222
vn -0.2156 0.6244 0.7507
vn -0.2058 0.6178 0.7589
vn -0.1811 0.6005 0.7788
vn 0.9857 -0.1608 0.0498
vn 0.9853 -0.1661 0.0391
vn 0.9858 -0.1601 0.0514
vn 0.2157 -0.6254 -0.7499
vn 0.2065 -0.6190 -0.7577
vn 0.2410 -0.6426 -0.7273
vn 0.2097 -0.5422 -0.8137
vn 0.1799 -0.5630 -0.8066
vn 0.1204 -0.6017 -0.7896
vn -0.1234 -0.5781 -0.8066
vn -0.0769 -0.5547 -0.8285
vn 0.0439 -0.4864 -0.8726
vn 0.2934 -0.8622 -0.4130
vn 0.2401 -0.8936 -0.3792
vn -0.0786 -0.9846 -0.1562
vn -0.1844 -0.9052 -0.3829
vn -0.2135 -0.9089 -0.3582
vn -0.0386 -0.8678 -0.4953
vn 0.1289 -0.8750 -0.4666
vn 0.1293 -0.8748 -0.4670
vn 0.1268 -0.8763 -0.4648
vn -0.9829 0.1650 -0.0818
vn -0.9819 0.1791 -0.0610
vn -0.9815 0.1835 -0.0545
vn -0.1740 0.9353 0.3082
vn -0.1770 0.9353 0.3063
vn -0.1843 0.9354 0.3017
vn -0.3411 0.8574 0.3853
vn -0.3184 0.8589 0.4012
vn -0.2413 0.8589 0.4518
vn -0.4395 0.7498 0.4947
vn -0.4291 0.7617 0.4854
vn -0.4740 0.7065 0.5255
vn -0.3897 0.7459 0.5402
vn -0.3896 0.7460 0.5401
vn -0.3900 0.7456 0.5404
vn -0.0854 0.8104 0.5796
vn -0.0968 0.8031 0.5879
vn -0.0564 0.8278 0.5581
vn -0.0181 0.7172 0.6967
vn -0.0582 0.7390 0.6712
vn -0.1481 0.7809 0.6068
vn 0.9997 -0.0204 0.0157
vn 0.9997 -0.0228 0.0110
vn 0.9997 -0.0199 0.0166
vn 0.0143 -0.7595 -0.6504
vn 0.0443 -0.7760 -0.6292
vn -0.0911 -0.6917 -0.7164
vn 0.0950 -0.8438 -0.5282
vn 0.1044 -0.8379 -0.5357
vn 0.1332 -0.8190 -0.5582
vn 0.4030 -0.7727 -0.4904
vn 0.4031 -0.7726 -0.4904
vn 0.4599 -0.7741 -0.4351
vn 0.4515 -0.7837 -0.4265
vn 0.4046 -0.8326 -0.3783
vn 0.3204 -0.8915 -0.3202
vn 0.3034 -0.8930 -0.3323
vn 0.3800 -0.8829 -0.2757
vn 0.1563 -0.9524 -0.2616
vn 0.1597 -0.9525 -0.2595
vn 0.1457 -0.9523 -0.2683
vn -0.9787 -0.1650 0.1222
vn -0.9705 -0.2231 0.0915
vn -0.9694 -0.2289 0.0884
vn -0.2610 -0.9653 0.0012
vn -0.2559 -0.9666 -0.0117
vn -0.2691 -0.9629 0.0219
vn 0.3168 -0.9430 -0.1015
vn 0.3187 -0.9417 -0.1083
vn 0.2954 -0.9550 -0.0258
vn -0.0642 -0.9932 -0.0972
vn -0.0662 -0.9929 -0.0991
vn -0.0525 -0.9949 -0.0856
vn 0.4984 -0.8522 -0.1592
vn 0.4978 -0.8524 -0.1598
vn 0.5127 -0.8463 -0.1449
vn 0.1666 -0.9744 -0.1513
vn 0.1621 -0.9746 -0.1543
vn 0.5123 -0.8336 -0.2064
vn 0.5167 -0.8319 -0.2025
vn 0.4851 -0.8437 -0.2299
vn 0.4849 -0.8432 -0.2319
vn 0.4853 -0.8431 -0.2316
vn 0.4830 -0.8439 -0.2335
vn 0.2253 -0.9499 -0.2169
vn 0.2306 -0.9493 -0.2136
vn 0.2131 -0.9509 -0.2243
vn -0.9700 -0.1713 0.1728
vn -0.9647 -0.2158 0.1511
vn -0.9638 -0.2214 0.1483
vn -0.1865 0.9506 0.2482
vn -0.1784 0.9509 0.2529
vn -0.1625 0.9513 0.2620
vn -0.5394 0.7993 0.2648
vn -0.5401 0.7991 0.2642
vn -0.5443 0.7974 0.2605
vn -0.4991 0.8357 0.2291
vn -0.5063 0.8331 0.2229
vn -0.5405 0.8190 0.1928
vn -0.1721 0.9689 0.1776
vn -0.1620 0.9719 0.1708
vn -0.1561 0.9722 0.1747
vn -0.4955 0.8502 0.1780
vn -0.4945 0.8505 0.1789
vn -0.4816 0.8553 0.1914
vn 0.0558 0.9910 0.1214
vn 0.0585 0.9906 0.1240
vn 0.0733 0.9877 0.1381
vn -0.2786 0.9525 0.1232
vn -0.2810 0.9496 0.1387
vn -0.2877 0.9401 0.1831
vn 0.2725 0.9612 0.0427
vn 0.2677 0.9617 0.0588
vn 0.2635 0.9619 0.0724
vn -0.3126 -0.9495 -0.0254
vn -0.3127 -0.9495 -0.0254
vn -0.3128 -0.9495 -0.0252
vn 0.3137 -0.9484 -0.0457
vn 0.3124 -0.9488 -0.0467
vn 0.3180 -0.9472 -0.0421
vn -0.2389 -0.9708 -0.0193
vn -0.2379 -0.9711 -0.0185
vn -0.2422 -0.9700 -0.0218
vn 0.4495 -0.8897 -0.0800
vn 0.4469 -0.8908 -0.0823
vn 0.4629 -0.8838 -0.0682
vn 0.1812 -0.9809 -0.0705
vn 0.1821 -0.9808 -0.0699
vn 0.1794 -0.9812 -0.0716
vn 0.4589 -0.8808 -0.1163
vn 0.4637 -0.8788 -0.1127
vn 0.4451 -0.8865 -0.1267
vn 0.4636 -0.8755 -0.1363
vn 0.4658 -0.8746 -0.1346
vn 0.4574 -0.8781 -0.1408
vn 0.2467 -0.9633 -0.1058
vn 0.2451 -0.9636 -0.1067
vn 0.2495 -0.9628 -0.1042
vn -0.9720 -0.1403 0.1883
vn -0.9708 -0.1531 0.1848
vn -0.9706 -0.1544 0.1845
vn -0.1950 0.9753 0.1042
vn -0.2033 0.9740 0.0997
vn -0.2165 0.9719 0.0924
vn -0.5444 0.8237 0.1586
vn -0.5456 0.8231 0.1576
vn -0.5497 0.8210 0.1542
vn -0.4439 0.8865 0.1307
vn -0.4500 0.8841 0.1262
vn -0.4655 0.8776 0.1146
vn -0.1857 0.9786 0.0882
vn -0.1803 0.9797 0.0879
vn -0.1775 0.9800 0.0896
vn -0.4487 0.8884 0.0966
vn -0.4458 0.8896 0.0991
vn -0.4331 0.8946 0.1099
vn 0.2388 0.9703 0.0396
vn 0.2324 0.9718 0.0408
vn -0.3135 0.9474 0.0649
vn -0.3101 0.9486 0.0637
vn 0.3110 0.9493 0.0450
vn 0.3107 0.9494 0.0453
vn -0.3093 -0.9505 -0.0305
vn -0.3059 -0.9515 -0.0338
vn 0.2936 -0.9547 -0.0481
vn 0.2924 -0.9550 -0.0491
vn 0.2993 -0.9532 -0.0432
vn -0.2243 -0.9742 -0.0243
vn -0.2236 -0.9744 -0.0237
vn -0.2274 -0.9734 -0.0267
vn 0.3991 -0.9135 -0.0787
vn 0.3975 -0.9141 -0.0801
vn 0.4093 -0.9097 -0.0697
vn 0.1876 -0.9797 -0.0702
vn 0.1878 -0.9797 -0.0701
vn 0.1871 -0.9798 -0.0706
vn 0.4001 -0.9100 -0.1085
vn 0.4038 -0.9087 -0.1057
vn 0.3880 -0.9141 -0.1176
vn 0.4354 -0.8906 -0.1311
vn 0.4373 -0.8899 -0.1297
vn 0.4289 -0.8930 -0.1360
vn 0.3220 -0.9419 -0.0953
vn 0.3135 -0.9442 -0.1008
vn 0.3429 -0.9358 -0.0817
vn -0.9736 -0.1086 0.2007
vn -0.9730 -0.1163 0.1992
vn -0.9730 -0.1170 0.1991
vn -0.2829 0.9561 0.0762
vn -0.2934 0.9534 0.0697
vn -0.3161 0.9471 0.0555
vn -0.5081 0.8535 0.1158
vn -0.5118 0.8517 0.1128
vn -0.5267 0.8441 0.1005
vn -0.3876 0.9190 0.0718
vn -0.3913 0.9177 0.0692
vn -0.4015 0.9138 0.0617
vn -0.1882 0.9815 0.0341
vn -0.1880 0.9816 0.0348
vn -0.1878 0.9816 0.0349
vn -0.4000 0.9154 0.0451
vn -0.3982 0.9161 0.0467
vn -0.3882 0.9199 0.0552
vn 0.2244 0.9744 -0.0104
vn 0.2187 0.9758 -0.0091
vn -0.2941 0.9557 0.0137
vn -0.2902 0.9569 0.0119
vn 0.3074 0.9516 -0.0042
vn 0.3104 0.9506 -0.0070
vn -0.2954 -0.9548 0.0320
vn -0.2943 -0.9551 0.0332
vn 0.2737 -0.9617 0.0158
vn 0.2760 -0.9610 0.0180
vn -0.2107 -0.9765 0.0447
vn -0.2138 -0.9760 0.0419
vn 0.3619 -0.9322 -0.0115
vn 0.3620 -0.9321 -0.0114
vn 0.3697 -0.9291 -0.0037
vn 0.1823 -0.9832 -0.0009
vn 0.1854 -0.9827 0.0015
vn 0.3542 -0.9346 -0.0328
vn 0.3639 -0.9307 -0.0380
vn 0.3978 -0.9152 -0.0646
vn 0.3988 -0.9148 -0.0637
vn 0.3861 -0.9195 -0.0744
vn 0.3837 -0.9214 -0.0615
vn 0.3825 -0.9218 -0.0625
vn 0.3947 -0.9173 -0.0527
vn -0.9742 -0.0578 0.2181
vn -0.9736 -0.0771 0.2150
vn -0.9735 -0.0793 0.2146
vn -0.3590 0.9310 0.0657
vn -0.3609 0.9304 0.0642
vn -0.3732 0.9261 0.0548
vn -0.4614 0.8833 0.0832
vn -0.4623 0.8829 0.0824
vn -0.4751 0.8770 0.0709
vn -0.3484 0.9365 0.0409
vn -0.3558 0.9335 0.0449
vn -0.3610 0.9317 0.0406
vn -0.1761 0.9843 0.0086
vn -0.1823 0.9832 0.0117
vn -0.1855 0.9826 0.0093
vn -0.3617 0.9320 0.0214
vn -0.3617 0.9321 0.0214
vn -0.3539 0.9348 0.0289
vn 0.2109 0.9769 -0.0332
vn 0.2093 0.9773 -0.0319
vn -0.2739 0.9617 -0.0051
vn -0.2727 0.9621 -0.0062
vn 0.2950 0.9553 -0.0211
vn 0.2971 0.9545 -0.0235
vn -0.2791 -0.9594 0.0420
vn 0.2679 -0.9633 0.0150
vn -0.2031 -0.9781 0.0460
vn 0.3334 -0.9428 -0.0030
vn 0.3409 -0.9401 0.0057
vn 0.1715 -0.9852 -0.0007
vn 0.1630 -0.9866 0.0044
vn 0.3404 -0.9398 -0.0315
vn 0.3459 -0.9366 -0.0555
vn 0.3441 -0.9372 -0.0572
vn 0.3301 -0.9413 -0.0707
vn 0.4201 -0.9039 -0.0810
vn 0.4212 -0.9034 -0.0799
vn 0.4276 -0.9010 -0.0734
vn -0.9741 -0.0145 0.2257
vn -0.9738 -0.0322 0.2250
vn -0.9738 -0.0338 0.2247
vn -0.4062 0.9101 0.0815
vn -0.3961 0.9147 0.0806
vn -0.4145 0.9071 0.0733
vn -0.4050 0.9116 0.0710
vn -0.4009 0.9121 0.0861
vn -0.4206 0.9056 0.0550
vn -0.3395 0.9399 0.0363
vn -0.1627 0.9867 0.0019
vn -0.3333 0.9428 0.0088
vn -0.3252 0.9457 0.0021
vn 0.1991 0.9789 -0.0464
vn 0.1982 0.9791 -0.0445
vn -0.2634 0.9645 -0.0188
vn -0.2623 0.9648 -0.0213
vn 0.2848 0.9583 -0.0246
vn -0.2554 -0.9638 0.0767
vn -0.2575 -0.9630 0.0798
vn -0.2511 -0.9654 0.0705
vn 0.2505 -0.9658 0.0671
vn 0.2515 -0.9654 0.0685
vn 0.2536 -0.9647 0.0713
vn -0.1889 -0.9775 0.0941
vn -0.1896 -0.9774 0.0931
vn -0.1913 -0.9773 0.0909
vn 0.3076 -0.9507 0.0385
vn 0.3104 -0.9497 0.0423
vn 0.3158 -0.9475 0.0496
vn 0.1310 -0.9905 0.0422
vn 0.1331 -0.9901 0.0446
vn 0.1405 -0.9887 0.0528
vn 0.3375 -0.9413 -0.0003
vn 0.3373 -0.9414 -0.0006
vn 0.3366 -0.9417 -0.0015
vn 0.2856 -0.9583 -0.0095
vn 0.2809 -0.9596 -0.0148
vn 0.2674 -0.9631 -0.0298
vn 0.4424 -0.8947 -0.0619
vn 0.4438 -0.8941 -0.0602
vn 0.4466 -0.8929 -0.0567
vn -0.9757 -0.0037 0.2190
vn -0.4368 0.8975 0.0611
vn -0.4348 0.8983 0.0635
vn -0.4409 0.8958 0.0559
vn -0.3393 0.9404 0.0237
vn -0.3340 0.9421 0.0298
vn -0.3533 0.9355 0.0072
vn -0.3378 0.9412 0.0024
vn -0.3375 0.9413 0.0029
vn -0.3388 0.9408 0.0013
vn -0.1330 0.9902 -0.0425
vn -0.1309 0.9906 -0.0402
vn -0.1404 0.9888 -0.0507
vn -0.3075 0.9508 -0.0365
vn -0.3103 0.9498 -0.0403
vn -0.3022 0.9528 -0.0294
vn 0.1889 0.9777 -0.0916
vn 0.1897 0.9776 -0.0907
vn 0.1872 0.9778 -0.0938
vn -0.2505 0.9659 -0.0649
vn -0.2515 0.9656 -0.0662
vn -0.2485 0.9666 -0.0621
vn 0.2553 0.9640 -0.0745
vn 0.2574 0.9632 -0.0775
vn 0.2617 0.9615 -0.0837
vn -0.2382 -0.9708 0.0291
vn -0.2393 -0.9706 0.0274
vn -0.2410 -0.9702 0.0249
vn 0.2411 -0.9704 0.0139
vn 0.2421 -0.9701 0.0155
vn 0.2439 -0.9696 0.0181
vn -0.1819 -0.9826 0.0386
vn -0.1827 -0.9825 0.0375
vn -0.1841 -0.9823 0.0356
vn 0.2876 -0.9577 -0.0048
vn 0.2890 -0.9573 -0.0028
vn 0.2909 -0.9567 -0.0000
vn 0.0973 -0.9952 0.0047
vn 0.0995 -0.9950 0.0074
vn 0.1048 -0.9944 0.0137
vn 0.3373 -0.9408 -0.0342
vn 0.3393 -0.9402 -0.0316
vn 0.2233 -0.9744 -0.0271
vn 0.2181 -0.9754 -0.0334
vn 0.2067 -0.9773 -0.0468
vn 0.4568 -0.8853 -0.0869
vn 0.4638 -0.8826 -0.0774
vn -0.4548 0.8861 0.0893
vn -0.4635 0.8827 0.0773
vn -0.2721 0.9615 0.0376
vn -0.2659 0.9629 0.0451
vn -0.2847 0.9584 0.0221
vn -0.3373 0.9408 0.0342
vn -0.0995 0.9950 -0.0074
vn -0.0973 0.9952 -0.0047
vn -0.1048 0.9944 -0.0137
vn -0.2876 0.9577 0.0048
vn -0.2890 0.9573 0.0028
vn -0.2857 0.9583 0.0076
vn 0.1819 0.9826 -0.0386
vn 0.1827 0.9825 -0.0375
vn 0.1806 0.9827 -0.0405
vn -0.2411 0.9704 -0.0139
vn -0.2421 0.9701 -0.0155
vn -0.2394 0.9709 -0.0115
vn 0.2382 0.9708 -0.0291
vn 0.2393 0.9706 -0.0274
vn 0.2365 0.9711 -0.0316
vn -0.2311 -0.9729 0.0053
vn 0.2337 -0.9722 -0.0119
vn -0.1763 -0.9842 0.0139
vn 0.2813 -0.9591 -0.0301
vn 0.0819 -0.9964 -0.0221
vn 0.3455 -0.9365 -0.0601
vn 0.1694 -0.9846 -0.0427
vn 0.1639 -0.9852 -0.0495
vn 0.1531 -0.9862 -0.0624
vn 0.4828 -0.8678 -0.1181
vn -0.4825 0.8687 0.1122
vn -0.4881 0.8641 0.1229
vn -0.2106 0.9762 0.0520
vn -0.2039 0.9771 0.0602
vn -0.2230 0.9741 0.0366
vn -0.3455 0.9365 0.0601
vn -0.0658 0.9978 0.0107
vn -0.2750 0.9611 0.0247
vn 0.1752 0.9845 -0.0108
vn -0.2322 0.9726 0.0077
vn 0.2297 0.9733 -0.0012
vn -0.2232 -0.9748 0.0051
vn 0.2255 -0.9742 -0.0114
vn -0.1700 -0.9854 0.0133
vn 0.2718 -0.9619 -0.0291
vn 0.0585 -0.9981 -0.0188
vn 0.3495 -0.9350 -0.0595
vn 0.1169 -0.9926 -0.0329
vn 0.1111 -0.9930 -0.0401
vn 0.1013 -0.9935 -0.0524
vn 0.5007 -0.8573 -0.1194
vn -0.5104 0.8508 0.1247
vn -0.1500 0.9879 0.0405
vn -0.1432 0.9885 0.0490
vn -0.1614 0.9865 0.0260
vn -0.3495 0.9350 0.0595
vn -0.0440 0.9990 0.0079
vn -0.2659 0.9637 0.0233
vn 0.1690 0.9856 -0.0102
vn -0.2242 0.9745 0.0073
vn 0.2219 0.9751 -0.0011
vn -0.2160 -0.9764 0.0048
vn 0.2181 -0.9759 -0.0107
vn -0.1643 -0.9863 0.0125
vn 0.2629 -0.9644 -0.0276
vn 0.0372 -0.9992 -0.0158
vn 0.3544 -0.9333 -0.0576
vn 0.0674 -0.9975 -0.0234
vn 0.0616 -0.9976 -0.0310
vn 0.0528 -0.9977 -0.0425
vn 0.5171 -0.8478 -0.1177
vn -0.5302 0.8388 0.1232
vn -0.0928 0.9952 0.0294
vn -0.0861 0.9956 0.0381
vn -0.1031 0.9945 0.0159
vn -0.3544 0.9333 0.0576
vn -0.0244 0.9997 0.0053
vn -0.2597 0.9655 0.0218
vn 0.1635 0.9865 -0.0094
vn -0.2170 0.9762 0.0067
vn 0.2148 0.9766 -0.0010
vn -0.2095 -0.9778 0.0045
vn 0.2114 -0.9773 -0.0099
vn -0.1592 -0.9872 0.0115
vn 0.2549 -0.9666 -0.0257
vn 0.0182 -0.9998 -0.0127
vn 0.3586 -0.9319 -0.0544
vn 0.0220 -0.9996 -0.0149
vn 0.0164 -0.9996 -0.0224
vn 0.0087 -0.9994 -0.0329
vn 0.5317 -0.8394 -0.1128
vn -0.5475 0.8284 0.1185
vn -0.0405 0.9990 0.0193
vn -0.0341 0.9990 0.0280
vn -0.0495 0.9988 0.0071
vn -0.3586 0.9319 0.0544
vn -0.0071 1.0000 0.0031
vn -0.2521 0.9675 0.0198
vn 0.1585 0.9873 -0.0085
vn -0.2104 0.9776 0.0061
vn 0.2085 0.9780 -0.0009
vn -0.2038 -0.9790 0.0040
vn 0.2056 -0.9786 -0.0089
vn -0.1547 -0.9879 0.0104
vn 0.2463 -0.9689 -0.0223
vn 0.0018 -1.0000 -0.0098
vn 0.3621 -0.9308 -0.0499
vn -0.0184 -0.9998 -0.0078
vn -0.0235 -0.9996 -0.0150
vn -0.0300 -0.9993 -0.0242
vn 0.5445 -0.8322 -0.1049
vn -0.5623 0.8196 0.1095
vn 0.0060 0.9999 0.0108
vn 0.0118 0.9997 0.0191
vn -0.0015 1.0000 0.0002
vn -0.3621 0.9308 0.0499
vn 0.0076 1.0000 0.0013
vn -0.2454 0.9693 0.0176
vn 0.1541 0.9880 -0.0076
vn -0.2047 0.9788 0.0054
vn 0.2029 0.9792 -0.0008
vn -0.1988 -0.9800 0.0036
vn 0.2005 -0.9797 -0.0078
vn -0.1509 -0.9885 0.0091
vn 0.2404 -0.9705 -0.0196
vn -0.0121 -0.9999 -0.0074
vn 0.3649 -0.9300 -0.0442
vn -0.0532 -0.9986 -0.0024
vn -0.0578 -0.9983 -0.0091
vn -0.0631 -0.9979 -0.0170
vn 0.5553 -0.8263 -0.0941
vn -0.5746 0.8125 0.0985
vn 0.0452 0.9990 0.0046
vn 0.0504 0.9987 0.0123
vn 0.0390 0.9992 -0.0045
vn -0.3649 0.9300 0.0442
vn 0.0199 0.9998 0.0001
vn -0.2397 0.9707 0.0151
vn 0.1504 0.9886 -0.0065
vn -0.1998 0.9798 0.0046
vn 0.1982 0.9802 -0.0006
vn -0.1947 -0.9809 0.0030
vn 0.1963 -0.9805 -0.0067
vn -0.1477 -0.9890 0.0077
vn 0.2354 -0.9717 -0.0166
vn -0.0237 -0.9997 -0.0054
vn 0.3670 -0.9295 -0.0376
vn -0.0923 -0.9957 0.0057
vn 0.5626 -0.8228 -0.0804
vn -0.5831 0.8086 0.0786
vn -0.5846 0.8069 0.0847
vn 0.0893 0.9960 -0.0046
vn 0.0824 0.9966 0.0067
vn 0.0733 0.9973 -0.0072
vn -0.3670 0.9295 0.0376
vn 0.0274 0.9996 -0.0006
vn -0.2349 0.9720 0.0126
vn 0.1473 0.9891 -0.0054
vn -0.1957 0.9807 0.0038
vn 0.1942 0.9810 -0.0005
vn -0.1913 -0.9815 0.0024
vn 0.1928 -0.9812 -0.0054
vn -0.1450 -0.9894 0.0062
vn 0.2314 -0.9728 -0.0134
vn -0.0328 -0.9995 -0.0039
vn 0.3689 -0.9290 -0.0300
vn -0.1146 -0.9934 0.0058
vn 0.5704 -0.8188 -0.0648
vn 0.5705 -0.8190 -0.0615
vn -0.5915 0.8038 0.0638
vn -0.5913 0.8036 0.0676
vn 0.1143 0.9934 -0.0054
vn -0.3689 0.9290 0.0300
vn 0.0365 0.9993 -0.0008
vn -0.2307 0.9730 0.0099
vn 0.1446 0.9895 -0.0043
vn -0.1922 0.9814 0.0031
vn 0.1907 0.9816 -0.0005
vn 0.0987 -0.0005 0.9951
vn 0.1208 0.0008 0.9927
vn 0.0875 -0.0012 0.9962
vn 0.2075 0.0474 0.9771
vn 0.2004 0.0425 0.9788
vn 0.2203 0.0562 0.9738
vn 0.3120 -0.0295 0.9496
vn 0.3169 -0.0231 0.9482
vn 0.2485 -0.1108 0.9623
vn 0.2250 0.7548 0.6161
vn 0.1933 0.7776 0.5983
vn 0.0788 0.8463 0.5269
vn 0.0439 0.5982 0.8001
vn 0.0757 0.5820 0.8096
vn 0.1111 0.5629 0.8190
vn 0.0751 0.6971 0.7131
vn 0.0110 0.6609 0.7504
vn 0.1534 0.7351 0.6604
vn 0.4641 0.8623 0.2028
vn 0.4650 0.8619 0.2020
vn 0.4591 0.8639 0.2069
vn 0.4695 0.8645 0.1794
vn 0.4687 0.8648 0.1801
vn 0.4839 0.8594 0.1652
vn -0.1603 0.9855 0.0557
vn -0.1808 0.9809 0.0723
vn -0.1044 0.9945 0.0109
vn 0.3032 0.9518 0.0468
vn 0.3035 0.9517 0.0473
vn 0.2922 0.9558 0.0314
vn -0.2947 0.9538 0.0576
vn -0.3015 0.9525 0.0438
vn -0.2876 0.9550 0.0721
vn 0.3680 0.9274 0.0667
vn 0.3704 0.9266 0.0649
vn 0.3607 0.9299 0.0721
vn 0.3796 0.9242 0.0427
vn 0.3782 0.9247 0.0439
vn 0.3885 0.9208 0.0348
vn -0.2223 0.9749 -0.0119
vn -0.2169 0.9761 -0.0105
vn -0.2187 0.9758 -0.0091
vn 0.2906 0.9567 0.0165
vn 0.2812 0.9595 0.0143
vn 0.2902 0.9569 0.0119
vn -0.3005 0.9538 -0.0036
vn -0.3024 0.9532 -0.0024
vn -0.3053 0.9522 -0.0052
vn 0.3392 0.9400 0.0365
vn 0.3405 0.9394 0.0391
vn 0.3387 0.9402 0.0370
vn 0.3301 0.9439 0.0118
vn 0.3224 0.9466 0.0048
vn 0.3252 0.9457 0.0021
vn -0.1979 0.9791 -0.0476
vn -0.1946 0.9798 -0.0455
vn -0.1982 0.9791 -0.0445
vn 0.2619 0.9649 -0.0172
vn 0.2576 0.9660 -0.0199
vn 0.2623 0.9648 -0.0213
vn -0.2753 0.9608 -0.0318
vn -0.2697 0.9625 -0.0299
vn -0.2754 0.9611 -0.0229
vn 0.3425 0.9376 0.0601
vn 0.3408 0.9384 0.0578
vn 0.3415 0.9381 0.0570
vn 0.2824 0.9589 0.0289
vn 0.2798 0.9597 0.0251
vn 0.2856 0.9580 0.0241
vn -0.1786 0.9838 -0.0132
vn -0.1784 0.9839 -0.0110
vn -0.1807 0.9835 -0.0102
vn 0.2366 0.9715 0.0108
vn 0.2364 0.9716 0.0079
vn 0.2394 0.9709 0.0067
vn -0.2340 0.9722 -0.0041
vn -0.2338 0.9723 -0.0012
vn -0.2367 0.9716 -0.0000
vn 0.3521 0.9341 0.0587
vn 0.3500 0.9350 0.0571
vn 0.3525 0.9340 0.0574
vn 0.2672 0.9632 0.0281
vn 0.2617 0.9649 0.0220
vn 0.2660 0.9637 0.0233
vn -0.1671 0.9859 -0.0130
vn -0.1662 0.9860 -0.0098
vn -0.1690 0.9856 -0.0102
vn 0.2217 0.9750 0.0111
vn 0.2205 0.9754 0.0070
vn 0.2242 0.9745 0.0073
vn -0.2195 0.9756 -0.0050
vn -0.2183 0.9759 -0.0011
vn -0.2219 0.9751 -0.0011
vn 0.3613 0.9311 0.0500
vn 0.3600 0.9315 0.0525
vn 0.3608 0.9312 0.0525
vn 0.2513 0.9676 0.0238
vn 0.2486 0.9684 0.0188
vn 0.2521 0.9675 0.0198
vn -0.1569 0.9876 -0.0110
vn -0.1562 0.9877 -0.0081
vn -0.1585 0.9873 -0.0085
vn 0.2084 0.9780 0.0094
vn 0.2075 0.9782 0.0058
vn 0.2104 0.9776 0.0061
vn -0.2065 0.9784 -0.0042
vn -0.2056 0.9786 -0.0008
vn -0.2085 0.9780 -0.0009
vn 0.3666 0.9296 0.0374
vn 0.3657 0.9297 0.0429
vn 0.3662 0.9295 0.0429
vn 0.2378 0.9711 0.0182
vn 0.2371 0.9714 0.0139
vn 0.2397 0.9707 0.0151
vn -0.1492 0.9888 -0.0084
vn -0.1487 0.9889 -0.0060
vn -0.1504 0.9886 -0.0065
vn 0.1983 0.9801 0.0073
vn 0.1976 0.9803 0.0043
vn 0.1998 0.9798 0.0046
vn -0.1967 0.9805 -0.0033
vn -0.1960 0.9806 -0.0006
vn -0.1982 0.9802 -0.0006
vn 0.3692 0.9288 0.0300
vn 0.3693 0.9288 0.0293
vn 0.3696 0.9287 0.0291
vn 0.2296 0.9732 0.0120
vn 0.2298 0.9732 0.0101
vn 0.2307 0.9730 0.0099
vn -0.1439 0.9896 -0.0056
vn -0.1440 0.9896 -0.0044
vn -0.1446 0.9895 -0.0043
vn 0.1912 0.9815 0.0048
vn 0.1914 0.9815 0.0032
vn 0.1922 0.9814 0.0031
vn -0.1898 0.9818 -0.0022
vn -0.1900 0.9818 -0.0007
vn -0.1907 0.9816 -0.0005
vn 0.3684 0.9292 0.0303
vn 0.3676 0.9293 0.0366
vn 0.3681 0.9291 0.0365
vn 0.2334 0.9723 0.0151
vn 0.2328 0.9725 0.0113
vn 0.2349 0.9720 0.0126
vn -0.1463 0.9892 -0.0070
vn -0.1459 0.9893 -0.0048
vn -0.1473 0.9891 -0.0054
vn 0.1945 0.9809 0.0060
vn 0.1939 0.9810 0.0035
vn 0.1957 0.9807 0.0038
vn -0.1930 0.9812 -0.0027
vn -0.1924 0.9813 -0.0005
vn -0.1942 0.9810 -0.0005
vn 0.3643 0.9302 0.0443
vn 0.3632 0.9305 0.0483
vn 0.3638 0.9302 0.0482
vn 0.2432 0.9697 0.0210
vn 0.2424 0.9700 0.0164
vn 0.2454 0.9693 0.0176
vn -0.1528 0.9882 -0.0098
vn -0.1522 0.9883 -0.0071
vn -0.1541 0.9880 -0.0076
vn 0.2030 0.9792 0.0084
vn 0.2022 0.9793 0.0050
vn 0.2047 0.9788 0.0054
vn -0.2012 0.9795 -0.0038
vn -0.2004 0.9797 -0.0007
vn -0.2029 0.9792 -0.0008
vn 0.3576 0.9323 0.0545
vn 0.3560 0.9328 0.0556
vn 0.3570 0.9324 0.0556
vn 0.2589 0.9655 0.0261
vn 0.2557 0.9665 0.0209
vn 0.2597 0.9655 0.0218
vn -0.1617 0.9868 -0.0120
vn -0.1609 0.9869 -0.0090
vn -0.1635 0.9865 -0.0094
vn 0.2147 0.9766 0.0103
vn 0.2136 0.9769 0.0064
vn 0.2170 0.9762 0.0067
vn -0.2126 0.9771 -0.0046
vn -0.2116 0.9774 -0.0010
vn -0.2148 0.9766 -0.0010
vn 0.3482 0.9355 0.0594
vn 0.3446 0.9370 0.0576
vn 0.3474 0.9359 0.0578
vn 0.2765 0.9606 0.0296
vn 0.2704 0.9625 0.0237
vn 0.2750 0.9611 0.0247
vn -0.1731 0.9848 -0.0137
vn -0.1720 0.9850 -0.0105
vn -0.1752 0.9845 -0.0108
vn 0.2295 0.9732 0.0117
vn 0.2281 0.9736 0.0075
vn 0.2322 0.9726 0.0077
vn -0.2271 0.9739 -0.0052
vn -0.2257 0.9742 -0.0011
vn -0.2297 0.9733 -0.0012
vn 0.3368 0.9409 0.0343
vn 0.3362 0.9415 0.0244
vn 0.3364 0.9414 0.0246
vn 0.2953 0.9553 -0.0162
vn 0.2978 0.9544 -0.0196
vn 0.3023 0.9529 -0.0257
vn -0.1853 0.9804 -0.0676
vn -0.1861 0.9803 -0.0666
vn -0.1877 0.9801 -0.0645
vn 0.2457 0.9685 -0.0415
vn 0.2467 0.9681 -0.0429
vn 0.2487 0.9675 -0.0456
vn -0.2449 0.9681 -0.0539
vn -0.2471 0.9677 -0.0507
vn -0.2515 0.9668 -0.0446
vn 0.3425 0.9388 0.0377
vn 0.3526 0.9346 0.0470
vn 0.3448 0.9377 0.0430
vn 0.3472 0.9376 0.0190
vn 0.3474 0.9375 0.0188
vn 0.3540 0.9352 0.0123
vn -0.2092 0.9773 -0.0346
vn -0.2048 0.9782 -0.0330
vn -0.2093 0.9773 -0.0319
vn 0.2704 0.9627 -0.0041
vn 0.2693 0.9630 -0.0052
vn 0.2727 0.9621 -0.0062
vn -0.2894 0.9567 -0.0302
vn -0.2917 0.9563 -0.0200
vn -0.2938 0.9556 -0.0222
vn 0.4122 0.9024 0.1255
vn 0.4169 0.9007 0.1220
vn 0.3993 0.9068 0.1349
vn 0.4222 0.9015 0.0947
vn 0.4199 0.9024 0.0968
vn 0.4342 0.8969 0.0843
vn -0.2365 0.9709 0.0381
vn -0.2304 0.9723 0.0394
vn -0.2325 0.9717 0.0408
vn 0.3059 0.9497 0.0670
vn 0.3029 0.9508 0.0657
vn 0.3101 0.9486 0.0637
vn -0.3118 0.9491 0.0449
vn -0.3115 0.9492 0.0448
vn -0.3112 0.9493 0.0451
vn 0.5007 0.7525 0.4278
vn 0.5012 0.7520 0.4282
vn 0.5027 0.7501 0.4297
vn 0.3450 0.8590 0.3782
vn 0.3197 0.8788 0.3543
vn 0.1791 0.9589 0.2200
vn 0.1232 0.8507 0.5110
vn -0.0846 0.1708 0.9817
vn -0.0698 0.1604 0.9846
vn 0.0108 0.1027 0.9947
vn 0.2492 0.6203 0.7438
vn 0.2537 0.6165 0.7454
vn 0.2275 0.6379 0.7357
vn 0.2011 0.5342 0.8211
vn 0.2051 0.5395 0.8166
vn 0.1620 0.4819 0.8611
vn 0.1002 -0.2149 0.9715
vn 0.1566 -0.2284 0.9609
vn 0.0654 -0.2062 0.9763
vn 0.1436 -0.2537 0.9566
vn 0.1776 -0.2424 0.9538
vn 0.0585 -0.2803 0.9581
vn 0.3954 -0.3149 0.8628
vn 0.4078 -0.3037 0.8611
vn 0.5414 -0.1700 0.8234
vn -0.3033 -0.0070 -0.9529
vn -0.3001 -0.0027 -0.9539
vn -0.2414 0.0740 -0.9676
vn -0.1989 -0.0701 -0.9775
vn -0.2050 -0.0743 -0.9759
vn -0.2167 -0.0825 -0.9727
vn -0.1049 -0.0246 -0.9942
vn -0.1279 -0.0259 -0.9915
vn -0.1451 -0.0269 -0.9891
vn -0.0120 -0.6635 -0.7481
vn -0.0734 -0.6987 -0.7116
vn -0.1527 -0.7380 -0.6573
vn -0.0752 -0.5828 -0.8092
vn -0.0446 -0.5987 -0.7997
vn -0.1111 -0.5630 -0.8189
vn -0.3760 -0.6246 -0.6844
vn -0.4074 -0.5903 -0.6969
vn -0.3221 -0.6785 -0.6603
vn 0.2999 -0.9540 0.0038
vn 0.2909 -0.9566 -0.0159
vn 0.2822 -0.9587 -0.0345
vn -0.3107 -0.9503 -0.0191
vn -0.3103 -0.9505 -0.0186
vn -0.3046 -0.9524 -0.0104
vn 0.1827 -0.9820 -0.0473
vn 0.1646 -0.9858 -0.0324
vn 0.1100 -0.9939 0.0124
vn -0.4713 -0.8675 -0.1592
vn -0.4716 -0.8674 -0.1589
vn -0.4859 -0.8620 -0.1445
vn -0.4801 -0.8570 -0.1873
vn -0.4814 -0.8565 -0.1862
vn -0.4901 -0.8532 -0.1786
vn 0.3015 -0.9533 0.0193
vn 0.3011 -0.9534 0.0189
vn 0.3045 -0.9522 0.0224
vn -0.2812 -0.9596 0.0010
vn -0.2821 -0.9594 0.0018
vn -0.2875 -0.9578 0.0065
vn 0.2168 -0.9758 0.0264
vn 0.2174 -0.9757 0.0259
vn 0.2205 -0.9751 0.0234
vn -0.3785 -0.9251 -0.0296
vn -0.3796 -0.9247 -0.0287
vn -0.3886 -0.9212 -0.0207
vn -0.3790 -0.9238 -0.0552
vn -0.3813 -0.9229 -0.0535
vn -0.3897 -0.9197 -0.0470
vn 0.2719 -0.9618 0.0328
vn 0.2699 -0.9621 0.0384
vn 0.2791 -0.9594 0.0420
vn -0.2576 -0.9659 0.0264
vn -0.2618 -0.9648 0.0235
vn -0.2623 -0.9646 0.0278
vn 0.1945 -0.9795 0.0524
vn 0.1978 -0.9787 0.0545
vn 0.1982 -0.9788 0.0514
vn -0.3226 -0.9465 0.0013
vn -0.3303 -0.9439 -0.0060
vn -0.3254 -0.9456 0.0039
vn -0.3396 -0.9400 -0.0320
vn -0.3422 -0.9389 -0.0363
vn -0.3404 -0.9398 -0.0315
vn 0.2338 -0.9723 0.0012
vn 0.2340 -0.9722 0.0041
vn 0.2367 -0.9716 -0.0000
vn -0.2364 -0.9716 -0.0079
vn -0.2366 -0.9715 -0.0108
vn -0.2394 -0.9709 -0.0067
vn 0.1784 -0.9839 0.0110
vn 0.1786 -0.9838 0.0132
vn 0.1807 -0.9835 0.0102
vn -0.2798 -0.9597 -0.0251
vn -0.2824 -0.9589 -0.0289
vn -0.2856 -0.9580 -0.0241
vn -0.3425 -0.9376 -0.0601
vn -0.3408 -0.9384 -0.0578
vn -0.3388 -0.9389 -0.0604
vn 0.2183 -0.9759 0.0011
vn 0.2195 -0.9756 0.0050
vn 0.2219 -0.9751 0.0011
vn -0.2205 -0.9754 -0.0070
vn -0.2217 -0.9750 -0.0111
vn -0.2242 -0.9745 -0.0073
vn 0.1662 -0.9860 0.0098
vn 0.1671 -0.9859 0.0130
vn 0.1690 -0.9856 0.0102
vn -0.2617 -0.9649 -0.0220
vn -0.2673 -0.9632 -0.0281
vn -0.2659 -0.9637 -0.0233
vn -0.3521 -0.9341 -0.0587
vn -0.3500 -0.9350 -0.0571
vn -0.3495 -0.9350 -0.0595
vn 0.2056 -0.9786 0.0008
vn 0.2065 -0.9784 0.0042
vn 0.2085 -0.9780 0.0009
vn -0.2075 -0.9782 -0.0058
vn -0.2084 -0.9780 -0.0094
vn -0.2104 -0.9776 -0.0061
vn 0.1562 -0.9877 0.0081
vn 0.1569 -0.9876 0.0110
vn 0.1585 -0.9873 0.0085
vn -0.2486 -0.9684 -0.0188
vn -0.2513 -0.9676 -0.0238
vn -0.2521 -0.9675 -0.0198
vn -0.3613 -0.9311 -0.0500
vn -0.3600 -0.9315 -0.0525
vn -0.3586 -0.9319 -0.0544
vn 0.1960 -0.9806 0.0006
vn 0.1967 -0.9805 0.0033
vn 0.1982 -0.9802 0.0006
vn -0.1976 -0.9803 -0.0043
vn -0.1983 -0.9801 -0.0073
vn -0.1998 -0.9798 -0.0046
vn 0.1487 -0.9889 0.0060
vn 0.1492 -0.9888 0.0084
vn 0.1504 -0.9886 0.0065
vn -0.2371 -0.9714 -0.0139
vn -0.2378 -0.9711 -0.0182
vn -0.2397 -0.9707 -0.0151
vn -0.3666 -0.9296 -0.0374
vn -0.3657 -0.9297 -0.0429
vn -0.3649 -0.9300 -0.0442
vn 0.1900 -0.9818 0.0007
vn 0.1898 -0.9818 0.0022
vn 0.1907 -0.9816 0.0005
vn -0.1914 -0.9815 -0.0032
vn -0.1912 -0.9815 -0.0048
vn -0.1922 -0.9814 -0.0031
vn 0.1440 -0.9896 0.0044
vn 0.1439 -0.9896 0.0056
vn 0.1446 -0.9895 0.0043
vn -0.2298 -0.9732 -0.0101
vn -0.2296 -0.9732 -0.0120
vn -0.2307 -0.9730 -0.0099
vn -0.3692 -0.9288 -0.0300
vn -0.3693 -0.9288 -0.0293
vn -0.3689 -0.9290 -0.0300
vn 0.1924 -0.9813 0.0005
vn 0.1930 -0.9812 0.0027
vn 0.1942 -0.9810 0.0005
vn -0.1939 -0.9810 -0.0035
vn -0.1945 -0.9809 -0.0060
vn -0.1957 -0.9807 -0.0038
vn 0.1459 -0.9893 0.0048
vn 0.1463 -0.9892 0.0070
vn 0.1473 -0.9891 0.0054
vn -0.2328 -0.9725 -0.0113
vn -0.2334 -0.9723 -0.0151
vn -0.2349 -0.9720 -0.0126
vn -0.3684 -0.9292 -0.0303
vn -0.3676 -0.9293 -0.0366
vn -0.3670 -0.9295 -0.0376
vn 0.2004 -0.9797 0.0007
vn 0.2012 -0.9795 0.0038
vn 0.2029 -0.9792 0.0008
vn -0.2022 -0.9793 -0.0050
vn -0.2030 -0.9792 -0.0084
vn -0.2047 -0.9788 -0.0054
vn 0.1522 -0.9883 0.0071
vn 0.1528 -0.9882 0.0098
vn 0.1541 -0.9880 0.0076
vn -0.2424 -0.9700 -0.0164
vn -0.2432 -0.9697 -0.0210
vn -0.2454 -0.9693 -0.0176
vn -0.3643 -0.9302 -0.0443
vn -0.3632 -0.9305 -0.0483
vn -0.3621 -0.9308 -0.0499
vn 0.2116 -0.9774 0.0010
vn 0.2126 -0.9771 0.0046
vn 0.2148 -0.9766 0.0010
vn -0.2136 -0.9769 -0.0064
vn -0.2147 -0.9766 -0.0103
vn -0.2170 -0.9762 -0.0067
vn 0.1609 -0.9869 0.0090
vn 0.1617 -0.9868 0.0120
vn 0.1635 -0.9865 0.0094
vn -0.2557 -0.9665 -0.0209
vn -0.2589 -0.9656 -0.0261
vn -0.2597 -0.9655 -0.0218
vn -0.3576 -0.9323 -0.0545
vn -0.3560 -0.9328 -0.0556
vn -0.3544 -0.9333 -0.0576
vn 0.2257 -0.9742 0.0011
vn 0.2271 -0.9739 0.0052
vn 0.2297 -0.9733 0.0012
vn -0.2281 -0.9736 -0.0075
vn -0.2295 -0.9732 -0.0117
vn -0.2322 -0.9726 -0.0077
vn 0.1720 -0.9850 0.0105
vn 0.1731 -0.9848 0.0137
vn 0.1752 -0.9845 0.0108
vn -0.2704 -0.9625 -0.0237
vn -0.2764 -0.9606 -0.0296
vn -0.2750 -0.9611 -0.0247
vn -0.3482 -0.9355 -0.0594
vn -0.3446 -0.9370 -0.0576
vn -0.3455 -0.9365 -0.0601
vn 0.2472 -0.9675 0.0528
vn 0.2448 -0.9679 0.0561
vn 0.2515 -0.9667 0.0467
vn -0.2467 -0.9681 0.0451
vn -0.2456 -0.9684 0.0436
vn -0.2487 -0.9674 0.0478
vn 0.1861 -0.9801 0.0688
vn 0.1853 -0.9802 0.0699
vn 0.1877 -0.9800 0.0668
vn -0.2978 -0.9544 0.0216
vn -0.2953 -0.9552 0.0181
vn -0.3023 -0.9528 0.0277
vn -0.3368 -0.9409 -0.0342
vn -0.3363 -0.9415 -0.0228
vn -0.3365 -0.9414 -0.0225
vn 0.2921 -0.9559 0.0308
vn 0.2898 -0.9563 0.0389
vn 0.2943 -0.9551 0.0332
vn -0.2654 -0.9637 0.0273
vn -0.2703 -0.9627 0.0148
vn -0.2726 -0.9620 0.0170
vn 0.2006 -0.9783 0.0515
vn 0.2091 -0.9768 0.0461
vn 0.2092 -0.9769 0.0432
vn -0.3477 -0.9376 -0.0087
vn -0.3474 -0.9377 -0.0090
vn -0.3542 -0.9352 -0.0022
vn -0.3458 -0.9377 -0.0335
vn -0.3598 -0.9321 -0.0407
vn -0.3542 -0.9346 -0.0328
vn 0.3135 -0.9486 -0.0435
vn 0.3134 -0.9490 -0.0350
vn 0.3133 -0.9486 -0.0436
vn -0.3029 -0.9508 -0.0644
vn -0.3039 -0.9506 -0.0636
vn -0.3080 -0.9495 -0.0600
vn 0.2305 -0.9724 -0.0376
vn 0.2313 -0.9721 -0.0383
vn 0.2345 -0.9713 -0.0407
vn -0.4199 -0.9025 -0.0959
vn -0.4219 -0.9017 -0.0941
vn -0.4339 -0.8971 -0.0835
vn -0.4278 -0.8949 -0.1272
vn -0.4322 -0.8932 -0.1239
vn -0.4457 -0.8880 -0.1134
vn -0.1241 -0.8487 -0.5140
vn -0.1240 -0.8486 -0.5143
vn -0.3210 -0.8779 -0.3552
vn -0.3456 -0.8586 -0.3786
vn -0.1784 -0.9595 -0.2182
vn -0.5060 -0.7493 -0.4272
vn -0.5072 -0.7479 -0.4283
vn -0.5013 -0.7550 -0.4226
vn -0.1971 -0.5616 -0.8036
vn -0.1962 -0.5603 -0.8047
vn -0.1551 -0.5011 -0.8514
vn -0.2657 -0.6458 -0.7157
vn -0.2596 -0.6512 -0.7131
vn -0.2405 -0.6675 -0.7047
vn 0.0808 -0.1706 -0.9820
vn 0.0732 -0.1649 -0.9836
vn 0.1620 -0.2312 -0.9593
vn -0.4049 0.3519 -0.8440
vn -0.3940 0.3614 -0.8451
vn -0.5355 0.2238 -0.8144
vn -0.1769 0.2829 -0.9427
vn -0.1416 0.2947 -0.9451
vn -0.0529 0.3221 -0.9452
vn -0.0848 0.2614 -0.9615
vn -0.1433 0.2751 -0.9507
vn -0.1806 0.2833 -0.9419
vn -0.1785 -0.9458 -0.2714
vn -0.1266 -0.9535 -0.2736
vn -0.2436 -0.9322 -0.2676
vn 0.6219 -0.7512 -0.2214
vn 0.6215 -0.7527 -0.2170
vn 0.6219 -0.7508 -0.2224
vn 0.9998 0.0170 -0.0042
vn 0.9999 0.0170 -0.0010
vn 0.9998 0.0170 -0.0050
vn 0.9605 -0.2304 0.1562
vn 0.9629 -0.2133 0.1653
vn 0.9602 -0.2320 0.1554
vn 0.9747 -0.1151 0.1916
vn 0.9731 -0.1349 0.1866
vn 0.9748 -0.1130 0.1922
vn 0.9754 -0.0351 0.2174
vn 0.9753 -0.0523 0.2147
vn 0.9754 -0.0328 0.2178
vn 0.9766 -0.0003 0.2151
vn 0.9757 -0.0032 0.2191
vn 0.9766 -0.0000 0.2151
vn 0.9780 -0.0000 0.2088
vn 0.9775 -0.0000 0.2109
vn 0.9813 -0.0000 0.1925
vn 0.9801 -0.0000 0.1986
vn 0.9853 -0.0000 0.1706
vn 0.9917 -0.0000 0.1285
vn 0.9947 -0.0000 0.1030
vn 0.9885 -0.0000 0.1511
vn 0.9825 -0.0000 0.1865
vn 0.9792 -0.0000 0.2027
vn 0.9784 -0.0000 0.2068
vn 0.9756 -0.0037 0.2196
vn 0.9738 -0.0261 0.2261
vn 0.9741 -0.0110 0.2260
vn 0.9759 -0.0779 0.2038
vn 0.9743 -0.1045 0.1996
vn 0.9760 -0.0755 0.2042
vn 0.9694 -0.1587 0.1871
vn 0.9683 -0.1707 0.1824
vn 0.9696 -0.1571 0.1877
vn 0.9983 0.0537 -0.0217
vn 0.9985 0.0485 -0.0257
vn 0.9983 0.0545 -0.0210
vn 0.6855 -0.7136 -0.1448
vn 0.6941 -0.6935 -0.1931
vn 0.6833 -0.7177 -0.1342
vn -0.9919 0.1212 0.0370
vn -0.9919 0.1220 0.0360
vn -0.9918 0.1227 0.0352
vn -0.9978 0.0636 0.0158
vn -0.9979 0.0624 0.0186
vn -0.9979 0.0620 0.0195
vn -0.9672 -0.2494 0.0481
vn -0.9659 -0.2589 0.0048
vn -0.9655 -0.2605 -0.0026
vn -0.9727 -0.1769 0.1504
vn -0.9727 -0.1777 0.1494
vn -0.9727 -0.1779 0.1491
vn -0.8913 -0.2153 0.3990
vn -0.8844 -0.3450 0.3145
vn -0.8824 -0.3580 0.3053
vn -0.3008 -0.3952 0.8680
vn -0.2983 -0.4073 0.8632
vn -0.2981 -0.4087 0.8626
vn -0.9978 -0.0609 0.0254
vn -0.9977 -0.0642 0.0212
vn -0.9977 -0.0645 0.0207
vn -0.3398 -0.9040 -0.2594
vn -0.0504 0.3050 -0.9510
vn -0.0783 0.3106 -0.9473
vn -0.1009 0.3150 -0.9437
vn -0.0979 -0.0058 -0.9952
vn -0.1206 -0.0022 -0.9927
vn -0.1327 -0.0003 -0.9912
vn -0.0353 -0.1302 -0.9909
vn -0.0301 -0.1339 -0.9905
vn -0.0636 -0.1093 -0.9920
vn 0.0211 -0.7898 -0.6130
vn 0.0605 -0.7673 -0.6385
vn 0.2439 -0.6326 -0.7351
vn -0.4177 -0.8105 -0.4107
vn -0.4059 -0.8217 -0.4000
vn -0.4504 -0.7766 -0.4406
vn -0.4755 -0.8553 -0.2057
vn -0.4771 -0.8548 -0.2044
vn -0.4869 -0.8512 -0.1961
vn -0.4488 -0.8812 -0.1488
vn -0.4508 -0.8804 -0.1472
vn -0.4573 -0.8779 -0.1423
vn -0.4194 -0.9043 -0.0802
vn -0.4217 -0.9033 -0.0784
vn -0.4313 -0.8994 -0.0710
vn -0.3726 -0.9263 -0.0570
vn -0.3734 -0.9260 -0.0563
vn -0.3866 -0.9212 -0.0451
vn -0.3157 -0.9477 -0.0467
vn -0.3135 -0.9483 -0.0489
vn -0.3306 -0.9432 -0.0320
vn -0.2535 -0.9670 -0.0262
vn -0.2484 -0.9681 -0.0320
vn -0.2674 -0.9635 -0.0105
vn -0.1960 -0.9795 -0.0470
vn -0.1907 -0.9802 -0.0534
vn -0.2068 -0.9778 -0.0340
vn -0.1429 -0.9890 -0.0382
vn -0.1371 -0.9895 -0.0453
vn -0.1534 -0.9878 -0.0252
vn -0.0918 -0.9954 -0.0286
vn -0.0858 -0.9957 -0.0362
vn -0.1014 -0.9947 -0.0163
vn -0.0442 -0.9988 -0.0196
vn -0.0383 -0.9989 -0.0273
vn -0.0528 -0.9986 -0.0081
vn -0.0012 -0.9999 -0.0116
vn 0.0044 -0.9998 -0.0193
vn -0.0087 -1.0000 -0.0013
vn 0.0364 -0.9993 -0.0052
vn 0.0415 -0.9991 -0.0125
vn 0.0301 -0.9995 0.0040
vn 0.0797 -0.9968 0.0042
vn 0.0728 -0.9973 -0.0072
vn 0.0631 -0.9980 0.0073
vn 0.1039 -0.9946 0.0056
vn 0.0887 -0.9960 -0.0080
vn 0.0923 -0.9957 0.0057
vn 0.1155 -0.9933 0.0048
vn 0.1116 -0.9937 -0.0045
vn 0.1146 -0.9934 0.0058
vn -0.1153 0.9933 -0.0043
vn -0.1111 0.9938 0.0058
vn -0.1212 0.9926 0.0076
vn -0.1026 0.9947 -0.0054
vn -0.0851 0.9963 0.0101
vn -0.0983 0.9951 0.0079
vn -0.0624 0.9980 0.0022
vn -0.0675 0.9977 0.0098
vn -0.0733 0.9971 0.0185
vn -0.0264 0.9996 0.0076
vn -0.0321 0.9994 0.0158
vn -0.0390 0.9989 0.0258
vn 0.0166 0.9997 0.0156
vn 0.0101 0.9996 0.0246
vn 0.0015 0.9993 0.0364
vn 0.0660 0.9975 0.0249
vn 0.0593 0.9977 0.0339
vn 0.0494 0.9977 0.0469
vn 0.1209 0.9920 0.0355
vn 0.1140 0.9925 0.0443
vn 0.1030 0.9930 0.0584
vn 0.1798 0.9826 0.0465
vn 0.1731 0.9834 0.0549
vn 0.1611 0.9845 0.0697
vn 0.2412 0.9688 0.0568
vn 0.2348 0.9699 0.0645
vn 0.2225 0.9717 0.0795
vn 0.3051 0.9515 0.0390
vn 0.2992 0.9531 0.0458
vn 0.2842 0.9567 0.0629
vn 0.3716 0.9263 0.0627
vn 0.3688 0.9272 0.0654
vn 0.3523 0.9323 0.0819
vn 0.4343 0.8975 0.0763
vn 0.4350 0.8973 0.0757
vn 0.4198 0.9032 0.0891
vn 0.4832 0.8696 0.1010
vn 0.4853 0.8687 0.0994
vn 0.4738 0.8739 0.1086
vn 0.5309 0.8325 0.1585
vn 0.5330 0.8315 0.1568
vn 0.5227 0.8363 0.1653
vn 0.5435 0.8123 0.2115
vn 0.5434 0.8124 0.2116
vn 0.5443 0.8120 0.2108
vn 0.4713 0.7912 0.3897
vn 0.4596 0.8037 0.3780
vn 0.4129 0.8482 0.3318
vn 0.1690 0.8742 0.4552
vn 0.1562 0.8813 0.4460
vn 0.0844 0.9158 0.3926
vn 0.0390 0.1273 0.9911
vn 0.0314 0.1326 0.9907
vn 0.0064 0.1498 0.9887
vn 0.0923 -0.0178 0.9956
vn 0.1138 -0.0211 0.9933
vn 0.0842 -0.0166 0.9963
vn 0.0674 -0.2593 0.9634
vn 0.0953 -0.2651 0.9595
vn 0.0441 -0.2544 0.9661
vn 0.2838 -0.9217 -0.2645
vn 0.1124 -0.1443 0.9831
vn 0.1402 -0.1496 0.9787
vn 0.1016 -0.1422 0.9846
vn 0.1104 0.0307 0.9934
vn 0.1313 0.0128 0.9913
vn 0.1490 -0.0024 0.9888
vn -0.0960 0.3856 0.9177
vn -0.1046 0.3917 0.9141
vn 0.0521 0.2742 0.9603
vn 0.2166 0.6069 0.7647
vn 0.1647 0.6434 0.7476
vn 0.0800 0.6963 0.7133
vn 0.2761 0.8909 0.3606
vn 0.3259 0.8877 0.3252
vn 0.1435 0.8838 0.4453
vn 0.1737 0.9688 0.1769
vn 0.1667 0.9716 0.1682
vn 0.1762 0.9686 0.1751
vn 0.1865 0.9785 0.0877
vn 0.1827 0.9794 0.0865
vn 0.1878 0.9784 0.0869
vn 0.1867 0.9818 0.0343
vn 0.1877 0.9816 0.0343
vn 0.1856 0.9820 0.0351
vn 0.1660 0.9861 -0.0005
vn 0.1802 0.9835 0.0130
vn 0.1714 0.9851 0.0112
vn 0.1485 0.9889 -0.0012
vn 0.1480 0.9890 -0.0007
vn 0.1408 0.9900 0.0061
vn 0.1154 0.9931 -0.0223
vn 0.1129 0.9934 -0.0194
vn 0.1048 0.9944 -0.0104
vn 0.0776 0.9969 0.0123
vn 0.0847 0.9962 0.0193
vn 0.0819 0.9964 0.0221
vn 0.0547 0.9985 0.0092
vn 0.0698 0.9973 0.0207
vn 0.0585 0.9981 0.0188
vn 0.0339 0.9994 0.0064
vn 0.0476 0.9987 0.0172
vn 0.0372 0.9992 0.0158
vn 0.0154 0.9999 0.0040
vn 0.0275 0.9995 0.0140
vn 0.0183 0.9998 0.0127
vn -0.0006 1.0000 0.0020
vn 0.0097 0.9999 0.0110
vn 0.0018 1.0000 0.0098
vn -0.0141 0.9999 0.0005
vn -0.0053 1.0000 0.0083
vn -0.0121 0.9999 0.0074
vn -0.0252 0.9997 -0.0006
vn -0.0181 0.9998 0.0059
vn -0.0237 0.9997 0.0054
vn -0.0321 0.9995 -0.0005
vn -0.0283 0.9996 0.0039
vn -0.0328 0.9995 0.0039
vn -0.0386 0.9993 -0.0005
vn -0.0389 0.9992 0.0028
vn -0.0405 0.9992 0.0035
vn 0.0386 -0.9993 0.0005
vn 0.0389 -0.9992 -0.0028
vn 0.0365 -0.9993 0.0008
vn 0.0321 -0.9995 0.0005
vn 0.0283 -0.9996 -0.0039
vn 0.0274 -0.9996 0.0006
vn 0.0252 -0.9997 0.0006
vn 0.0181 -0.9998 -0.0059
vn 0.0198 -0.9998 -0.0001
vn 0.0141 -0.9999 -0.0005
vn 0.0053 -1.0000 -0.0083
vn 0.0076 -1.0000 -0.0013
vn 0.0006 -1.0000 -0.0020
vn -0.0097 -0.9999 -0.0110
vn -0.0071 -1.0000 -0.0031
vn -0.0154 -0.9999 -0.0040
vn -0.0275 -0.9995 -0.0140
vn -0.0244 -0.9997 -0.0053
vn -0.0339 -0.9994 -0.0064
vn -0.0476 -0.9987 -0.0172
vn -0.0440 -0.9990 -0.0079
vn -0.0547 -0.9985 -0.0092
vn -0.0698 -0.9973 -0.0207
vn -0.0658 -0.9978 -0.0107
vn -0.0776 -0.9969 -0.0123
vn -0.0847 -0.9962 -0.0193
vn -0.0921 -0.9957 -0.0104
vn -0.1155 -0.9930 0.0243
vn -0.1128 -0.9934 0.0213
vn -0.1236 -0.9918 0.0334
vn -0.1487 -0.9889 0.0075
vn -0.1480 -0.9890 0.0069
vn -0.1559 -0.9877 0.0145
vn -0.1662 -0.9861 0.0069
vn -0.1803 -0.9836 -0.0021
vn -0.1764 -0.9843 0.0022
vn -0.1866 -0.9822 -0.0189
vn -0.1870 -0.9822 -0.0186
vn -0.1881 -0.9820 -0.0178
vn -0.1857 -0.9788 -0.0864
vn -0.1851 -0.9789 -0.0868
vn -0.1837 -0.9791 -0.0877
vn -0.1760 -0.9724 -0.1531
vn -0.1699 -0.9741 -0.1493
vn -0.1743 -0.9726 -0.1540
vn -0.2796 -0.8913 -0.3569
vn -0.3272 -0.8881 -0.3228
vn -0.4497 -0.8642 -0.2255
vn -0.1664 -0.6444 -0.7463
vn -0.2154 -0.6092 -0.7632
vn -0.0801 -0.6994 -0.7103
vn 0.1041 -0.4145 -0.9041
vn 0.0827 -0.3980 -0.9137
vn -0.0587 -0.2823 -0.9575
vn -0.1384 -0.0392 -0.9896
vn -0.1171 -0.0579 -0.9914
vn -0.1571 -0.0227 -0.9873
vn -0.1038 0.1892 -0.9764
vn -0.1486 0.1975 -0.9690
vn -0.1669 0.2007 -0.9653
vn -0.1663 -0.9478 -0.2720
vn -0.2087 0.3656 -0.9071
vn -0.1297 0.3561 -0.9254
vn -0.0695 0.3474 -0.9351
vn 0.0312 0.0674 -0.9972
vn -0.1203 0.0851 -0.9891
vn -0.2100 0.0948 -0.9731
vn -0.0372 -0.2275 -0.9731
vn -0.0180 -0.2437 -0.9697
vn -0.1130 -0.1622 -0.9803
vn -0.1501 -0.9005 -0.4082
vn -0.1488 -0.9012 -0.4071
vn -0.1599 -0.8952 -0.4159
vn -0.2000 -0.9268 -0.3180
vn -0.1778 -0.9271 -0.3300
vn -0.1362 -0.9261 -0.3517
vn -0.2300 -0.9579 -0.1719
vn -0.2259 -0.9584 -0.1744
vn -0.2147 -0.9596 -0.1816
vn -0.2750 -0.9551 -0.1099
vn -0.2668 -0.9569 -0.1149
vn -0.2491 -0.9603 -0.1257
vn -0.3593 -0.9310 -0.0644
vn -0.3555 -0.9323 -0.0670
vn -0.3430 -0.9363 -0.0756
vn -0.4046 -0.9121 -0.0662
vn -0.4042 -0.9123 -0.0666
vn -0.3943 -0.9159 -0.0749
vn -0.4326 -0.8977 -0.0839
vn -0.4339 -0.8972 -0.0826
vn -0.4271 -0.8997 -0.0896
vn -0.4548 -0.8861 -0.0890
vn -0.4501 -0.8891 -0.0835
vn -0.4456 -0.8908 -0.0893
vn -0.4733 -0.8733 -0.1159
vn -0.4687 -0.8768 -0.1073
vn -0.4620 -0.8792 -0.1165
vn -0.4920 -0.8626 -0.1176
vn -0.4805 -0.8704 -0.1071
vn -0.4828 -0.8678 -0.1181
vn -0.5092 -0.8527 -0.1164
vn -0.4989 -0.8598 -0.1086
vn -0.5007 -0.8574 -0.1194
vn -0.5249 -0.8438 -0.1121
vn -0.5156 -0.8501 -0.1073
vn -0.5171 -0.8478 -0.1177
vn -0.5386 -0.8360 -0.1045
vn -0.5305 -0.8414 -0.1032
vn -0.5317 -0.8394 -0.1129
vn -0.5505 -0.8295 -0.0940
vn -0.5435 -0.8339 -0.0962
vn -0.5444 -0.8322 -0.1049
vn -0.5604 -0.8242 -0.0812
vn -0.5546 -0.8276 -0.0866
vn -0.5553 -0.8263 -0.0941
vn -0.5651 -0.8212 -0.0792
vn -0.5637 -0.8226 -0.0746
vn -0.5626 -0.8228 -0.0804
vn -0.5721 -0.8177 -0.0646
vn -0.5726 -0.8176 -0.0602
vn -0.5704 -0.8188 -0.0648
vn 0.5937 0.8022 0.0624
vn 0.5931 0.8023 0.0674
vn 0.5913 0.8036 0.0676
vn 0.5839 0.8082 0.0772
vn 0.5853 0.8065 0.0834
vn 0.5846 0.8069 0.0847
vn 0.5737 0.8141 0.0898
vn 0.5756 0.8120 0.0969
vn 0.5746 0.8125 0.0985
vn 0.5613 0.8216 0.0997
vn 0.5691 0.8164 0.0986
vn 0.5623 0.8196 0.1095
vn 0.5462 0.8308 0.1067
vn 0.5557 0.8242 0.1096
vn 0.5475 0.8284 0.1185
vn 0.5285 0.8417 0.1106
vn 0.5395 0.8338 0.1173
vn 0.5302 0.8388 0.1232
vn 0.5082 0.8540 0.1114
vn 0.5209 0.8449 0.1218
vn 0.5104 0.8508 0.1247
vn 0.4853 0.8675 0.1092
vn 0.4997 0.8575 0.1228
vn 0.4881 0.8641 0.1229
vn 0.4700 0.8759 0.1094
vn 0.4665 0.8771 0.1143
vn 0.4614 0.8788 0.1213
vn 0.4460 0.8910 0.0853
vn 0.4521 0.8872 0.0920
vn 0.4398 0.8933 0.0931
vn 0.4229 0.9022 0.0848
vn 0.4214 0.9028 0.0863
vn 0.4138 0.9055 0.0941
vn 0.3847 0.9203 0.0706
vn 0.3857 0.9200 0.0698
vn 0.3727 0.9245 0.0803
vn 0.3291 0.9414 0.0735
vn 0.3338 0.9400 0.0704
vn 0.3158 0.9452 0.0823
vn 0.2333 0.9658 0.1134
vn 0.2423 0.9642 0.1081
vn 0.2161 0.9685 0.1235
vn 0.1718 0.9722 0.1589
vn 0.1744 0.9720 0.1573
vn 0.1653 0.9727 0.1628
vn 0.1896 0.9300 0.3150
vn 0.1929 0.9299 0.3131
vn 0.1833 0.9300 0.3185
vn 0.1435 0.9180 0.3698
vn 0.1410 0.9192 0.3677
vn 0.1222 0.9278 0.3524
vn 0.0434 0.2136 0.9760
vn 0.0152 0.2356 0.9717
vn -0.0585 0.2917 0.9547
vn 0.1243 -0.1162 0.9854
vn -0.0347 -0.0983 0.9945
vn 0.2162 -0.1252 0.9683
vn 0.1332 -0.3024 0.9438
vn 0.2056 -0.3122 0.9275
vn 0.0791 -0.2942 0.9525
vn -0.0898 0.0660 0.9938
vn -0.0923 0.0683 0.9934
vn -0.0983 0.0736 0.9924
vn 0.0598 0.0996 0.9932
vn 0.0504 0.1081 0.9929
vn 0.0064 0.1470 0.9891
vn 0.0710 0.2033 0.9765
vn 0.0701 0.2042 0.9764
vn 0.0197 0.2526 0.9674
vn 0.1017 0.3116 0.9448
vn 0.1043 0.3090 0.9453
vn 0.0649 0.3482 0.9352
vn 0.2125 0.3331 0.9186
vn 0.2230 0.3232 0.9197
vn 0.1737 0.3692 0.9130
vn 0.2446 0.2628 0.9333
vn 0.2430 0.2580 0.9351
vn 0.2365 0.2389 0.9418
vn -0.9760 -0.2134 -0.0427
vn -0.9762 -0.2166 -0.0099
vn -0.9761 -0.2173 -0.0022
vn -0.2388 -0.2669 -0.9337
vn -0.2410 -0.2747 -0.9308
vn -0.2329 -0.2467 -0.9407
vn -0.2300 -0.3444 -0.9102
vn -0.2117 -0.3636 -0.9072
vn -0.1709 -0.4049 -0.8982
vn -0.1080 -0.3506 -0.9303
vn -0.1172 -0.3396 -0.9332
vn -0.1478 -0.3025 -0.9416
vn -0.0757 -0.2181 -0.9730
vn -0.0670 -0.2278 -0.9714
vn -0.0188 -0.2810 -0.9595
vn -0.0513 -0.1076 -0.9929
vn -0.0547 -0.1043 -0.9930
vn -0.0017 -0.1556 -0.9878
vn 0.0910 -0.0633 -0.9938
vn 0.0928 -0.0650 -0.9936
vn 0.0846 -0.0573 -0.9948
vn 0.9990 -0.0455 -0.0009
vn 0.9990 -0.0441 -0.0068
vn 0.9989 -0.0458 0.0007
vn 0.1242 0.8528 0.5073
vn 0.1225 0.8538 0.5059
vn 0.1397 0.8431 0.5193
vn 0.0166 0.8372 0.5466
vn 0.0235 0.8342 0.5510
vn 0.0673 0.8135 0.5777
vn -0.0542 0.7563 0.6520
vn -0.0311 0.7451 0.6662
vn 0.0561 0.6972 0.7147
vn -0.1297 0.5862 0.7997
vn -0.0796 0.5618 0.8235
vn 0.0452 0.4926 0.8691
vn 0.1770 0.5655 0.8055
vn 0.2075 0.5448 0.8125
vn 0.2613 0.5057 0.8222
vn 0.2156 0.6244 0.7507
vn 0.2058 0.6178 0.7589
vn 0.2403 0.6407 0.7292
vn -0.9853 -0.1661 0.0391
vn -0.9857 -0.1608 0.0498
vn -0.9858 -0.1601 0.0514
vn -0.2065 -0.6190 -0.7577
vn -0.2157 -0.6254 -0.7499
vn -0.2410 -0.6426 -0.7273
vn -0.2097 -0.5422 -0.8137
vn -0.1799 -0.5630 -0.8066
vn -0.2659 -0.5004 -0.8239
vn 0.1234 -0.5781 -0.8066
vn 0.0769 -0.5547 -0.8285
vn 0.2521 -0.6340 -0.7310
vn -0.2934 -0.8622 -0.4130
vn -0.2401 -0.8936 -0.3792
vn -0.5498 -0.6234 -0.5560
vn 0.1844 -0.9052 -0.3829
vn 0.2135 -0.9089 -0.3582
vn 0.3296 -0.9101 -0.2511
vn -0.1289 -0.8750 -0.4666
vn -0.1293 -0.8748 -0.4670
vn -0.1313 -0.8736 -0.4686
vn 0.9829 0.1650 -0.0818
vn 0.9819 0.1791 -0.0610
vn 0.9831 0.1606 -0.0881
vn 0.1740 0.9353 0.3082
vn 0.1770 0.9353 0.3063
vn 0.1667 0.9351 0.3126
vn 0.3411 0.8574 0.3853
vn 0.3184 0.8589 0.4012
vn 0.4129 0.8483 0.3316
vn 0.4291 0.7617 0.4854
vn 0.4395 0.7498 0.4947
vn 0.4740 0.7065 0.5255
vn 0.3896 0.7460 0.5401
vn 0.3897 0.7459 0.5402
vn 0.3900 0.7456 0.5404
vn 0.0968 0.8031 0.5879
vn 0.0854 0.8104 0.5796
vn 0.0564 0.8278 0.5581
vn 0.0181 0.7172 0.6967
vn 0.0582 0.7390 0.6712
vn -0.0857 0.6516 0.7537
vn -0.9997 -0.0228 0.0110
vn -0.9997 -0.0204 0.0157
vn -0.9997 -0.0199 0.0166
vn -0.0443 -0.7760 -0.6292
vn -0.0143 -0.7595 -0.6504
vn 0.0911 -0.6917 -0.7164
vn -0.0950 -0.8438 -0.5282
vn -0.1044 -0.8379 -0.5357
vn -0.0650 -0.8614 -0.5037
vn -0.4030 -0.7727 -0.4904
vn -0.4030 -0.7728 -0.4903
vn -0.4599 -0.7741 -0.4351
vn -0.4515 -0.7837 -0.4265
vn -0.4995 -0.7238 -0.4760
vn -0.3034 -0.8930 -0.3323
vn -0.3204 -0.8915 -0.3202
vn -0.3800 -0.8829 -0.2757
vn -0.1597 -0.9525 -0.2595
vn -0.1563 -0.9524 -0.2616
vn -0.1457 -0.9523 -0.2683
vn 0.9787 -0.1650 0.1222
vn 0.9705 -0.2231 0.0915
vn 0.9793 -0.1592 0.1252
vn 0.2610 -0.9653 0.0012
vn 0.2559 -0.9666 -0.0117
vn 0.2489 -0.9681 -0.0295
vn -0.3168 -0.9430 -0.1015
vn -0.3187 -0.9417 -0.1083
vn -0.3357 -0.9257 -0.1744
vn 0.0662 -0.9929 -0.0991
vn 0.0642 -0.9932 -0.0972
vn 0.0525 -0.9949 -0.0856
vn -0.4978 -0.8524 -0.1598
vn -0.4984 -0.8522 -0.1592
vn -0.5127 -0.8463 -0.1449
vn -0.1666 -0.9744 -0.1513
vn -0.1621 -0.9746 -0.1543
vn -0.5167 -0.8319 -0.2025
vn -0.5123 -0.8336 -0.2064
vn -0.4851 -0.8437 -0.2299
vn -0.4853 -0.8431 -0.2316
vn -0.4849 -0.8432 -0.2319
vn -0.4830 -0.8439 -0.2335
vn -0.2306 -0.9493 -0.2136
vn -0.2253 -0.9499 -0.2169
vn -0.2131 -0.9509 -0.2243
vn 0.9700 -0.1713 0.1728
vn 0.9647 -0.2158 0.1511
vn 0.9704 -0.1661 0.1753
vn 0.1865 0.9506 0.2482
vn 0.1784 0.9509 0.2529
vn 0.2027 0.9497 0.2387
vn 0.5394 0.7993 0.2648
vn 0.5401 0.7991 0.2642
vn 0.5352 0.8009 0.2685
vn 0.4991 0.8357 0.2291
vn 0.5063 0.8331 0.2229
vn 0.4636 0.8475 0.2585
vn 0.1721 0.9689 0.1776
vn 0.1620 0.9719 0.1708
vn 0.4955 0.8502 0.1780
vn 0.4945 0.8505 0.1789
vn 0.5085 0.8451 0.1652
vn -0.0558 0.9910 0.1214
vn -0.0585 0.9906 0.1240
vn -0.0431 0.9931 0.1092
vn 0.2810 0.9496 0.1387
vn 0.2786 0.9525 0.1232
vn 0.2877 0.9401 0.1831
vn -0.2677 0.9617 0.0588
vn -0.2725 0.9612 0.0427
vn -0.2635 0.9619 0.0724
vn 0.3126 -0.9495 -0.0254
vn 0.3127 -0.9495 -0.0254
vn 0.3124 -0.9496 -0.0256
vn -0.3124 -0.9488 -0.0467
vn -0.3137 -0.9484 -0.0457
vn -0.3180 -0.9472 -0.0421
vn 0.2379 -0.9711 -0.0185
vn 0.2389 -0.9708 -0.0193
vn 0.2422 -0.9700 -0.0218
vn -0.4469 -0.8908 -0.0823
vn -0.4495 -0.8897 -0.0800
vn -0.4629 -0.8838 -0.0682
vn -0.1821 -0.9808 -0.0699
vn -0.1812 -0.9809 -0.0705
vn -0.1794 -0.9812 -0.0716
vn -0.4637 -0.8788 -0.1127
vn -0.4589 -0.8808 -0.1163
vn -0.4451 -0.8865 -0.1267
vn -0.4658 -0.8746 -0.1346
vn -0.4636 -0.8755 -0.1363
vn -0.4574 -0.8781 -0.1408
vn -0.2451 -0.9636 -0.1067
vn -0.2467 -0.9633 -0.1058
vn -0.2495 -0.9628 -0.1042
vn 0.9720 -0.1403 0.1883
vn 0.9708 -0.1531 0.1848
vn 0.9722 -0.1389 0.1887
vn 0.1950 0.9753 0.1042
vn 0.2033 0.9740 0.0997
vn 0.1813 0.9771 0.1117
vn 0.5444 0.8237 0.1586
vn 0.5456 0.8231 0.1576
vn 0.5403 0.8257 0.1620
vn 0.4439 0.8865 0.1307
vn 0.4500 0.8841 0.1262
vn 0.4284 0.8924 0.1421
vn 0.1856 0.9787 0.0882
vn 0.1803 0.9797 0.0879
vn 0.4487 0.8884 0.0966
vn 0.4458 0.8896 0.0991
vn 0.4614 0.8831 0.0856
vn -0.2388 0.9703 0.0396
vn -0.2421 0.9694 0.0420
vn 0.3135 0.9474 0.0649
vn 0.3178 0.9462 0.0614
vn -0.3110 0.9493 0.0450
vn -0.3107 0.9494 0.0453
vn 0.3137 -0.9485 -0.0431
vn 0.3093 -0.9505 -0.0305
vn -0.2924 -0.9550 -0.0491
vn -0.2936 -0.9547 -0.0481
vn -0.2993 -0.9532 -0.0432
vn 0.2236 -0.9744 -0.0237
vn 0.2243 -0.9742 -0.0243
vn 0.2274 -0.9734 -0.0267
vn -0.3975 -0.9141 -0.0801
vn -0.3991 -0.9135 -0.0787
vn -0.4093 -0.9097 -0.0697
vn -0.1878 -0.9797 -0.0701
vn -0.1876 -0.9797 -0.0702
vn -0.1871 -0.9798 -0.0706
vn -0.4038 -0.9087 -0.1057
vn -0.4001 -0.9100 -0.1085
vn -0.3880 -0.9141 -0.1176
vn -0.4373 -0.8899 -0.1297
vn -0.4354 -0.8906 -0.1311
vn -0.4289 -0.8930 -0.1360
vn -0.3135 -0.9442 -0.1008
vn -0.3220 -0.9419 -0.0953
vn -0.3429 -0.9358 -0.0817
vn 0.9736 -0.1086 0.2007
vn 0.9730 -0.1163 0.1992
vn 0.9737 -0.1078 0.2008
vn 0.2828 0.9561 0.0762
vn 0.2934 0.9534 0.0697
vn 0.2591 0.9616 0.0907
vn 0.5081 0.8535 0.1158
vn 0.5118 0.8517 0.1128
vn 0.4930 0.8606 0.1279
vn 0.3876 0.9190 0.0718
vn 0.3913 0.9177 0.0692
vn 0.3775 0.9226 0.0792
vn 0.1882 0.9815 0.0341
vn 0.1880 0.9816 0.0348
vn 0.4000 0.9154 0.0451
vn 0.3982 0.9161 0.0467
vn 0.4100 0.9114 0.0365
vn -0.2244 0.9744 -0.0104
vn -0.2275 0.9737 -0.0079
vn 0.2941 0.9557 0.0137
vn 0.2995 0.9540 0.0092
vn -0.3074 0.9516 -0.0042
vn -0.3104 0.9506 -0.0070
vn 0.2954 -0.9548 0.0320
vn 0.2976 -0.9541 0.0344
vn -0.2737 -0.9617 0.0158
vn -0.2760 -0.9610 0.0180
vn 0.2107 -0.9765 0.0447
vn 0.2138 -0.9760 0.0419
vn -0.3620 -0.9321 -0.0114
vn -0.3619 -0.9322 -0.0115
vn -0.3697 -0.9291 -0.0037
vn -0.1823 -0.9832 -0.0009
vn -0.1854 -0.9827 0.0015
vn -0.3639 -0.9307 -0.0380
vn -0.3988 -0.9148 -0.0637
vn -0.3978 -0.9152 -0.0646
vn -0.3861 -0.9195 -0.0744
vn -0.3825 -0.9218 -0.0625
vn -0.3837 -0.9214 -0.0615
vn -0.3947 -0.9173 -0.0527
vn 0.9742 -0.0578 0.2181
vn 0.9736 -0.0771 0.2150
vn 0.9743 -0.0556 0.2184
vn 0.3590 0.9310 0.0657
vn 0.3609 0.9304 0.0642
vn 0.3464 0.9351 0.0754
vn 0.4614 0.8833 0.0832
vn 0.4623 0.8829 0.0824
vn 0.4485 0.8888 0.0945
vn 0.3484 0.9365 0.0409
vn 0.3558 0.9335 0.0449
vn 0.1761 0.9843 0.0086
vn 0.1823 0.9832 0.0117
vn 0.3617 0.9320 0.0214
vn 0.3617 0.9321 0.0214
vn 0.3696 0.9291 0.0138
vn -0.2109 0.9769 -0.0332
vn -0.2139 0.9764 -0.0305
vn 0.2739 0.9617 -0.0051
vn 0.2763 0.9611 -0.0073
vn -0.2950 0.9553 -0.0211
vn -0.2971 0.9545 -0.0235
vn 0.2851 -0.9579 0.0331
vn -0.2679 -0.9633 0.0150
vn 0.2031 -0.9781 0.0460
vn -0.3334 -0.9428 -0.0030
vn -0.3409 -0.9401 0.0057
vn -0.1630 -0.9866 0.0044
vn -0.1715 -0.9852 -0.0007
vn -0.3493 -0.9363 -0.0361
vn -0.3441 -0.9372 -0.0572
vn -0.3459 -0.9366 -0.0555
vn -0.3301 -0.9413 -0.0707
vn -0.4212 -0.9034 -0.0799
vn -0.4201 -0.9039 -0.0810
vn -0.4276 -0.9010 -0.0734
vn 0.9741 -0.0145 0.2257
vn 0.9738 -0.0322 0.2250
vn 0.4062 0.9101 0.0815
vn 0.3961 0.9147 0.0806
vn 0.4009 0.9121 0.0861
vn 0.4050 0.9116 0.0710
vn 0.3395 0.9399 0.0363
vn 0.1627 0.9867 0.0019
vn 0.1558 0.9877 0.0082
vn 0.3333 0.9428 0.0088
vn 0.3407 0.9402 0.0003
vn -0.1991 0.9789 -0.0464
vn -0.2019 0.9784 -0.0433
vn 0.2634 0.9645 -0.0188
vn 0.2671 0.9634 -0.0230
vn -0.2848 0.9583 -0.0246
vn 0.2554 -0.9638 0.0767
vn 0.2575 -0.9630 0.0798
vn 0.2618 -0.9613 0.0861
vn -0.2515 -0.9654 0.0685
vn -0.2505 -0.9658 0.0671
vn -0.2536 -0.9647 0.0713
vn 0.1896 -0.9774 0.0931
vn 0.1889 -0.9775 0.0941
vn 0.1913 -0.9773 0.0909
vn -0.3104 -0.9497 0.0423
vn -0.3076 -0.9507 0.0385
vn -0.3158 -0.9475 0.0496
vn -0.1331 -0.9901 0.0446
vn -0.1310 -0.9905 0.0422
vn -0.1405 -0.9887 0.0528
vn -0.3373 -0.9414 -0.0006
vn -0.3375 -0.9413 -0.0003
vn -0.3366 -0.9417 -0.0015
vn -0.2809 -0.9596 -0.0148
vn -0.2856 -0.9583 -0.0095
vn -0.2674 -0.9631 -0.0298
vn -0.4438 -0.8941 -0.0602
vn -0.4424 -0.8947 -0.0619
vn -0.4466 -0.8929 -0.0567
vn 0.9757 -0.0037 0.2190
vn 0.4368 0.8975 0.0611
vn 0.4348 0.8983 0.0635
vn 0.4305 0.9000 0.0687
vn 0.3393 0.9404 0.0237
vn 0.3340 0.9421 0.0298
vn 0.3198 0.9464 0.0461
vn 0.3378 0.9412 0.0024
vn 0.3375 0.9413 0.0029
vn 0.3365 0.9417 0.0040
vn 0.1330 0.9902 -0.0425
vn 0.1309 0.9906 -0.0402
vn 0.1235 0.9918 -0.0322
vn 0.3075 0.9508 -0.0365
vn 0.3103 0.9498 -0.0403
vn 0.3156 0.9477 -0.0475
vn -0.1889 0.9777 -0.0916
vn -0.1897 0.9776 -0.0907
vn -0.1914 0.9775 -0.0885
vn 0.2505 0.9659 -0.0649
vn 0.2515 0.9656 -0.0662
vn 0.2536 0.9648 -0.0690
vn -0.2574 0.9632 -0.0775
vn -0.2553 0.9640 -0.0745
vn -0.2617 0.9615 -0.0837
vn 0.2393 -0.9706 0.0274
vn 0.2382 -0.9708 0.0291
vn 0.2410 -0.9702 0.0249
vn -0.2421 -0.9701 0.0155
vn -0.2411 -0.9704 0.0139
vn -0.2439 -0.9696 0.0181
vn 0.1827 -0.9825 0.0375
vn 0.1819 -0.9826 0.0386
vn 0.1841 -0.9823 0.0356
vn -0.2890 -0.9573 -0.0028
vn -0.2876 -0.9577 -0.0048
vn -0.2909 -0.9567 -0.0000
vn -0.0995 -0.9950 0.0074
vn -0.0973 -0.9952 0.0047
vn -0.1048 -0.9944 0.0137
vn -0.3365 -0.9414 -0.0231
vn -0.3373 -0.9408 -0.0342
vn -0.3393 -0.9402 -0.0316
vn -0.2181 -0.9754 -0.0334
vn -0.2233 -0.9744 -0.0271
vn -0.2067 -0.9773 -0.0468
vn -0.4523 -0.8881 -0.0815
vn -0.4568 -0.8853 -0.0869
vn -0.4638 -0.8826 -0.0774
vn 0.4488 0.8898 0.0826
vn 0.4548 0.8861 0.0893
vn 0.2721 0.9615 0.0376
vn 0.2659 0.9629 0.0451
vn 0.2533 0.9655 0.0604
vn 0.3373 0.9408 0.0342
vn 0.3393 0.9402 0.0316
vn 0.0995 0.9950 -0.0074
vn 0.0973 0.9952 -0.0047
vn 0.0921 0.9958 0.0015
vn 0.2876 0.9577 0.0048
vn 0.2890 0.9573 0.0028
vn 0.2909 0.9567 -0.0000
vn -0.1819 0.9826 -0.0386
vn -0.1827 0.9825 -0.0375
vn -0.1841 0.9823 -0.0356
vn 0.2411 0.9704 -0.0139
vn 0.2421 0.9701 -0.0155
vn 0.2439 0.9696 -0.0181
vn -0.2382 0.9708 -0.0291
vn -0.2393 0.9706 -0.0274
vn -0.2410 0.9702 -0.0249
vn 0.2311 -0.9729 0.0053
vn -0.2337 -0.9722 -0.0119
vn 0.1763 -0.9842 0.0139
vn -0.2814 -0.9591 -0.0301
vn -0.0819 -0.9964 -0.0221
vn -0.3415 -0.9381 -0.0570
vn -0.1639 -0.9852 -0.0495
vn -0.1694 -0.9846 -0.0427
vn -0.1531 -0.9862 -0.0624
vn -0.4709 -0.8759 -0.1049
vn 0.4825 0.8687 0.1122
vn 0.4737 0.8718 0.1248
vn 0.2106 0.9762 0.0520
vn 0.2039 0.9771 0.0602
vn 0.1914 0.9786 0.0755
vn 0.3455 0.9365 0.0601
vn 0.0658 0.9978 0.0107
vn 0.2814 0.9591 0.0301
vn -0.1763 0.9842 -0.0139
vn 0.2337 0.9722 0.0119
vn -0.2311 0.9729 -0.0053
vn 0.2232 -0.9748 0.0051
vn -0.2255 -0.9742 -0.0114
vn 0.1700 -0.9854 0.0133
vn -0.2718 -0.9619 -0.0291
vn -0.0585 -0.9981 -0.0188
vn -0.3474 -0.9359 -0.0578
vn -0.1111 -0.9930 -0.0401
vn -0.1169 -0.9926 -0.0329
vn -0.1013 -0.9935 -0.0524
vn -0.4899 -0.8649 -0.1090
vn 0.4971 0.8605 0.1113
vn 0.1500 0.9879 0.0405
vn 0.1432 0.9885 0.0490
vn 0.1318 0.9892 0.0634
vn 0.3495 0.9350 0.0595
vn 0.0440 0.9990 0.0079
vn 0.2718 0.9619 0.0291
vn -0.1700 0.9854 -0.0133
vn 0.2255 0.9742 0.0114
vn -0.2232 0.9748 -0.0051
vn 0.2160 -0.9764 0.0048
vn -0.2181 -0.9759 -0.0107
vn 0.1643 -0.9863 0.0125
vn -0.2629 -0.9644 -0.0276
vn -0.0372 -0.9992 -0.0158
vn -0.3526 -0.9340 -0.0574
vn -0.0616 -0.9976 -0.0310
vn -0.0674 -0.9975 -0.0234
vn -0.0528 -0.9977 -0.0425
vn -0.5074 -0.8547 -0.1101
vn 0.5186 0.8475 0.1132
vn 0.0928 0.9952 0.0294
vn 0.0861 0.9956 0.0381
vn 0.0759 0.9958 0.0514
vn 0.3544 0.9333 0.0576
vn 0.0244 0.9997 0.0053
vn 0.2629 0.9644 0.0276
vn -0.1643 0.9863 -0.0125
vn 0.2181 0.9759 0.0107
vn -0.2160 0.9764 -0.0048
vn 0.2095 -0.9778 0.0045
vn -0.2114 -0.9773 -0.0099
vn 0.1592 -0.9872 0.0115
vn -0.2549 -0.9666 -0.0257
vn -0.0183 -0.9998 -0.0127
vn -0.3570 -0.9324 -0.0556
vn -0.0164 -0.9996 -0.0224
vn -0.0220 -0.9996 -0.0149
vn -0.0087 -0.9994 -0.0329
vn -0.5231 -0.8453 -0.1085
vn 0.5375 0.8358 0.1120
vn 0.0405 0.9990 0.0193
vn 0.0341 0.9990 0.0280
vn 0.0253 0.9989 0.0400
vn 0.3586 0.9319 0.0544
vn 0.0071 1.0000 0.0031
vn 0.2549 0.9666 0.0257
vn -0.1592 0.9872 -0.0115
vn 0.2114 0.9773 0.0099
vn -0.2095 0.9778 -0.0045
vn 0.2038 -0.9790 0.0040
vn -0.2056 -0.9786 -0.0089
vn 0.1547 -0.9879 0.0104
vn -0.2463 -0.9689 -0.0223
vn -0.0018 -1.0000 -0.0098
vn -0.3608 -0.9312 -0.0525
vn 0.0235 -0.9996 -0.0150
vn 0.0184 -0.9998 -0.0078
vn 0.0300 -0.9993 -0.0242
vn -0.5371 -0.8371 -0.1040
vn 0.5539 0.8256 0.1078
vn -0.0060 0.9999 0.0108
vn -0.0118 0.9997 0.0191
vn -0.0193 0.9994 0.0296
vn 0.3621 0.9308 0.0499
vn -0.0076 1.0000 0.0013
vn 0.2463 0.9689 0.0223
vn -0.1547 0.9879 -0.0104
vn 0.2056 0.9786 0.0089
vn -0.2038 0.9790 -0.0040
vn 0.1988 -0.9800 0.0036
vn -0.2005 -0.9797 -0.0078
vn 0.1509 -0.9885 0.0091
vn -0.2404 -0.9705 -0.0196
vn 0.0121 -0.9999 -0.0074
vn -0.3638 -0.9302 -0.0482
vn 0.0578 -0.9983 -0.0091
vn 0.0532 -0.9986 -0.0024
vn 0.0631 -0.9979 -0.0170
vn -0.5490 -0.8302 -0.0968
vn 0.5675 0.8172 0.1002
vn -0.0452 0.9990 0.0046
vn -0.0504 0.9987 0.0123
vn -0.0566 0.9982 0.0213
vn 0.3649 0.9300 0.0442
vn -0.0199 0.9998 0.0001
vn 0.2404 0.9705 0.0196
vn -0.1509 0.9885 -0.0091
vn 0.2005 0.9797 0.0078
vn -0.1988 0.9800 -0.0036
vn 0.1947 -0.9809 0.0030
vn -0.1963 -0.9805 -0.0067
vn 0.1477 -0.9890 0.0077
vn -0.2354 -0.9717 -0.0166
vn 0.0237 -0.9997 -0.0054
vn -0.3662 -0.9295 -0.0428
vn 0.0756 -0.9971 -0.0105
vn -0.5591 -0.8245 -0.0868
vn 0.5831 0.8086 0.0786
vn 0.5798 0.8103 0.0856
vn -0.0893 0.9960 -0.0046
vn -0.0824 0.9966 0.0067
vn 0.3670 0.9295 0.0376
vn -0.0274 0.9996 -0.0006
vn 0.2354 0.9717 0.0166
vn -0.1477 0.9890 -0.0077
vn 0.1963 0.9805 0.0067
vn -0.1947 0.9809 -0.0030
vn 0.1913 -0.9815 0.0024
vn -0.1928 -0.9812 -0.0054
vn 0.1450 -0.9894 0.0062
vn -0.2314 -0.9728 -0.0134
vn 0.0328 -0.9995 -0.0039
vn -0.3681 -0.9291 -0.0365
vn 0.1002 -0.9950 -0.0051
vn -0.5705 -0.8190 -0.0615
vn 0.5915 0.8038 0.0638
vn 0.5890 0.8052 0.0686
vn -0.1143 0.9934 -0.0054
vn 0.3689 0.9290 0.0300
vn -0.0365 0.9993 -0.0008
vn 0.2314 0.9728 0.0134
vn -0.1450 0.9894 -0.0062
vn 0.1928 0.9812 0.0054
vn -0.1913 0.9815 -0.0024
vn -0.1369 0.0017 0.9906
vn -0.2203 0.0562 0.9738
vn -0.2485 -0.1108 0.9623
vn -0.0788 0.8463 0.5269
vn -0.0104 0.6144 0.7889
vn -0.1534 0.7351 0.6604
vn -0.4700 0.8602 0.1978
vn -0.4839 0.8594 0.1652
vn 0.1044 0.9945 0.0109
vn -0.3176 0.9458 0.0673
vn 0.3100 0.9504 0.0258
vn -0.3778 0.9240 0.0594
vn -0.3885 0.9208 0.0348
vn 0.2976 0.9547 -0.0008
vn 0.2754 0.9611 -0.0229
vn -0.3388 0.9389 0.0604
vn -0.2856 0.9580 0.0241
vn 0.1807 0.9835 -0.0102
vn -0.2394 0.9709 0.0067
vn 0.2367 0.9716 -0.0000
vn -0.3364 0.9414 0.0241
vn -0.3023 0.9529 -0.0257
vn 0.1877 0.9801 -0.0645
vn -0.2487 0.9675 -0.0456
vn 0.2515 0.9668 -0.0446
vn -0.3540 0.9352 0.0123
vn -0.4297 0.8959 0.1124
vn -0.4342 0.8969 0.0843
vn 0.3120 0.9490 0.0447
vn -0.5027 0.7501 0.4297
vn -0.4526 0.7523 0.4788
vn -0.0108 0.1027 0.9947
vn -0.2728 0.6001 0.7519
vn -0.1620 0.4819 0.8611
vn -0.1921 -0.2366 0.9524
vn -0.0585 -0.2803 0.9581
vn -0.5414 -0.1700 0.8234
vn 0.3493 -0.0699 -0.9344
vn 0.1865 -0.0615 -0.9805
vn 0.1451 -0.0269 -0.9891
vn -0.0792 -0.6034 -0.7935
vn 0.1111 -0.5630 -0.8189
vn 0.4574 -0.5302 -0.7140
vn -0.2822 -0.9587 -0.0345
vn 0.3046 -0.9524 -0.0104
vn -0.2411 -0.9657 -0.0960
vn 0.4569 -0.8725 -0.1733
vn 0.4901 -0.8532 -0.1786
vn -0.3045 -0.9522 0.0224
vn 0.2760 -0.9612 -0.0036
vn -0.2139 -0.9764 0.0289
vn 0.3697 -0.9284 -0.0375
vn 0.3897 -0.9197 -0.0470
vn 0.2541 -0.9669 0.0222
vn -0.1918 -0.9799 0.0554
vn 0.3163 -0.9486 -0.0062
vn 0.3388 -0.9389 -0.0604
vn -0.1892 -0.9819 0.0025
vn 0.1906 -0.9817 -0.0051
vn -0.1433 -0.9897 0.0058
vn 0.2288 -0.9734 -0.0124
vn -0.2406 -0.9686 0.0622
vn 0.2437 -0.9690 0.0409
vn -0.1837 -0.9803 0.0719
vn 0.2909 -0.9567 0.0121
vn 0.3365 -0.9414 -0.0225
vn 0.3410 -0.9399 -0.0154
vn -0.3133 -0.9486 -0.0436
vn 0.2989 -0.9519 -0.0678
vn -0.2274 -0.9732 -0.0352
vn 0.4080 -0.9068 -0.1063
vn 0.4457 -0.8880 -0.1134
vn 0.1243 -0.8488 -0.5138
vn 0.1784 -0.9595 -0.2182
vn 0.5119 -0.7420 -0.4329
vn 0.2448 -0.6276 -0.7390
vn 0.2405 -0.6675 -0.7047
vn 0.0097 -0.1017 -0.9948
vn 0.2940 0.4429 -0.8470
vn 0.2516 0.2565 -0.9332
vn 0.1806 0.2833 -0.9419
vn -0.6215 -0.7530 -0.2161
vn -0.9999 0.0170 -0.0002
vn -0.9631 -0.2114 0.1663
vn -0.9729 -0.1370 0.1861
vn -0.9752 -0.0545 0.2143
vn -0.9741 -0.1070 0.1992
vn -0.9681 -0.1723 0.1818
vn -0.9985 0.0478 -0.0262
vn -0.6957 -0.6887 -0.2040
vn 0.9918 0.1227 0.0352
vn 0.9979 0.0620 0.0195
vn 0.9655 -0.2605 -0.0026
vn 0.9727 -0.1779 0.1491
vn 0.8824 -0.3580 0.3053
vn 0.2981 -0.4087 0.8626
vn 0.9977 -0.0645 0.0207
vn 0.1009 0.3150 -0.9437
vn 0.1327 -0.0003 -0.9912
vn 0.0017 -0.1547 -0.9880
vn -0.2439 -0.6326 -0.7351
vn 0.3683 -0.8548 -0.3656
vn 0.4869 -0.8512 -0.1961
vn 0.4573 -0.8779 -0.1423
vn 0.4313 -0.8994 -0.0710
vn 0.3866 -0.9212 -0.0451
vn 0.3306 -0.9432 -0.0320
vn 0.2674 -0.9635 -0.0105
vn 0.2068 -0.9778 -0.0340
vn 0.1534 -0.9878 -0.0252
vn 0.1014 -0.9947 -0.0163
vn 0.0528 -0.9986 -0.0081
vn 0.0087 -1.0000 -0.0013
vn -0.0301 -0.9995 0.0040
vn -0.0631 -0.9980 0.0073
vn 0.0566 0.9984 -0.0066
vn 0.0193 0.9998 -0.0025
vn -0.0253 0.9997 0.0036
vn -0.0760 0.9970 0.0117
vn -0.1320 0.9910 0.0212
vn -0.1919 0.9809 0.0315
vn -0.2535 0.9664 0.0416
vn -0.3200 0.9472 0.0216
vn -0.3879 0.9205 0.0460
vn -0.4494 0.8911 0.0628
vn -0.4947 0.8642 0.0916
vn -0.5413 0.8274 0.1498
vn -0.5426 0.8127 0.2123
vn -0.4129 0.8482 0.3318
vn -0.0844 0.9158 0.3926
vn -0.0064 0.1498 0.9887
vn -0.1250 -0.0228 0.9919
vn -0.1178 -0.2696 0.9558
vn -0.1515 -0.1517 0.9767
vn -0.1490 -0.0024 0.9888
vn -0.0521 0.2742 0.9603
vn -0.0800 0.6963 0.7133
vn -0.4502 0.8636 0.2270
vn -0.1558 0.9878 -0.0081
vn -0.1235 0.9918 -0.0313
vn -0.0921 0.9957 0.0104
vn -0.0405 -0.9992 -0.0035
vn 0.1048 -0.9944 0.0123
vn 0.1409 -0.9900 0.0001
vn 0.1855 -0.9824 -0.0196
vn 0.1870 -0.9786 -0.0855
vn 0.1785 -0.9722 -0.1514
vn 0.1487 -0.8850 -0.4413
vn 0.0801 -0.6994 -0.7103
vn 0.0587 -0.2823 -0.9575
vn 0.1571 -0.0227 -0.9873
vn 0.0860 0.1858 -0.9788
vn 0.0695 0.3474 -0.9351
vn 0.2100 0.0948 -0.9731
vn -0.0602 -0.3076 -0.9496
vn 0.1390 -0.9062 -0.3993
vn 0.1362 -0.9261 -0.3517
vn 0.2147 -0.9596 -0.1816
vn 0.2491 -0.9603 -0.1257
vn 0.3430 -0.9363 -0.0756
vn 0.3943 -0.9159 -0.0749
vn 0.4271 -0.8997 -0.0896
vn 0.4456 -0.8908 -0.0893
vn 0.4620 -0.8792 -0.1165
vn -0.4614 0.8788 0.1213
vn -0.4398 0.8933 0.0931
vn -0.4138 0.9055 0.0941
vn -0.3727 0.9245 0.0803
vn -0.3158 0.9452 0.0823
vn -0.2161 0.9685 0.1235
vn -0.1653 0.9727 0.1628
vn -0.1833 0.9300 0.3185
vn -0.1622 0.9087 0.3847
vn -0.1145 0.1564 0.9810
vn -0.2162 -0.1252 0.9683
vn -0.0791 -0.2942 0.9525
vn 0.0836 0.0606 0.9947
vn -0.1009 0.0627 0.9929
vn -0.1197 0.1552 0.9806
vn -0.1419 0.2704 0.9522
vn -0.2597 0.2873 0.9220
vn -0.2365 0.2389 0.9418
vn 0.9759 -0.2127 -0.0496
vn 0.2480 -0.2995 -0.9213
vn 0.1709 -0.4049 -0.8982
vn 0.1478 -0.3025 -0.9416
vn 0.0188 -0.2810 -0.9595
vn 0.0017 -0.1556 -0.9878
vn -0.0846 -0.0573 -0.9948
vn -0.9989 -0.0458 0.0007
vn -0.1082 0.8623 0.4946
vn 0.0313 0.8565 0.5152
vn 0.1432 0.7934 0.5916
vn 0.2630 0.6416 0.7205
vn -0.1203 0.6015 0.7897
vn -0.2403 0.6407 0.7292
vn 0.9853 -0.1668 0.0376
vn 0.1810 -0.6008 -0.7786
vn 0.2659 -0.5004 -0.8239
vn -0.2521 -0.6340 -0.7310
vn 0.5498 -0.6234 -0.5560
vn -0.3296 -0.9101 -0.2511
vn 0.1313 -0.8736 -0.4686
vn -0.9831 0.1606 -0.0881
vn -0.1667 0.9351 0.3126
vn -0.4129 0.8483 0.3316
vn -0.3890 0.8044 0.4490
vn -0.3892 0.7464 0.5399
vn -0.1246 0.7845 0.6075
vn 0.0857 0.6516 0.7537
vn 0.9997 -0.0233 0.0100
vn 0.1354 -0.8186 -0.5581
vn 0.0650 -0.8614 -0.5037
vn 0.4030 -0.7728 -0.4903
vn 0.4995 -0.7238 -0.4760
vn 0.2398 -0.8952 -0.3756
vn 0.1698 -0.9524 -0.2531
vn -0.9793 -0.1592 0.1252
vn -0.2489 -0.9681 -0.0295
vn 0.3357 -0.9257 -0.1744
vn -0.0798 -0.9904 -0.1125
vn 0.4835 -0.8579 -0.1739
vn 0.5433 -0.8204 -0.1785
vn 0.4873 -0.8424 -0.2300
vn 0.2429 -0.9479 -0.2060
vn -0.9704 -0.1661 0.1753
vn -0.2027 0.9497 0.2387
vn -0.5352 0.8009 0.2685
vn -0.4636 0.8475 0.2585
vn -0.5085 0.8451 0.1652
vn 0.0431 0.9931 0.1092
vn -0.2694 0.9606 0.0687
vn 0.2774 0.9604 0.0261
vn -0.3124 -0.9496 -0.0256
vn 0.3082 -0.9500 -0.0502
vn -0.2346 -0.9720 -0.0160
vn 0.4335 -0.8962 -0.0939
vn 0.1838 -0.9805 -0.0688
vn 0.4775 -0.8727 -0.1020
vn 0.4721 -0.8719 -0.1299
vn 0.2423 -0.9641 -0.1084
vn -0.9722 -0.1389 0.1887
vn -0.1813 0.9771 0.1117
vn -0.5403 0.8257 0.1620
vn -0.4284 0.8924 0.1421
vn -0.4614 0.8831 0.0856
vn 0.2421 0.9694 0.0420
vn -0.3178 0.9462 0.0614
vn 0.2869 -0.9564 -0.0539
vn -0.2205 -0.9752 -0.0212
vn 0.3873 -0.9176 -0.0889
vn 0.1882 -0.9796 -0.0698
vn 0.4159 -0.9043 -0.0966
vn 0.4439 -0.8874 -0.1247
vn 0.2918 -0.9496 -0.1146
vn -0.9737 -0.1078 0.2008
vn -0.2591 0.9616 0.0907
vn -0.4930 0.8606 0.1279
vn -0.3775 0.9226 0.0792
vn -0.4100 0.9114 0.0365
vn 0.2275 0.9737 -0.0079
vn -0.2995 0.9540 0.0092
vn -0.2976 -0.9541 0.0344
vn 0.3542 -0.9350 -0.0190
vn 0.3709 -0.9281 -0.0321
vn 0.4105 -0.9103 -0.0538
vn 0.3712 -0.9258 -0.0715
vn -0.9743 -0.0556 0.2184
vn -0.3464 0.9351 0.0754
vn -0.4485 0.8888 0.0945
vn -0.3696 0.9291 0.0138
vn 0.2139 0.9764 -0.0305
vn -0.2763 0.9611 -0.0073
vn 0.1560 -0.9878 -0.0021
vn 0.3598 -0.9321 -0.0418
vn 0.4135 -0.9063 -0.0877
vn -0.1558 0.9877 0.0082
vn -0.3407 0.9402 0.0003
vn 0.2019 0.9784 -0.0433
vn -0.2671 0.9634 -0.0230
vn -0.2618 -0.9613 0.0861
vn 0.2484 -0.9665 0.0643
vn -0.1872 -0.9776 0.0962
vn 0.3023 -0.9527 0.0313
vn 0.1236 -0.9917 0.0341
vn 0.3383 -0.9410 0.0006
vn 0.2990 -0.9542 0.0057
vn 0.4395 -0.8958 -0.0655
vn -0.4305 0.9000 0.0687
vn -0.3198 0.9464 0.0461
vn -0.3365 0.9417 0.0040
vn -0.1235 0.9918 -0.0322
vn -0.3156 0.9477 -0.0475
vn 0.1914 0.9775 -0.0885
vn -0.2536 0.9648 -0.0690
vn 0.2511 0.9656 -0.0683
vn -0.2365 -0.9711 0.0316
vn 0.2394 -0.9709 0.0115
vn -0.1806 -0.9827 0.0405
vn 0.2857 -0.9583 -0.0076
vn 0.0921 -0.9958 -0.0015
vn 0.2347 -0.9720 -0.0136
vn -0.2533 0.9655 0.0604
vn -0.3393 0.9402 0.0316
vn -0.0921 0.9958 0.0015
vn -0.2909 0.9567 -0.0000
vn 0.1841 0.9823 -0.0356
vn -0.2439 0.9696 -0.0181
vn 0.2410 0.9702 -0.0249
vn 0.1802 -0.9832 -0.0296
vn -0.4737 0.8718 0.1248
vn -0.1914 0.9786 0.0755
vn 0.1268 -0.9917 -0.0204
vn -0.1318 0.9892 0.0634
vn 0.0764 -0.9970 -0.0118
vn -0.0759 0.9958 0.0514
vn 0.0298 -0.9995 -0.0043
vn -0.0253 0.9989 0.0400
vn -0.0118 -0.9999 0.0016
vn 0.0193 0.9994 0.0296
vn -0.0478 -0.9988 0.0056
vn 0.0566 0.9982 0.0213
vn -0.5798 0.8103 0.0856
vn 0.5681 -0.8203 -0.0659
vn -0.5890 0.8052 0.0686
vn 0.1369 0.0017 0.9906
vn 0.1868 0.0332 0.9818
vn 0.3660 0.0436 0.9296
vn 0.3205 0.6756 0.6640
vn 0.0104 0.6144 0.7889
vn -0.0791 0.6026 0.7941
vn 0.4700 0.8602 0.1978
vn 0.4543 0.8695 0.1941
vn -0.2405 0.9631 0.1207
vn 0.3176 0.9458 0.0673
vn -0.3100 0.9504 0.0258
vn 0.3778 0.9240 0.0594
vn 0.3693 0.9279 0.0517
vn -0.2139 0.9768 -0.0129
vn 0.2761 0.9610 0.0187
vn -0.2976 0.9547 -0.0008
vn 0.3162 0.9486 0.0121
vn -0.1919 0.9802 -0.0485
vn 0.2542 0.9670 -0.0158
vn -0.2626 0.9641 -0.0386
vn 0.3388 0.9389 0.0604
vn 0.2288 0.9734 0.0124
vn -0.1433 0.9897 -0.0058
vn 0.1906 0.9817 0.0051
vn -0.1892 0.9819 -0.0025
vn 0.3364 0.9414 0.0241
vn 0.2909 0.9567 -0.0102
vn -0.1837 0.9805 -0.0696
vn 0.2437 0.9691 -0.0388
vn -0.2406 0.9688 -0.0599
vn 0.3407 0.9398 0.0254
vn -0.2020 0.9787 -0.0356
vn 0.2671 0.9637 -0.0031
vn 0.4297 0.8959 0.1124
vn 0.4079 0.9067 0.1070
vn -0.2274 0.9731 0.0371
vn 0.2988 0.9518 0.0691
vn -0.3120 0.9490 0.0447
vn 0.4992 0.7544 0.4263
vn 0.4526 0.7523 0.4788
vn 0.1231 0.8507 0.5110
vn -0.1640 0.2264 0.9601
vn 0.2728 0.6001 0.7519
vn 0.2507 0.5983 0.7611
vn 0.1921 -0.2366 0.9524
vn 0.2493 -0.2173 0.9437
vn 0.2910 -0.4018 0.8683
vn -0.3493 -0.0699 -0.9344
vn -0.1865 -0.0615 -0.9805
vn -0.0928 -0.0239 -0.9954
vn 0.0792 -0.6034 -0.7935
vn -0.0106 -0.6155 -0.7881
vn -0.4574 -0.5302 -0.7140
vn 0.3103 -0.9503 0.0269
vn -0.3182 -0.9476 -0.0299
vn 0.2411 -0.9657 -0.0960
vn -0.4569 -0.8725 -0.1733
vn -0.4714 -0.8601 -0.1948
vn 0.2981 -0.9544 0.0160
vn -0.2760 -0.9612 -0.0036
vn 0.2139 -0.9764 0.0289
vn -0.3697 -0.9284 -0.0375
vn -0.3706 -0.9268 -0.0615
vn 0.2628 -0.9644 0.0293
vn -0.2541 -0.9669 0.0222
vn 0.1918 -0.9799 0.0554
vn -0.3163 -0.9486 -0.0062
vn -0.3382 -0.9405 -0.0334
vn 0.1892 -0.9819 0.0025
vn -0.1906 -0.9817 -0.0051
vn 0.1433 -0.9897 0.0058
vn -0.2288 -0.9734 -0.0124
vn -0.3696 -0.9287 -0.0291
vn 0.2406 -0.9686 0.0622
vn -0.2437 -0.9690 0.0409
vn 0.1837 -0.9803 0.0719
vn -0.2909 -0.9567 0.0121
vn -0.3410 -0.9399 -0.0154
vn -0.2989 -0.9519 -0.0678
vn 0.2274 -0.9732 -0.0352
vn -0.4080 -0.9068 -0.1063
vn -0.4143 -0.8997 -0.1375
vn -0.1243 -0.8488 -0.5138
vn -0.4542 -0.7499 -0.4810
vn -0.5119 -0.7420 -0.4329
vn -0.2448 -0.6276 -0.7390
vn -0.2826 -0.6307 -0.7228
vn -0.0097 -0.1017 -0.9948
vn -0.2940 0.4429 -0.8470
vn -0.2516 0.2565 -0.9332
vn -0.0484 0.2525 -0.9664
vn 0.6215 -0.7530 -0.2161
vn 0.9999 0.0170 -0.0002
vn 0.9631 -0.2114 0.1663
vn 0.9729 -0.1370 0.1861
vn 0.9752 -0.0545 0.2143
vn 0.9741 -0.1070 0.1992
vn 0.9681 -0.1723 0.1818
vn 0.9985 0.0478 -0.0262
vn 0.6957 -0.6887 -0.2040
vn -0.9920 0.1205 0.0379
vn -0.9978 0.0640 0.0149
vn -0.9672 -0.2477 0.0559
vn -0.9727 -0.1766 0.1506
vn -0.8905 -0.1948 0.4112
vn -0.3010 -0.3938 0.8685
vn -0.9978 -0.0606 0.0259
vn -0.0270 0.3000 -0.9535
vn -0.0893 -0.0072 -0.9960
vn -0.0017 -0.1547 -0.9880
vn -0.2366 -0.8830 -0.4053
vn -0.3683 -0.8548 -0.3656
vn -0.4657 -0.8587 -0.2138
vn -0.4423 -0.8836 -0.1536
vn -0.4098 -0.9080 -0.0874
vn -0.3594 -0.9307 -0.0681
vn -0.2986 -0.9523 -0.0635
vn -0.2344 -0.9710 -0.0476
vn -0.1799 -0.9815 -0.0663
vn -0.1266 -0.9902 -0.0581
vn -0.0763 -0.9959 -0.0483
vn -0.0298 -0.9988 -0.0386
vn 0.0118 -0.9995 -0.0295
vn 0.0478 -0.9986 -0.0216
vn 0.1208 -0.9927 -0.0060
vn -0.0566 0.9984 -0.0066
vn -0.0193 0.9998 -0.0025
vn 0.0253 0.9997 0.0036
vn 0.0760 0.9970 0.0117
vn 0.1320 0.9910 0.0212
vn 0.1919 0.9809 0.0315
vn 0.2535 0.9664 0.0416
vn 0.3200 0.9472 0.0216
vn 0.3879 0.9205 0.0460
vn 0.4494 0.8911 0.0628
vn 0.4947 0.8642 0.0916
vn 0.5413 0.8274 0.1498
vn 0.5426 0.8127 0.2123
vn 0.5101 0.7457 0.4287
vn 0.2343 0.8334 0.5005
vn 0.0642 0.1098 0.9919
vn 0.1250 -0.0228 0.9919
vn 0.1178 -0.2696 0.9558
vn 0.1515 -0.1517 0.9767
vn 0.0967 0.0424 0.9944
vn -0.2561 0.4928 0.8316
vn 0.2881 0.5509 0.7833
vn 0.4502 0.8636 0.2270
vn 0.1558 0.9878 -0.0081
vn 0.1235 0.9918 -0.0313
vn 0.0921 0.9957 0.0104
vn 0.0405 -0.9992 -0.0035
vn -0.1048 -0.9944 0.0123
vn -0.1409 -0.9900 0.0001
vn -0.1855 -0.9824 -0.0196
vn -0.1870 -0.9786 -0.0855
vn -0.1785 -0.9722 -0.1514
vn -0.1487 -0.8850 -0.4413
vn -0.2883 -0.5511 -0.7831
vn 0.2490 -0.5186 -0.8179
vn -0.1025 -0.0706 -0.9922
vn -0.0860 0.1858 -0.9788
vn -0.2578 0.3703 -0.8924
vn 0.1258 0.0555 -0.9905
vn 0.0602 -0.3076 -0.9496
vn -0.1390 -0.9062 -0.3993
vn -0.2375 -0.9248 -0.2971
vn -0.2409 -0.9565 -0.1648
vn -0.2921 -0.9512 -0.0994
vn -0.3714 -0.9268 -0.0560
vn -0.4143 -0.9083 -0.0580
vn -0.4392 -0.8951 -0.0769
vn -0.5678 -0.8199 -0.0736
vn -0.5739 -0.8167 -0.0595
vn 0.5952 0.8012 0.0617
vn 0.5886 0.8048 0.0763
vn 0.5796 0.8100 0.0886
vn 0.4749 0.8740 0.1025
vn 0.4302 0.8994 0.0772
vn 0.3973 0.9157 0.0603
vn 0.3466 0.9360 0.0618
vn 0.2590 0.9609 0.0983
vn 0.1807 0.9715 0.1534
vn 0.1989 0.9298 0.3098
vn 0.1622 0.9087 0.3847
vn 0.1145 0.1564 0.9810
vn -0.1320 -0.0861 0.9875
vn 0.2501 -0.3173 0.9147
vn -0.0836 0.0606 0.9947
vn 0.1009 0.0627 0.9929
vn 0.1197 0.1552 0.9806
vn 0.1419 0.2704 0.9522
vn 0.2597 0.2873 0.9220
vn 0.2523 0.2859 0.9245
vn -0.9759 -0.2127 -0.0496
vn -0.2480 -0.2995 -0.9213
vn -0.2675 -0.3036 -0.9145
vn -0.0784 -0.3853 -0.9195
vn -0.1217 -0.1655 -0.9787
vn -0.1003 -0.0596 -0.9932
vn 0.0989 -0.0708 -0.9926
vn 0.9990 -0.0438 -0.0082
vn 0.1082 0.8623 0.4946
vn -0.0313 0.8565 0.5152
vn -0.1432 0.7934 0.5916
vn -0.2630 0.6416 0.7205
vn 0.1203 0.6015 0.7897
vn 0.1811 0.6005 0.7788
vn -0.9853 -0.1668 0.0376
vn -0.1810 -0.6008 -0.7786
vn -0.1204 -0.6017 -0.7896
vn -0.0439 -0.4864 -0.8726
vn 0.0786 -0.9846 -0.1562
vn 0.0386 -0.8678 -0.4953
vn -0.1268 -0.8763 -0.4648
vn 0.9815 0.1835 -0.0545
vn 0.1843 0.9354 0.3017
vn 0.2413 0.8589 0.4518
vn 0.3890 0.8044 0.4490
vn 0.3892 0.7464 0.5399
vn 0.1246 0.7845 0.6075
vn 0.1481 0.7809 0.6068
vn -0.9997 -0.0233 0.0100
vn -0.1354 -0.8186 -0.5581
vn -0.1332 -0.8190 -0.5582
vn -0.4031 -0.7726 -0.4904
vn -0.4046 -0.8326 -0.3783
vn -0.2398 -0.8952 -0.3756
vn -0.1698 -0.9524 -0.2531
vn 0.9694 -0.2289 0.0884
vn 0.2691 -0.9629 0.0219
vn -0.2954 -0.9550 -0.0258
vn 0.0798 -0.9904 -0.1125
vn -0.4835 -0.8579 -0.1739
vn -0.5433 -0.8204 -0.1785
vn -0.4873 -0.8424 -0.2300
vn -0.2429 -0.9479 -0.2060
vn 0.9638 -0.2214 0.1483
vn 0.1625 0.9513 0.2620
vn 0.5443 0.7974 0.2605
vn 0.5405 0.8190 0.1928
vn 0.1561 0.9722 0.1747
vn 0.4816 0.8553 0.1914
vn -0.0733 0.9877 0.1381
vn 0.2694 0.9606 0.0687
vn -0.2774 0.9604 0.0261
vn 0.3128 -0.9495 -0.0252
vn -0.3082 -0.9500 -0.0502
vn 0.2346 -0.9720 -0.0160
vn -0.4335 -0.8962 -0.0939
vn -0.1838 -0.9805 -0.0688
vn -0.4775 -0.8727 -0.1020
vn -0.4721 -0.8719 -0.1299
vn -0.2423 -0.9641 -0.1084
vn 0.9706 -0.1544 0.1845
vn 0.2165 0.9719 0.0924
vn 0.5497 0.8210 0.1542
vn 0.4655 0.8776 0.1146
vn 0.1775 0.9800 0.0896
vn 0.4331 0.8946 0.1099
vn 0.3059 -0.9515 -0.0338
vn -0.2869 -0.9564 -0.0539
vn 0.2205 -0.9752 -0.0212
vn -0.3873 -0.9176 -0.0889
vn -0.1882 -0.9796 -0.0698
vn -0.4159 -0.9043 -0.0966
vn -0.4439 -0.8874 -0.1247
vn -0.2918 -0.9496 -0.1146
vn 0.9730 -0.1170 0.1991
vn 0.3161 0.9471 0.0555
vn 0.5267 0.8441 0.1005
vn 0.4015 0.9138 0.0617
vn 0.1878 0.9816 0.0349
vn 0.3882 0.9199 0.0552
vn -0.3542 -0.9350 -0.0190
vn -0.3709 -0.9281 -0.0321
vn -0.4105 -0.9103 -0.0538
vn -0.3712 -0.9258 -0.0715
vn 0.9735 -0.0793 0.2146
vn 0.3732 0.9261 0.0548
vn 0.4751 0.8770 0.0709
vn 0.3610 0.9317 0.0406
vn 0.1855 0.9826 0.0093
vn 0.3539 0.9348 0.0289
vn -0.1560 -0.9878 -0.0021
vn -0.3598 -0.9321 -0.0418
vn -0.4135 -0.9063 -0.0877
vn 0.9738 -0.0338 0.2247
vn 0.4145 0.9071 0.0733
vn 0.4206 0.9056 0.0550
vn 0.2511 -0.9654 0.0705
vn -0.2484 -0.9665 0.0643
vn 0.1872 -0.9776 0.0962
vn -0.3023 -0.9527 0.0313
vn -0.1236 -0.9917 0.0341
vn -0.3383 -0.9410 0.0006
vn -0.2990 -0.9542 0.0057
vn -0.4395 -0.8958 -0.0655
vn 0.4409 0.8958 0.0559
vn 0.3533 0.9355 0.0072
vn 0.3388 0.9408 0.0013
vn 0.1404 0.9888 -0.0507
vn 0.3022 0.9528 -0.0294
vn -0.1872 0.9778 -0.0938
vn 0.2485 0.9666 -0.0621
vn -0.2511 0.9656 -0.0683
vn 0.2365 -0.9711 0.0316
vn -0.2394 -0.9709 0.0115
vn 0.1806 -0.9827 0.0405
vn -0.2857 -0.9583 -0.0076
vn -0.0921 -0.9958 -0.0015
vn -0.2347 -0.9720 -0.0136
vn 0.4635 0.8827 0.0773
vn 0.2847 0.9584 0.0221
vn 0.1048 0.9944 -0.0137
vn 0.2857 0.9583 0.0076
vn -0.1806 0.9827 -0.0405
vn 0.2394 0.9709 -0.0115
vn -0.2365 0.9711 -0.0316
vn -0.1802 -0.9832 -0.0296
vn 0.2230 0.9741 0.0366
vn -0.1268 -0.9917 -0.0204
vn 0.1614 0.9865 0.0260
vn -0.0764 -0.9970 -0.0118
vn 0.1031 0.9945 0.0159
vn -0.0298 -0.9995 -0.0043
vn 0.0495 0.9988 0.0071
vn 0.0118 -0.9999 0.0016
vn 0.0015 1.0000 0.0002
vn 0.0478 -0.9988 0.0056
vn -0.0390 0.9992 -0.0045
vn -0.0733 0.9973 -0.0072
vn -0.5681 -0.8203 -0.0659
vt 0.050332 0.050056
vt 0.075152 0.100007
vt 0.050305 0.100014
vt 0.100000 0.050000
vt 0.200000 0.100000
vt 0.100000 0.100000
vt 0.200000 0.050000
vt 0.300000 0.100000
vt 0.050296 0.200001
vt 0.075148 0.175001
vt 0.075148 0.200000
vt 0.200000 0.175000
vt 0.100000 0.200000
vt 0.100000 0.175000
vt 0.300000 0.200000
vt 0.200000 0.200000
vt 0.050296 0.275000
vt 0.075148 0.300000
vt 0.050296 0.300000
vt 0.100000 0.275000
vt 0.200000 0.300000
vt 0.100000 0.300000
vt 0.200000 0.275000
vt 0.300000 0.300000
vt 0.400000 0.275000
vt 0.300000 0.275000
vt 0.500000 0.275000
vt 0.400000 0.300000
vt 0.050296 0.375000
vt 0.075148 0.400000
vt 0.050296 0.400000
vt 0.100000 0.375000
vt 0.200000 0.400000
vt 0.100000 0.400000
vt 0.200000 0.375000
vt 0.300000 0.400000
vt 0.300000 0.375000
vt 0.400000 0.400000
vt 0.500000 0.375000
vt 0.400000 0.375000
vt 0.050296 0.475000
vt 0.075148 0.500000
vt 0.050296 0.500000
vt 0.100000 0.475000
vt 0.200000 0.500000
vt 0.100000 0.500000
vt 0.200000 0.475000
vt 0.300000 0.500000
vt 0.300000 0.475000
vt 0.400000 0.500000
vt 0.400000 0.475000
vt 0.500000 0.500000
vt 0.050296 0.575000
vt 0.075148 0.600000
vt 0.050296 0.600000
vt 0.100000 0.575000
vt 0.200000 0.600000
vt 0.100000 0.600000
vt 0.200000 0.575000
vt 0.300000 0.600000
vt 0.300000 0.575000
vt 0.400000 0.600000
vt 0.400000 0.575000
vt 0.500000 0.600000
vt 0.050296 0.675000
vt 0.075148 0.700000
vt 0.050296 0.700000
vt 0.100000 0.675000
vt 0.200000 0.700000
vt 0.100000 0.700000
vt 0.200000 0.675000
vt 0.300000 0.700000
vt 0.300000 0.675000
vt 0.400000 0.700000
vt 0.400000 0.675000
vt 0.500000 0.700000
vt 0.050296 0.775000
vt 0.075148 0.800000
vt 0.050296 0.800000
vt 0.100000 0.775000
vt 0.200000 0.800000
vt 0.100000 0.800000
vt 0.200000 0.775000
vt 0.300000 0.800000
vt 0.300000 0.775000
vt 0.400000 0.800000
vt 0.400000 0.775000
vt 0.500000 0.800000
vt 0.050296 0.875000
vt 0.075148 0.900000
vt 0.050296 0.900000
vt 0.100000 0.875000
vt 0.200000 0.900000
vt 0.100000 0.900000
vt 0.200000 0.875000
vt 0.300000 0.900000
vt 0.300000 0.875000
vt 0.400000 0.900000
vt 0.400000 0.875000
vt 0.500000 0.900000
vt 0.050503 0.979783
vt 0.075449 0.999650
vt 0.050642 0.999639
vt 0.100154 0.979797
vt 0.200000 0.999806
vt 0.100256 0.999662
vt 0.200000 0.979884
vt 0.300000 0.999710
vt 0.300000 0.979826
vt 0.400000 0.999806
vt 0.400000 0.979884
vt 0.500000 0.999710
vt 0.050296 0.925000
vt 0.075148 0.950000
vt 0.050296 0.950000
vt 0.100000 0.925000
vt 0.200000 0.950000
vt 0.100000 0.950000
vt 0.200000 0.925000
vt 0.300000 0.950000
vt 0.300000 0.925000
vt 0.400000 0.950000
vt 0.400000 0.925000
vt 0.500000 0.950000
vt 0.050296 0.825000
vt 0.075148 0.850000
vt 0.050296 0.850000
vt 0.100000 0.825000
vt 0.200000 0.850000
vt 0.100000 0.850000
vt 0.200000 0.825000
vt 0.300000 0.850000
vt 0.300000 0.825000
vt 0.400000 0.850000
vt 0.400000 0.825000
vt 0.500000 0.850000
vt 0.050296 0.725000
vt 0.075148 0.750000
vt 0.050296 0.750000
vt 0.100000 0.725000
vt 0.200000 0.750000
vt 0.100000 0.750000
vt 0.200000 0.725000
vt 0.300000 0.750000
vt 0.300000 0.725000
vt 0.400000 0.750000
vt 0.400000 0.725000
vt 0.500000 0.750000
vt 0.050296 0.625000
vt 0.075148 0.650000
vt 0.050296 0.650000
vt 0.100000 0.625000
vt 0.200000 0.650000
vt 0.100000 0.650000
vt 0.200000 0.625000
vt 0.300000 0.650000
vt 0.300000 0.625000
vt 0.400000 0.650000
vt 0.400000 0.625000
vt 0.500000 0.650000
vt 0.050296 0.525000
vt 0.075148 0.550000
vt 0.050296 0.550000
vt 0.100000 0.525000
vt 0.200000 0.550000
vt 0.100000 0.550000
vt 0.200000 0.525000
vt 0.300000 0.550000
vt 0.300000 0.525000
vt 0.400000 0.550000
vt 0.400000 0.525000
vt 0.500000 0.550000
vt 0.050296 0.425000
vt 0.075148 0.450000
vt 0.050296 0.450000
vt 0.100000 0.425000
vt 0.200000 0.450000
vt 0.100000 0.450000
vt 0.200000 0.425000
vt 0.300000 0.450000
vt 0.300000 0.425000
vt 0.400000 0.450000
vt 0.500000 0.425000
vt 0.400000 0.425000
vt 0.050296 0.325000
vt 0.075148 0.350000
vt 0.050296 0.350000
vt 0.100000 0.325000
vt 0.200000 0.350000
vt 0.100000 0.350000
vt 0.200000 0.325000
vt 0.300000 0.350000
vt 0.300000 0.325000
vt 0.400000 0.350000
vt 0.500000 0.325000
vt 0.400000 0.325000
vt 0.050296 0.250000
vt 0.075148 0.225000
vt 0.075148 0.250000
vt 0.200000 0.225000
vt 0.100000 0.250000
vt 0.100000 0.225000
vt 0.300000 0.250000
vt 0.200000 0.250000
vt 0.050298 0.150003
vt 0.075151 0.125004
vt 0.075149 0.150002
vt 0.200000 0.125000
vt 0.100000 0.150000
vt 0.100000 0.125000
vt 0.300000 0.150000
vt 0.200000 0.150000
vt 0.050440 0.000354
vt 0.075166 0.050028
vt 0.100000 0.000258
vt 0.200000 0.000258
vt 0.300000 0.050000
vt 0.800000 0.050000
vt 0.706795 0.081843
vt 0.706791 0.041687
vt 0.900000 0.050000
vt 0.800000 0.100000
vt 0.925000 0.100000
vt 0.950000 0.050000
vt 0.950000 0.100000
vt 0.800000 0.175000
vt 0.702471 0.199480
vt 0.703757 0.174230
vt 0.900000 0.200000
vt 0.800000 0.200000
vt 0.925000 0.175000
vt 0.950000 0.200000
vt 0.925000 0.200000
vt 0.500043 0.275318
vt 0.600000 0.300000
vt 0.500000 0.300000
vt 0.600173 0.274931
vt 0.700000 0.300000
vt 0.800000 0.275000
vt 0.700258 0.274999
vt 0.900000 0.275000
vt 0.800000 0.300000
vt 0.925000 0.300000
vt 0.950000 0.275000
vt 0.950000 0.300000
vt 0.600000 0.400000
vt 0.500000 0.400000
vt 0.700000 0.375000
vt 0.600000 0.375000
vt 0.800000 0.375000
vt 0.700000 0.400000
vt 0.900000 0.375000
vt 0.800000 0.400000
vt 0.925000 0.400000
vt 0.950000 0.375000
vt 0.950000 0.400000
vt 0.500000 0.475000
vt 0.600000 0.500000
vt 0.700000 0.475000
vt 0.600000 0.475000
vt 0.800000 0.475000
vt 0.700000 0.500000
vt 0.900000 0.475000
vt 0.800000 0.500000
vt 0.925000 0.500000
vt 0.950000 0.475000
vt 0.950000 0.500000
vt 0.600000 0.575000
vt 0.500000 0.575000
vt 0.700000 0.575000
vt 0.600000 0.600000
vt 0.800000 0.575000
vt 0.700000 0.600000
vt 0.900000 0.575000
vt 0.800000 0.600000
vt 0.925000 0.600000
vt 0.950000 0.575000
vt 0.950000 0.600000
vt 0.600000 0.675000
vt 0.500000 0.675000
vt 0.700000 0.675000
vt 0.600000 0.700000
vt 0.800000 0.675000
vt 0.700000 0.700000
vt 0.900000 0.675000
vt 0.800000 0.700000
vt 0.925000 0.700000
vt 0.950000 0.675000
vt 0.950000 0.700000
vt 0.600000 0.775000
vt 0.500000 0.775000
vt 0.700000 0.775000
vt 0.600000 0.800000
vt 0.800000 0.775000
vt 0.700000 0.800000
vt 0.900000 0.775000
vt 0.800000 0.800000
vt 0.925000 0.800000
vt 0.950000 0.775000
vt 0.950000 0.800000
vt 0.600000 0.875000
vt 0.500000 0.875000
vt 0.700000 0.875000
vt 0.600000 0.900000
vt 0.800000 0.875000
vt 0.700000 0.900000
vt 0.900000 0.875000
vt 0.800000 0.900000
vt 0.925000 0.900000
vt 0.950000 0.875000
vt 0.950000 0.900000
vt 0.600000 0.980000
vt 0.500000 1.000000
vt 0.500000 0.980000
vt 0.700000 0.980000
vt 0.600000 1.000000
vt 0.800000 0.980000
vt 0.700000 1.000000
vt 0.900000 0.980000
vt 0.800000 1.000000
vt 0.925000 1.000000
vt 0.950000 0.980000
vt 0.950000 1.000000
vt 0.600000 0.925000
vt 0.500000 0.925000
vt 0.700000 0.925000
vt 0.600000 0.950000
vt 0.800000 0.925000
vt 0.700000 0.950000
vt 0.900000 0.925000
vt 0.800000 0.950000
vt 0.925000 0.950000
vt 0.950000 0.925000
vt 0.950000 0.950000
vt 0.600000 0.825000
vt 0.500000 0.825000
vt 0.700000 0.825000
vt 0.600000 0.850000
vt 0.800000 0.825000
vt 0.700000 0.850000
vt 0.900000 0.825000
vt 0.800000 0.850000
vt 0.925000 0.850000
vt 0.950000 0.825000
vt 0.950000 0.850000
vt 0.600000 0.725000
vt 0.500000 0.725000
vt 0.700000 0.725000
vt 0.600000 0.750000
vt 0.800000 0.725000
vt 0.700000 0.750000
vt 0.900000 0.725000
vt 0.800000 0.750000
vt 0.925000 0.750000
vt 0.950000 0.725000
vt 0.950000 0.750000
vt 0.600000 0.625000
vt 0.500000 0.625000
vt 0.700000 0.625000
vt 0.600000 0.650000
vt 0.800000 0.625000
vt 0.700000 0.650000
vt 0.900000 0.625000
vt 0.800000 0.650000
vt 0.925000 0.650000
vt 0.950000 0.625000
vt 0.950000 0.650000
vt 0.600000 0.525000
vt 0.500000 0.525000
vt 0.700000 0.525000
vt 0.600000 0.550000
vt 0.800000 0.525000
vt 0.700000 0.550000
vt 0.900000 0.525000
vt 0.800000 0.550000
vt 0.925000 0.550000
vt 0.950000 0.525000
vt 0.950000 0.550000
vt 0.600000 0.450000
vt 0.500000 0.450000
vt 0.700000 0.425000
vt 0.600000 0.425000
vt 0.800000 0.425000
vt 0.700000 0.450000
vt 0.900000 0.425000
vt 0.800000 0.450000
vt 0.925000 0.450000
vt 0.950000 0.425000
vt 0.950000 0.450000
vt 0.600000 0.350000
vt 0.500000 0.350000
vt 0.700000 0.325000
vt 0.600000 0.325000
vt 0.800000 0.325000
vt 0.700000 0.350000
vt 0.900000 0.325000
vt 0.800000 0.350000
vt 0.925000 0.350000
vt 0.950000 0.325000
vt 0.950000 0.350000
vt 0.800000 0.225000
vt 0.700517 0.249998
vt 0.701494 0.224739
vt 0.900000 0.250000
vt 0.800000 0.250000
vt 0.925000 0.225000
vt 0.950000 0.250000
vt 0.925000 0.250000
vt 0.800000 0.125000
vt 0.705042 0.148981
vt 0.705919 0.115412
vt 0.900000 0.150000
vt 0.800000 0.150000
vt 0.925000 0.125000
vt 0.950000 0.150000
vt 0.925000 0.150000
vt 0.800000 0.000000
vt 0.705022 0.003115
vt 0.900000 0.000000
vt 0.925000 0.050000
vt 0.950000 0.000000
vt 0.951520 0.169370
vt 0.009324 0.948148
vt 0.000000 0.000000
vt 1.000000 0.000000
vt 0.009324 0.948148
vt 0.500262 0.936484
vt 0.750000 0.000000
vt 0.745730 0.930652
vt 0.008155 0.948469
vt 0.500000 0.000000
vt 0.008155 0.948469
vt 0.500232 0.936644
vt 0.008155 0.948469
vt 0.009324 0.948148
vt 0.990676 0.948148
vt 0.008801 0.924820
vt 0.990676 0.948148
vt 0.008801 0.924820
vt 0.250000 0.000000
vt 0.500261 0.936484
vt 0.254792 0.942316
vt 0.401816 0.939009
vt 0.008155 0.948469
vt 0.979538 0.934454
vt 0.031308 0.766776
vt 0.985286 0.767225
vt 0.024321 0.733582
vt 0.413816 0.641388
vt -0.060275 0.567058
vt 0.451769 0.614337
vt -0.029863 0.639610
vt 1.068488 0.723294
vt 0.088405 0.733723
vt 1.008985 0.747511
vt 0.029288 0.736667
vt 0.424452 0.504702
vt -0.058087 0.597132
vt 0.254793 0.942316
vt 0.975000 0.000000
vt 0.975000 0.050000
vt 0.975000 0.100000
vt 0.950000 0.125000
vt 0.975000 0.150000
vt 0.975000 0.175000
vt 0.975000 0.200000
vt 0.950000 0.225000
vt 0.975000 0.250000
vt 0.975000 0.275000
vt 0.975000 0.300000
vt 0.975000 0.325000
vt 0.975000 0.350000
vt 0.975000 0.375000
vt 0.975000 0.400000
vt 0.975000 0.425000
vt 0.975000 0.450000
vt 0.975000 0.475000
vt 0.975000 0.500000
vt 0.975000 0.525000
vt 0.975000 0.550000
vt 0.975000 0.575000
vt 0.975000 0.600000
vt 0.975000 0.625000
vt 0.975000 0.650000
vt 0.975000 0.675000
vt 0.975000 0.700000
vt 0.975000 0.725000
vt 0.975000 0.750000
vt 0.975000 0.775000
vt 0.975000 0.800000
vt 0.975000 0.825000
vt 0.975000 0.850000
vt 0.975000 0.875000
vt 0.975000 0.900000
vt 0.975000 0.925000
vt 0.975000 0.950000
vt 0.975000 0.980000
vt 0.975000 1.000000
vt 0.745730 0.930652
vt 0.025678 0.979776
vt 0.025835 0.999627
vt 0.025443 0.925000
vt 0.025443 0.950000
vt 0.025443 0.875000
vt 0.025443 0.900000
vt 0.025443 0.825000
vt 0.025443 0.850000
vt 0.025443 0.775000
vt 0.025443 0.800000
vt 0.025443 0.725000
vt 0.025443 0.750000
vt 0.025443 0.675000
vt 0.025443 0.700000
vt 0.025443 0.625000
vt 0.025443 0.650000
vt 0.025443 0.575000
vt 0.025443 0.600000
vt 0.025443 0.525000
vt 0.025443 0.550000
vt 0.025443 0.475000
vt 0.025443 0.500000
vt 0.025443 0.425000
vt 0.025443 0.450000
vt 0.025443 0.375000
vt 0.025443 0.400000
vt 0.025443 0.325000
vt 0.025443 0.350000
vt 0.025443 0.275000
vt 0.025443 0.300000
vt 0.025444 0.250000
vt 0.050296 0.225001
vt 0.025444 0.200001
vt 0.050297 0.175002
vt 0.025447 0.150005
vt 0.050301 0.125009
vt 0.025497 0.050084
vt 0.025457 0.100021
vt 0.025660 0.000401
vt 0.991199 0.924820
vt 0.075220 0.000306
vt 0.075148 0.275000
vt 0.075148 0.325000
vt 0.075148 0.375000
vt 0.075148 0.425000
vt 0.075148 0.475000
vt 0.075148 0.525000
vt 0.075148 0.575000
vt 0.075148 0.625000
vt 0.075148 0.675000
vt 0.075148 0.725000
vt 0.075148 0.775000
vt 0.075148 0.825000
vt 0.075148 0.875000
vt 0.075148 0.925000
vt 0.075329 0.979790
vt 0.009324 0.948148
vt 0.925000 0.980000
vt 0.900000 1.000000
vt 0.925000 0.925000
vt 0.900000 0.950000
vt 0.925000 0.875000
vt 0.900000 0.900000
vt 0.925000 0.825000
vt 0.900000 0.850000
vt 0.925000 0.775000
vt 0.900000 0.800000
vt 0.925000 0.725000
vt 0.900000 0.750000
vt 0.925000 0.675000
vt 0.900000 0.700000
vt 0.925000 0.625000
vt 0.900000 0.650000
vt 0.925000 0.575000
vt 0.900000 0.600000
vt 0.925000 0.525000
vt 0.900000 0.550000
vt 0.925000 0.475000
vt 0.900000 0.500000
vt 0.925000 0.425000
vt 0.900000 0.450000
vt 0.925000 0.375000
vt 0.900000 0.400000
vt 0.925000 0.325000
vt 0.900000 0.350000
vt 0.925000 0.275000
vt 0.900000 0.300000
vt 0.900000 0.225000
vt 0.900000 0.175000
vt 0.900000 0.125000
vt 0.900000 0.100000
vt 0.925000 0.000000
vt 0.009324 0.948148
vt 1.000000 0.050000
vt 1.000000 0.100000
vt 0.975000 0.125000
vt 1.000000 0.150000
vt 1.000000 0.200000
vt 1.000000 0.225000
vt 1.000000 0.250000
vt 1.000000 0.275000
vt 1.000000 0.300000
vt 1.000000 0.325000
vt 1.000000 0.350000
vt 1.000000 0.375000
vt 1.000000 0.400000
vt 1.000000 0.425000
vt 1.000000 0.450000
vt 1.000000 0.475000
vt 1.000000 0.500000
vt 1.000000 0.525000
vt 1.000000 0.550000
vt 1.000000 0.575000
vt 1.000000 0.600000
vt 1.000000 0.625000
vt 1.000000 0.650000
vt 1.000000 0.675000
vt 1.000000 0.700000
vt 1.000000 0.725000
vt 1.000000 0.750000
vt 1.000000 0.775000
vt 1.000000 0.800000
vt 1.000000 0.825000
vt 1.000000 0.850000
vt 1.000000 0.875000
vt 1.000000 0.900000
vt 1.000000 0.925000
vt 1.000000 0.950000
vt 1.000000 0.980000
vt 1.000000 1.000000
vt 0.991199 0.924820
vt 0.000853 0.979769
vt 0.001028 0.999615
vt 0.000591 0.925000
vt 0.000591 0.950000
vt 0.000591 0.875000
vt 0.000591 0.900000
vt 0.000591 0.825000
vt 0.000591 0.850000
vt 0.000591 0.775000
vt 0.000591 0.800000
vt 0.000591 0.725000
vt 0.000591 0.750000
vt 0.000591 0.675000
vt 0.000591 0.700000
vt 0.000591 0.625000
vt 0.000591 0.650000
vt 0.000591 0.575000
vt 0.000591 0.600000
vt 0.000591 0.525000
vt 0.000591 0.550000
vt 0.000591 0.475000
vt 0.000591 0.500000
vt 0.000591 0.425000
vt 0.000591 0.450000
vt 0.000591 0.375000
vt 0.000591 0.400000
vt 0.000591 0.325000
vt 0.000591 0.350000
vt 0.000591 0.275000
vt 0.000591 0.300000
vt 0.000592 0.225001
vt 0.000591 0.250000
vt 0.025445 0.175003
vt 0.000592 0.200002
vt 0.000594 0.175004
vt 0.025452 0.125013
vt 0.000596 0.150007
vt 0.000602 0.125017
vt 0.000663 0.050112
vt 0.000609 0.100028
vt 0.000880 0.000449
vt 0.300000 0.125000
vt 0.887907 0.715717
vt 1.000000 0.125000
vt 0.992308 0.924820
vt 0.300000 0.175000
vt 0.906991 0.412272
vt 0.950000 0.175000
vt 1.000000 0.175000
vt 0.992308 0.924820
vt 0.025444 0.225001
vt 0.300000 0.225000
vt 0.933402 0.589064
vt 0.975000 0.225000
vt 0.500086 0.250636
vt 0.600346 0.249862
vt 0.400000 0.250000
vt 0.500000 0.250000
vt 0.500000 0.979826
vt 0.300000 0.000258
vt 0.400000 0.000000
vt 0.991198 0.924820
s 1
usemtl lambert1
f 274/1/1 278/2/2 273/3/3
f 114/4/4 7/5/5 6/6/6
f 115/7/7 8/8/8 7/5/9
f 271/9/10 376/10/11 280/11/12
f 378/12/13 10/13/14 377/14/15
f 378/12/16 12/15/17 11/16/18
f 412/17/19 282/18/20 269/19/21
f 414/20/22 15/21/23 14/22/24
f 415/23/25 16/24/26 15/21/27
f 417/25/28 16/24/29 416/26/30
f 418/27/31 17/28/32 417/25/33
f 448/29/34 284/30/35 267/31/36
f 450/32/37 21/33/38 20/34/39
f 451/35/40 22/36/41 21/33/42
f 452/37/43 23/38/44 22/36/45
f 454/39/46 23/38/47 453/40/48
f 484/41/49 286/42/50 265/43/51
f 486/44/52 27/45/53 26/46/54
f 487/47/55 28/48/56 27/45/57
f 488/49/58 29/50/59 28/48/60
f 489/51/61 30/52/62 29/50/63
f 520/53/64 288/54/65 263/55/66
f 522/56/67 33/57/68 32/58/69
f 523/59/70 34/60/71 33/57/72
f 524/61/73 35/62/74 34/60/75
f 525/63/76 36/64/77 35/62/78
f 556/65/79 290/66/80 261/67/81
f 558/68/82 39/69/83 38/70/84
f 559/71/85 40/72/86 39/69/87
f 560/73/88 41/74/89 40/72/90
f 561/75/91 42/76/92 41/74/93
f 592/77/94 292/78/95 259/79/96
f 594/80/97 45/81/98 44/82/99
f 595/83/100 46/84/101 45/81/102
f 596/85/103 47/86/104 46/84/105
f 597/87/106 48/88/107 47/86/108
f 628/89/109 294/90/110 257/91/111
f 630/92/112 51/93/113 50/94/114
f 631/95/115 52/96/116 51/93/117
f 632/97/118 53/98/119 52/96/120
f 633/99/121 54/100/122 53/98/123
f 664/101/124 296/102/125 255/103/126
f 666/104/127 57/105/128 56/106/129
f 667/107/130 58/108/131 57/105/132
f 668/109/133 59/110/134 58/108/135
f 669/111/136 60/112/137 59/110/138
f 646/113/139 295/114/140 256/115/141
f 648/116/142 63/117/143 62/118/144
f 649/119/145 64/120/146 63/117/147
f 650/121/148 65/122/149 64/120/150
f 651/123/151 66/124/152 65/122/153
f 610/125/154 293/126/155 258/127/156
f 612/128/157 69/129/158 68/130/159
f 613/131/160 70/132/161 69/129/162
f 614/133/163 71/134/164 70/132/165
f 615/135/166 72/136/167 71/134/168
f 574/137/169 291/138/170 260/139/171
f 576/140/172 75/141/173 74/142/174
f 577/143/175 76/144/176 75/141/177
f 578/145/178 77/146/179 76/144/180
f 579/147/181 78/148/182 77/146/183
f 538/149/184 289/150/185 262/151/186
f 540/152/187 81/153/188 80/154/189
f 541/155/190 82/156/191 81/153/192
f 542/157/193 83/158/194 82/156/195
f 543/159/196 84/160/197 83/158/198
f 502/161/199 287/162/200 264/163/201
f 504/164/202 87/165/203 86/166/204
f 505/167/205 88/168/206 87/165/207
f 506/169/208 89/170/209 88/168/210
f 507/171/211 90/172/212 89/170/213
f 466/173/214 285/174/215 266/175/216
f 468/176/217 93/177/218 92/178/219
f 469/179/220 94/180/221 93/177/222
f 470/181/223 95/182/224 94/180/225
f 472/183/226 95/182/227 471/184/228
f 430/185/229 283/186/230 268/187/231
f 432/188/232 99/189/233 98/190/234
f 433/191/235 100/192/236 99/189/237
f 434/193/238 101/194/239 100/192/240
f 436/195/241 101/194/242 435/196/243
f 270/197/244 390/198/245 281/199/246
f 392/200/247 104/201/248 391/202/249
f 392/200/250 106/203/250 105/204/251
f 272/205/252 362/206/253 279/207/254
f 364/208/255 110/209/256 363/210/257
f 364/208/258 112/211/259 111/212/260
f 233/213/261 277/214/262 274/1/263
f 2/215/264 115/7/265 114/4/266
f 3/216/267 116/217/268 115/7/269
f 230/218/270 121/219/271 229/220/272
f 231/221/273 122/222/274 230/218/275
f 315/223/276 235/224/277 236/225/278
f 381/226/279 125/227/280 380/228/281
f 381/226/282 127/229/283 126/230/284
f 383/231/285 238/232/286 313/233/287
f 401/234/288 130/235/289 129/236/290
f 402/237/291 131/238/292 130/235/293
f 404/239/294 131/238/295 403/240/296
f 405/241/297 132/242/298 404/239/299
f 311/243/300 407/244/301 240/245/302
f 437/39/303 136/246/304 135/247/305
f 439/248/306 136/246/307 438/249/308
f 440/250/309 137/251/310 439/248/311
f 441/252/312 138/253/313 440/250/314
f 309/254/315 443/255/316 242/256/317
f 473/257/318 142/258/319 141/52/320
f 475/259/321 142/258/322 474/260/323
f 476/261/324 143/262/325 475/259/326
f 477/263/327 144/264/328 476/261/329
f 307/265/330 479/266/331 244/267/332
f 510/268/333 147/64/334 509/269/335
f 511/270/336 148/271/337 510/268/338
f 512/272/339 149/273/340 511/270/341
f 513/274/342 150/275/343 512/272/344
f 305/276/345 515/277/346 246/278/347
f 546/279/348 153/76/349 545/280/350
f 547/281/351 154/282/352 546/279/353
f 548/283/354 155/284/355 547/281/356
f 549/285/357 156/286/358 548/283/359
f 303/287/360 551/288/361 248/289/362
f 582/290/363 159/88/364 581/291/365
f 583/292/366 160/293/367 582/290/368
f 584/294/369 161/295/370 583/292/371
f 585/296/372 162/297/373 584/294/374
f 301/298/375 587/299/376 250/300/377
f 618/301/378 165/100/379 617/302/380
f 619/303/381 166/304/382 618/301/383
f 620/305/384 167/306/385 619/303/386
f 621/307/387 168/308/388 620/305/389
f 299/309/390 623/310/391 252/311/392
f 654/312/393 171/313/394 653/314/395
f 655/315/396 172/316/397 654/312/398
f 656/317/399 173/318/400 655/315/401
f 657/319/402 174/320/403 656/317/404
f 297/321/405 659/322/406 254/323/407
f 636/324/408 177/124/409 635/325/410
f 637/326/411 178/327/412 636/324/413
f 638/328/414 179/329/415 637/326/416
f 639/330/417 180/331/418 638/328/419
f 298/332/420 641/333/421 253/334/422
f 600/335/423 183/136/424 599/336/425
f 601/337/426 184/338/427 600/335/428
f 602/339/429 185/340/430 601/337/431
f 603/341/432 186/342/433 602/339/434
f 300/343/435 605/344/436 251/345/437
f 564/346/438 189/148/439 563/347/440
f 565/348/441 190/349/442 564/346/443
f 566/350/444 191/351/445 565/348/446
f 567/352/447 192/353/448 566/350/449
f 302/354/450 569/355/451 249/356/452
f 528/357/453 195/160/454 527/358/455
f 529/359/456 196/360/457 528/357/458
f 530/361/459 197/362/460 529/359/461
f 531/363/462 198/364/463 530/361/464
f 304/365/465 533/366/466 247/367/467
f 492/368/468 201/172/469 491/369/470
f 493/370/471 202/371/472 492/368/473
f 494/372/474 203/373/475 493/370/476
f 495/374/477 204/375/478 494/372/479
f 306/376/480 497/377/481 245/378/482
f 455/183/483 208/379/484 207/380/485
f 457/381/486 208/379/487 456/382/488
f 458/383/489 209/384/490 457/381/491
f 459/385/492 210/386/493 458/383/494
f 308/387/495 461/388/496 243/389/497
f 419/195/498 214/390/499 213/391/500
f 421/392/501 214/390/502 420/393/503
f 422/394/504 215/395/505 421/392/506
f 423/396/507 216/397/508 422/394/509
f 310/398/510 425/399/511 241/400/512
f 395/401/513 221/402/513 394/403/514
f 395/401/515 223/404/516 222/405/517
f 397/406/518 239/407/519 312/408/520
f 367/409/521 225/410/522 366/411/523
f 367/409/524 227/412/525 226/413/526
f 369/414/527 237/415/528 314/416/529
f 118/417/530 229/220/531 117/418/532
f 119/419/533 230/218/534 118/417/535
f 316/420/536 234/421/537 235/224/538
f 117/422/539 3/423/539 118/424/539
f 118/425/540 2/426/540 119/424/540
f 233/427/541 275/428/541 276/429/541
f 120/425/542 113/430/543 232/424/544
f 372/431/545 109/430/546 228/424/547
f 400/431/548 103/430/549 224/424/550
f 427/431/551 97/430/552 218/424/553
f 463/431/554 91/430/555 212/424/556
f 499/431/557 85/430/558 206/424/559
f 535/431/560 79/432/561 200/424/561
f 194/424/562 572/433/563 73/434/562
f 607/431/564 67/430/564 188/424/564
f 182/424/565 644/433/565 61/432/565
f 172/425/566 60/435/566 171/424/566
f 172/424/566 58/436/566 59/437/566
f 174/425/566 58/423/566 173/424/566
f 174/424/566 56/438/566 57/439/566
f 297/440/566 255/441/566 296/442/566
f 176/424/567 662/443/567 55/432/567
f 170/424/568 626/433/568 49/432/568
f 589/431/569 43/434/569 164/424/569
f 553/431/570 37/432/571 158/424/571
f 517/431/560 31/432/560 152/424/560
f 481/431/572 25/432/573 146/424/574
f 445/431/575 19/444/576 140/424/577
f 409/431/578 13/430/579 134/424/580
f 386/431/581 9/444/582 128/424/583
f 232/425/584 5/444/585 124/424/586
f 116/424/587 117/445/588 229/446/589
f 8/424/590 229/447/591 121/448/592
f 112/424/593 366/449/594 225/450/595
f 106/424/596 394/451/597 221/452/598
f 107/424/599 221/453/600 220/454/601
f 108/424/602 220/455/603 219/456/604
f 12/424/605 380/457/606 125/458/607
f 317/459/608 234/431/608 233/427/608
f 235/224/609 318/460/610 319/461/611
f 236/225/612 319/461/613 320/462/614
f 370/463/615 321/464/616 237/415/617
f 238/232/618 385/465/619 322/466/620
f 398/467/621 323/468/622 239/407/623
f 240/245/624 408/469/625 324/470/626
f 241/400/627 426/471/628 325/472/629
f 242/256/630 444/473/631 326/474/632
f 243/389/633 462/475/634 327/476/635
f 244/267/636 480/477/637 328/478/638
f 245/378/639 498/479/640 329/480/641
f 246/278/642 516/481/643 330/482/644
f 247/367/645 534/483/646 331/484/647
f 248/289/648 552/485/649 332/486/650
f 249/356/651 570/487/652 333/488/653
f 250/300/654 588/489/655 334/490/656
f 251/345/657 606/491/658 335/492/659
f 252/311/660 624/493/661 336/494/662
f 253/334/663 642/495/664 337/496/665
f 254/323/666 660/497/667 338/498/668
f 255/441/566 338/428/566 339/499/566
f 663/500/669 255/103/670 339/501/671
f 645/502/672 256/115/673 340/503/674
f 627/504/675 257/91/676 341/505/677
f 609/506/678 258/127/679 342/507/680
f 591/508/681 259/79/682 343/509/683
f 573/510/684 260/139/685 344/511/686
f 555/512/687 261/67/688 345/513/689
f 537/514/690 262/151/691 346/515/692
f 519/516/693 263/55/694 347/517/695
f 501/518/696 264/163/697 348/519/698
f 483/520/699 265/43/700 349/521/701
f 465/522/702 266/175/703 350/523/704
f 447/524/705 267/31/706 351/525/707
f 429/526/708 268/187/709 352/527/710
f 411/528/711 269/19/712 353/529/713
f 354/530/714 389/531/715 270/197/716
f 355/532/717 375/533/718 271/9/719
f 356/534/720 361/535/721 272/205/722
f 358/536/723 273/3/724 357/537/725
f 317/538/726 274/1/727 358/536/728
f 276/429/729 119/425/729 2/539/729
f 276/540/730 114/4/731 277/214/732
f 278/2/733 114/4/734 6/6/735
f 279/207/736 363/210/737 110/209/738
f 280/11/739 377/14/740 10/13/741
f 390/198/742 104/201/743 281/199/744
f 413/541/745 14/22/746 282/18/747
f 431/542/748 98/190/749 283/186/750
f 449/543/751 20/34/752 284/30/753
f 467/544/754 92/178/755 285/174/756
f 485/545/757 26/46/758 286/42/759
f 503/546/760 86/166/761 287/162/762
f 521/547/763 32/58/764 288/54/765
f 539/548/766 80/154/767 289/150/768
f 557/549/769 38/70/770 290/66/771
f 575/550/772 74/142/773 291/138/774
f 593/551/775 44/82/776 292/78/777
f 611/552/778 68/130/779 293/126/780
f 629/553/781 50/94/782 294/90/783
f 647/554/784 62/118/785 295/114/786
f 665/555/787 56/106/788 296/102/789
f 297/440/566 56/556/566 175/424/566
f 658/557/790 175/558/791 657/319/792
f 640/559/793 181/560/794 639/330/795
f 622/561/796 169/562/797 621/307/798
f 604/563/799 187/564/800 603/341/801
f 586/565/802 163/566/803 585/296/804
f 568/567/805 193/568/806 567/352/807
f 550/569/808 157/570/809 549/285/810
f 532/571/811 199/572/812 531/363/813
f 514/573/814 151/574/815 513/274/816
f 496/575/817 205/576/818 495/374/819
f 478/577/820 145/578/821 477/263/822
f 460/579/823 211/580/824 459/385/825
f 442/581/826 139/582/827 441/252/828
f 424/583/829 217/584/830 423/396/831
f 406/585/832 133/586/833 405/241/834
f 397/406/835 223/404/836 396/587/837
f 382/588/838 313/233/839 127/229/840
f 368/589/841 314/416/842 227/412/843
f 231/221/844 315/223/845 123/590/846
f 275/591/847 231/221/848 119/419/849
f 318/440/850 1/592/850 120/424/850
f 319/461/851 120/425/852 232/593/853
f 320/462/854 232/593/855 124/594/856
f 371/595/857 228/596/858 321/464/859
f 385/465/860 128/597/861 322/466/862
f 323/468/863 400/598/864 224/599/865
f 324/470/866 409/600/867 134/601/868
f 325/472/869 427/602/870 218/603/871
f 326/474/872 445/604/873 140/605/874
f 327/476/875 463/606/876 212/607/877
f 328/478/878 481/608/879 146/609/880
f 329/480/881 499/610/882 206/611/883
f 330/482/884 517/612/885 152/613/886
f 331/484/887 535/614/888 200/615/889
f 332/486/890 553/616/891 158/617/892
f 333/488/893 571/618/894 194/619/895
f 334/490/896 589/620/897 164/621/898
f 335/492/899 607/622/900 188/623/901
f 336/494/902 625/624/903 170/625/904
f 337/496/905 643/626/906 182/627/907
f 338/498/908 661/628/909 176/629/910
f 338/428/566 55/630/566 339/499/566
f 662/631/911 339/501/912 55/632/913
f 644/633/914 340/503/915 61/634/916
f 626/635/917 341/505/918 49/636/919
f 608/637/920 342/507/921 67/638/922
f 590/639/923 343/509/924 43/640/925
f 572/641/926 344/511/927 73/642/928
f 554/643/929 345/513/930 37/644/931
f 536/645/932 346/515/933 79/646/934
f 518/647/935 347/517/936 31/648/937
f 500/649/938 348/519/939 85/650/940
f 482/651/941 349/521/942 25/652/943
f 464/653/944 350/523/945 91/654/946
f 446/655/947 351/525/948 19/656/949
f 428/657/950 352/527/951 97/658/952
f 410/659/953 353/529/954 13/660/955
f 387/661/956 354/530/957 103/662/958
f 374/663/959 9/664/960 373/665/961
f 360/666/962 109/667/963 359/668/964
f 113/669/965 357/537/966 5/670/967
f 1/671/968 358/536/969 113/669/970
f 357/537/971 359/668/972 5/670/973
f 360/666/974 273/3/975 361/535/976
f 361/535/977 278/2/978 362/206/979
f 362/206/980 6/6/981 363/210/982
f 7/5/983 363/210/984 6/6/985
f 7/5/986 365/672/987 364/208/988
f 365/431/989 121/673/990 366/449/991
f 122/222/992 366/411/993 121/219/994
f 122/222/995 368/589/996 367/409/997
f 123/590/998 369/414/999 368/589/1000
f 370/463/1001 315/223/1002 236/225/1003
f 371/595/1004 236/225/1005 320/462/1006
f 372/674/1007 320/462/1008 124/594/1009
f 359/433/1010 124/425/1011 5/675/1012
f 356/534/1013 373/665/1014 109/667/1015
f 374/663/1016 272/205/1017 375/533/1018
f 375/533/1019 279/207/1020 376/10/1021
f 376/10/1022 110/209/1023 377/14/1024
f 111/212/1025 377/14/1026 110/209/1027
f 111/212/1028 379/676/1029 378/12/1030
f 379/431/1031 225/677/1032 380/457/1033
f 226/413/1034 380/228/1035 225/410/1036
f 226/413/1037 382/588/1038 381/226/1039
f 227/412/1040 383/231/1041 382/588/1042
f 384/678/1043 314/416/1044 237/415/1045
f 385/465/1046 237/415/1047 321/464/1048
f 386/679/1049 321/464/1050 228/596/1051
f 373/433/1052 228/425/1053 109/680/1054
f 9/664/1055 388/681/1056 387/661/1057
f 389/531/1058 355/532/1059 271/9/1060
f 389/531/1061 280/11/1062 390/198/1063
f 390/198/1064 10/13/1065 391/202/1066
f 11/16/1067 391/202/1068 10/13/1069
f 11/16/1070 393/682/1071 392/200/1072
f 393/431/1073 125/683/1074 394/451/1075
f 126/230/1076 394/403/1077 125/227/1078
f 126/230/1079 396/587/1080 395/401/1081
f 127/229/1082 397/406/1082 396/587/1083
f 398/467/1084 313/233/1085 238/232/1086
f 398/467/1087 322/466/1088 399/684/1089
f 399/684/1090 128/597/1091 400/598/1092
f 387/433/1093 128/425/1094 9/675/1095
f 219/685/1096 402/237/1097 401/234/1098
f 220/686/1099 403/240/1100 402/237/1101
f 222/405/1102 403/240/1103 221/402/1104
f 223/404/1105 404/239/1106 222/405/1107
f 312/408/1108 405/241/834 223/404/1109
f 406/585/1110 239/407/1111 407/244/1112
f 407/244/1113 323/468/1114 408/469/1115
f 408/469/1116 224/599/1117 409/600/1118
f 410/433/1119 224/425/1120 103/675/1121
f 103/662/1122 411/528/1123 410/659/1124
f 412/17/1125 354/530/1126 270/197/1127
f 413/541/1128 270/197/1129 281/199/1130
f 414/20/1131 281/199/1132 104/201/1133
f 104/201/1134 415/23/1135 414/20/1136
f 105/204/1137 416/26/1138 415/23/1139
f 107/687/1140 416/26/1141 106/203/1142
f 108/688/1143 417/25/1144 107/687/1145
f 129/236/1146 420/393/1147 419/195/1148
f 131/238/1149 420/393/1150 130/235/1151
f 132/242/1152 421/392/1153 131/238/1154
f 133/586/1155 422/394/1156 132/242/1157
f 311/243/1158 423/396/1159 133/586/1160
f 424/583/1161 240/245/1162 425/399/1163
f 425/399/1164 324/470/1165 426/471/1166
f 426/471/1167 134/601/1168 427/602/1169
f 428/433/1170 134/425/1171 13/675/1172
f 13/660/1173 429/526/1174 428/657/1175
f 430/185/1176 353/529/1177 269/19/1178
f 431/542/1179 269/19/1180 282/18/1181
f 432/188/1182 282/18/1183 14/22/1184
f 14/22/1185 433/191/1186 432/188/1187
f 15/21/1188 434/193/1189 433/191/235
f 16/24/1190 435/196/1191 434/193/238
f 18/236/1192 435/196/243 17/28/1193
f 213/391/500 438/249/1194 437/39/1195
f 215/395/1196 438/249/1197 214/390/1198
f 216/397/1199 439/248/1200 215/395/1201
f 217/584/1202 440/250/1203 216/397/1204
f 310/398/1205 441/252/1206 217/584/1207
f 442/581/1208 241/400/1209 443/255/1210
f 443/255/1211 325/472/1212 444/473/1213
f 444/473/1214 218/603/1215 445/604/1216
f 446/433/1217 218/425/1218 97/680/1219
f 97/658/1220 447/524/1221 446/655/1222
f 448/29/1223 352/527/1224 268/187/1225
f 449/543/1226 268/187/1227 283/186/1228
f 450/32/1229 283/186/1230 98/190/1231
f 98/190/1232 451/35/1233 450/32/1234
f 99/189/1235 452/37/1236 451/35/40
f 100/192/1237 453/40/1238 452/37/43
f 102/391/1239 453/40/48 101/194/1240
f 135/247/1241 456/382/1242 455/183/483
f 137/251/1243 456/382/488 136/246/1244
f 138/253/1245 457/381/491 137/251/1246
f 139/582/1247 458/383/1248 138/253/1249
f 309/254/1250 459/385/825 139/582/1251
f 460/579/1252 242/256/1253 461/388/496
f 461/388/1254 326/474/1255 462/475/1256
f 462/475/1257 140/605/1258 463/606/1259
f 464/433/1260 140/425/1261 19/675/1262
f 19/656/1263 465/522/1264 464/653/1265
f 466/173/1266 351/525/1267 267/31/1268
f 467/544/1269 267/31/1270 284/30/1271
f 468/176/1272 284/30/1273 20/34/1274
f 20/34/1275 469/179/1276 468/176/1277
f 21/33/1278 470/181/1279 469/179/220
f 22/36/1280 471/184/1281 470/181/223
f 24/247/1282 471/184/228 23/38/1283
f 207/380/485 474/260/1284 473/257/318
f 209/384/1285 474/260/323 208/379/487
f 210/386/1286 475/259/326 209/384/490
f 211/580/1287 476/261/329 210/386/1288
f 308/387/1289 477/263/1290 211/580/824
f 478/577/1291 243/389/497 479/266/331
f 479/266/1292 327/476/1293 480/477/1294
f 480/477/1295 212/607/1296 481/608/1297
f 482/433/1298 212/425/1299 91/680/1300
f 91/654/1301 483/520/1302 482/651/1303
f 484/41/1304 350/523/1305 266/175/1306
f 485/545/1307 266/175/216 285/174/215
f 486/44/1308 285/174/756 92/178/755
f 92/178/1309 487/47/1310 486/44/52
f 93/177/1311 488/49/1312 487/47/55
f 94/180/1313 489/51/1314 488/49/58
f 96/380/1315 489/51/61 95/182/227
f 141/52/1316 492/368/1317 491/369/1318
f 143/262/1319 492/368/1320 142/258/1321
f 144/264/1322 493/370/1323 143/262/1324
f 145/578/1325 494/372/1326 144/264/1327
f 307/265/1328 495/374/1329 145/578/1330
f 496/575/1331 244/267/1332 497/377/1333
f 497/377/1334 328/478/1335 498/479/1336
f 498/479/1337 146/609/1338 499/610/1339
f 500/433/1340 146/425/574 25/675/573
f 25/652/1341 501/518/1342 500/649/1343
f 502/161/1344 349/521/1345 265/43/1346
f 503/546/1347 265/43/1348 286/42/1349
f 504/164/1350 286/42/1351 26/46/1352
f 26/46/1353 505/167/1354 504/164/1355
f 27/45/1356 506/169/1357 505/167/1358
f 28/48/1359 507/171/1360 506/169/1361
f 30/52/1362 507/171/1363 29/50/1364
f 202/371/1365 509/269/1366 201/172/1367
f 203/373/1368 510/268/1369 202/371/1370
f 204/375/1371 511/270/1372 203/373/1373
f 205/576/1374 512/272/1375 204/375/1376
f 306/376/1377 513/274/1378 205/576/1379
f 514/573/1380 245/378/482 515/277/1381
f 515/277/1382 329/480/1383 516/481/1384
f 516/481/1385 206/611/883 517/612/1386
f 518/433/560 206/425/559 85/680/558
f 85/650/940 519/516/1387 518/647/1388
f 520/53/1389 348/519/1390 264/163/1391
f 521/547/1392 264/163/201 287/162/200
f 522/56/1393 287/162/1394 86/166/1395
f 86/166/1396 523/59/1397 522/56/1398
f 87/165/1399 524/61/1400 523/59/1401
f 88/168/1402 525/63/1403 524/61/1404
f 89/170/1405 526/269/1406 525/63/1407
f 148/271/1408 527/358/455 147/64/334
f 149/273/1409 528/357/458 148/271/337
f 150/275/1410 529/359/461 149/273/340
f 151/574/1411 530/361/464 150/275/343
f 305/276/1412 531/363/813 151/574/815
f 532/571/1413 246/278/347 533/366/466
f 533/366/1414 330/482/1415 534/483/1416
f 534/483/1417 152/613/886 535/614/888
f 535/431/560 31/680/560 536/433/560
f 31/648/1418 537/514/1419 536/645/932
f 538/149/1420 347/517/1421 263/55/1422
f 539/548/1423 263/55/66 288/54/65
f 540/152/1424 288/54/765 32/58/764
f 32/58/69 541/155/1425 540/152/187
f 33/57/72 542/157/1426 541/155/190
f 34/60/75 543/159/1427 542/157/193
f 35/62/78 544/358/1428 543/159/196
f 196/360/1429 545/280/350 195/160/454
f 197/362/1430 546/279/353 196/360/457
f 198/364/1431 547/281/356 197/362/460
f 199/572/1432 548/283/359 198/364/463
f 304/365/1433 549/285/810 199/572/812
f 550/569/1434 247/367/467 551/288/361
f 551/288/1435 331/484/1436 552/485/1437
f 552/485/1438 200/615/889 553/616/891
f 553/431/570 79/680/561 554/433/570
f 79/646/934 555/512/1439 554/643/929
f 556/65/1440 346/515/1441 262/151/1442
f 557/549/1443 262/151/186 289/150/185
f 558/68/1444 289/150/768 80/154/767
f 80/154/189 559/71/1445 558/68/82
f 81/153/192 560/73/1446 559/71/85
f 82/156/195 561/75/1447 560/73/88
f 83/158/198 562/280/1448 561/75/91
f 154/282/1449 563/347/440 153/76/349
f 155/284/1450 564/346/443 154/282/352
f 156/286/1451 565/348/446 155/284/355
f 157/570/1452 566/350/449 156/286/358
f 303/287/1453 567/352/807 157/570/809
f 568/567/1454 248/289/362 569/355/451
f 569/355/1455 332/486/1456 570/487/1457
f 570/487/1458 158/617/892 571/618/894
f 571/431/563 37/675/571 572/433/563
f 37/644/931 573/510/1459 572/641/926
f 574/137/1460 345/513/1461 261/67/1462
f 575/550/1463 261/67/81 290/66/80
f 576/140/1464 290/66/771 38/70/770
f 38/70/84 577/143/1465 576/140/172
f 39/69/87 578/145/1466 577/143/175
f 40/72/90 579/147/1467 578/145/178
f 41/74/93 580/347/1468 579/147/181
f 190/349/1469 581/291/365 189/148/439
f 191/351/1470 582/290/368 190/349/442
f 192/353/1471 583/292/371 191/351/445
f 193/568/1472 584/294/374 192/353/448
f 302/354/1473 585/296/804 193/568/806
f 586/565/1474 249/356/452 587/299/376
f 587/299/1475 333/488/1476 588/489/1477
f 588/489/1478 194/619/895 589/620/897
f 590/433/569 194/425/562 73/675/562
f 73/642/928 591/508/1479 590/639/923
f 592/77/1480 344/511/1481 260/139/1482
f 593/551/1483 260/139/171 291/138/170
f 594/80/1484 291/138/774 74/142/773
f 74/142/174 595/83/1485 594/80/97
f 75/141/177 596/85/1486 595/83/100
f 76/144/180 597/87/1487 596/85/103
f 77/146/183 598/291/1488 597/87/106
f 160/293/1489 599/336/425 159/88/364
f 161/295/1490 600/335/428 160/293/367
f 162/297/1491 601/337/431 161/295/370
f 163/566/1492 602/339/434 162/297/373
f 301/298/1493 603/341/801 163/566/803
f 604/563/1494 250/300/377 605/344/436
f 605/344/1495 334/490/1496 606/491/1497
f 606/491/1498 164/621/898 607/622/900
f 607/431/564 43/675/564 608/433/564
f 43/640/925 609/506/1499 608/637/920
f 610/125/1500 343/509/1501 259/79/1502
f 611/552/1503 259/79/96 292/78/95
f 612/128/1504 292/78/777 44/82/776
f 44/82/99 613/131/1505 612/128/157
f 45/81/102 614/133/1506 613/131/160
f 46/84/105 615/135/1507 614/133/163
f 47/86/108 616/336/1508 615/135/166
f 184/338/1509 617/302/380 183/136/424
f 185/340/1510 618/301/383 184/338/427
f 186/342/1511 619/303/386 185/340/430
f 187/564/1512 620/305/389 186/342/433
f 300/343/1513 621/307/798 187/564/800
f 622/561/1514 251/345/437 623/310/391
f 623/310/1515 335/492/1516 624/493/1517
f 624/493/1518 188/623/901 625/624/903
f 625/431/568 67/680/568 626/433/568
f 67/638/922 627/504/1519 626/635/917
f 628/89/1520 342/507/1521 258/127/1522
f 629/553/1523 258/127/156 293/126/155
f 630/92/1524 293/126/780 68/130/779
f 68/130/159 631/95/1525 630/92/112
f 69/129/162 632/97/1526 631/95/115
f 70/132/165 633/99/1527 632/97/118
f 71/134/168 634/302/1528 633/99/121
f 166/304/1529 635/325/410 165/100/379
f 167/306/1530 636/324/413 166/304/382
f 168/308/1531 637/326/416 167/306/385
f 169/562/1532 638/328/419 168/308/388
f 299/309/1533 639/330/795 169/562/797
f 640/559/1534 252/311/392 641/333/421
f 641/333/1535 336/494/662 642/495/664
f 642/495/1536 170/625/904 643/626/906
f 643/431/565 49/680/565 644/433/565
f 49/636/1537 645/502/1538 644/633/914
f 646/113/1539 341/505/1540 257/91/1541
f 647/554/1542 257/91/111 294/90/110
f 648/116/1543 294/90/783 50/94/782
f 50/94/114 649/119/1544 648/116/142
f 51/93/117 650/121/1545 649/119/145
f 52/96/120 651/123/1546 650/121/148
f 53/98/123 652/325/1547 651/123/151
f 178/327/1548 653/314/395 177/124/409
f 179/329/1549 654/312/398 178/327/412
f 180/331/1550 655/315/401 179/329/415
f 181/560/1551 656/317/404 180/331/418
f 298/332/1552 657/319/792 181/560/794
f 658/557/1553 253/334/422 659/322/406
f 659/322/1554 337/496/665 660/497/667
f 660/497/1555 182/627/1556 661/628/909
f 662/443/567 182/425/567 61/680/567
f 61/634/1557 663/500/1558 662/631/911
f 664/101/1559 340/503/674 256/115/673
f 665/555/1560 256/115/141 295/114/140
f 666/104/1561 295/114/786 62/118/785
f 62/118/144 667/107/1562 666/104/127
f 63/117/147 668/109/1563 667/107/130
f 64/120/150 669/111/1564 668/109/133
f 65/122/153 670/689/1565 669/111/136
f 916/2/1566 912/1/1567 911/3/1568
f 768/4/1569 677/5/1570 769/7/1571
f 769/7/1572 678/8/1573 770/217/1574
f 909/9/1575 1014/10/1576 1013/533/1577
f 680/13/1578 1016/12/1579 1015/14/1580
f 1016/12/1581 682/15/1582 1017/676/1583
f 920/18/1584 1049/17/1585 907/19/1586
f 1051/20/1587 685/21/1588 1052/23/1589
f 1052/23/1590 686/24/1591 1053/26/1592
f 686/24/1593 1054/25/1594 1053/26/1595
f 687/28/1596 418/27/1597 1054/25/1598
f 922/30/1599 1081/29/1600 905/31/1601
f 1083/32/1602 690/33/1603 1084/35/1604
f 1084/35/1605 691/36/1606 1085/37/1607
f 1085/37/1608 692/38/1609 1086/40/1610
f 692/38/1611 454/39/1612 1086/40/1613
f 924/42/1614 1113/41/1615 903/43/1616
f 1115/44/1617 695/45/1618 1116/47/1619
f 1116/47/1620 696/48/1621 1117/49/1622
f 1117/49/1623 697/50/1624 1118/51/1625
f 1118/51/1626 30/52/1627 490/257/1628
f 926/54/1629 1145/53/1630 901/55/1631
f 1147/56/1632 700/57/1633 1148/59/1634
f 1148/59/1635 701/60/1636 1149/61/1637
f 1149/61/1638 702/62/1639 1150/63/1640
f 1150/63/1641 36/64/1642 526/269/1643
f 928/66/1644 1177/65/1645 899/67/1646
f 1179/68/1647 705/69/1648 1180/71/1649
f 1180/71/1650 706/72/1651 1181/73/1652
f 1181/73/1653 707/74/1654 1182/75/1655
f 1182/75/1656 42/76/1657 562/280/1658
f 930/78/1659 1209/77/1660 897/79/1661
f 1211/80/1662 710/81/1663 1212/83/1664
f 1212/83/1665 711/84/1666 1213/85/1667
f 1213/85/1668 712/86/1669 1214/87/1670
f 1214/87/1671 48/88/1672 598/291/1673
f 932/90/1674 1241/89/1675 895/91/1676
f 1243/92/1677 715/93/1678 1244/95/1679
f 1244/95/1680 716/96/1681 1245/97/1682
f 1245/97/1683 717/98/1684 1246/99/1685
f 1246/99/1686 54/100/1687 634/302/1688
f 934/102/1689 1273/101/1690 893/103/1691
f 1275/104/1692 720/105/1693 1276/107/1694
f 1276/107/1695 721/108/1696 1277/109/1697
f 1277/109/1698 722/110/1699 1278/111/1700
f 1278/111/1701 60/112/1702 670/689/1703
f 933/114/1704 1257/113/1705 894/115/1706
f 1259/116/1707 725/117/1708 1260/119/1709
f 1260/119/1710 726/120/1711 1261/121/1712
f 1261/121/1713 727/122/1714 1262/123/1715
f 1262/123/1716 66/124/1717 652/325/1718
f 931/126/1719 1225/125/1720 896/127/1721
f 1227/128/1722 730/129/1723 1228/131/1724
f 1228/131/1725 731/132/1726 1229/133/1727
f 1229/133/1728 732/134/1729 1230/135/1730
f 1230/135/1731 72/136/1732 616/336/1733
f 929/138/1734 1193/137/1735 898/139/1736
f 1195/140/1737 735/141/1738 1196/143/1739
f 1196/143/1740 736/144/1741 1197/145/1742
f 1197/145/1743 737/146/1744 1198/147/1745
f 1198/147/1746 78/148/1747 580/347/1748
f 927/150/1749 1161/149/1750 900/151/1751
f 1163/152/1752 740/153/1753 1164/155/1754
f 1164/155/1755 741/156/1756 1165/157/1757
f 1165/157/1758 742/158/1759 1166/159/1760
f 1166/159/1761 84/160/1762 544/358/1763
f 925/162/1764 1129/161/1765 902/163/1766
f 1131/164/1767 745/165/1768 1132/167/1769
f 1132/167/1770 746/168/1771 1133/169/1772
f 1133/169/1773 747/170/1774 1134/171/1775
f 1134/171/1776 90/172/1777 508/369/1778
f 923/174/1779 1097/173/1780 904/175/1781
f 1099/176/1782 750/177/1783 1100/179/1784
f 1100/179/1785 751/180/1786 1101/181/1787
f 1101/181/1788 752/182/1789 1102/184/1790
f 752/182/1791 472/183/1792 1102/184/1793
f 921/186/1794 1065/185/1795 906/187/1796
f 1067/188/1797 755/189/1798 1068/191/1799
f 1068/191/1800 756/192/1801 1069/193/1802
f 1069/193/1803 757/194/1804 1070/196/1805
f 757/194/1806 436/195/1807 1070/196/1808
f 908/197/1809 1028/198/1810 1027/531/1811
f 759/201/1812 1030/200/1813 1029/202/1814
f 1030/200/1815 761/203/1815 1031/682/1815
f 910/205/1816 1000/206/1817 999/535/1818
f 764/209/1819 1002/208/1820 1001/210/1821
f 1002/208/1822 766/211/1823 1003/672/1824
f 915/214/1825 871/213/1826 912/1/1827
f 672/215/1828 769/7/1829 673/216/1830
f 673/216/1831 770/217/1832 674/690/1833
f 775/219/1834 868/218/1835 867/220/1836
f 776/222/1837 869/221/1838 868/218/1839
f 953/223/1840 873/224/1841 954/420/1842
f 779/227/1843 1019/226/1844 1018/228/1845
f 1019/226/1846 781/229/1847 1020/588/1848
f 876/232/1849 1021/231/1850 951/233/1851
f 401/234/1852 783/235/1853 1039/237/1854
f 1039/237/1855 784/238/1856 1040/240/1857
f 784/238/1858 1041/239/1859 1040/240/1860
f 785/242/1861 1042/241/1862 1041/239/1863
f 949/243/1864 1044/244/1865 1043/585/1866
f 437/39/1867 788/246/1868 1071/249/1869
f 788/246/1870 1072/248/1871 1071/249/1872
f 789/251/1873 1073/250/1874 1072/248/1875
f 790/253/1876 1074/252/1877 1073/250/1878
f 947/254/1879 1076/255/1880 1075/581/1881
f 473/257/1882 793/258/1883 1103/260/1884
f 793/258/1885 1104/259/1886 1103/260/1887
f 794/262/1888 1105/261/1889 1104/259/1890
f 795/264/1891 1106/263/1892 1105/261/1893
f 945/265/1894 1108/266/1895 1107/577/1896
f 147/64/1897 1135/268/1898 509/269/1899
f 798/271/1900 1136/270/1901 1135/268/1902
f 799/273/1903 1137/272/1904 1136/270/1905
f 800/275/1906 1138/274/1907 1137/272/1908
f 943/276/1909 1140/277/1910 1139/573/1911
f 153/76/1912 1167/279/1913 545/280/1914
f 803/282/1915 1168/281/1916 1167/279/1917
f 804/284/1918 1169/283/1919 1168/281/1920
f 805/286/1921 1170/285/1922 1169/283/1923
f 941/287/1924 1172/288/1925 1171/569/1926
f 159/88/1927 1199/290/1928 581/291/1929
f 808/293/1930 1200/292/1931 1199/290/1932
f 809/295/1933 1201/294/1934 1200/292/1935
f 810/297/1936 1202/296/1937 1201/294/1938
f 939/298/1939 1204/299/1940 1203/565/1941
f 165/100/1942 1231/301/1943 617/302/1944
f 813/304/1945 1232/303/1946 1231/301/1947
f 814/306/1948 1233/305/1949 1232/303/1950
f 815/308/1951 1234/307/1952 1233/305/1953
f 937/309/1954 1236/310/1955 1235/561/1956
f 171/313/1957 1263/312/1958 653/314/1959
f 818/316/1960 1264/315/1961 1263/312/1962
f 819/318/1963 1265/317/1964 1264/315/1965
f 820/320/1966 1266/319/1967 1265/317/1968
f 935/321/1969 1268/322/1970 1267/557/1971
f 177/124/1972 1247/324/1973 635/325/1974
f 823/327/1975 1248/326/1976 1247/324/1977
f 824/329/1978 1249/328/1979 1248/326/1980
f 825/331/1981 1250/330/1982 1249/328/1983
f 936/332/1984 1252/333/1985 1251/559/1986
f 183/136/1987 1215/335/1988 599/336/1989
f 828/338/1990 1216/337/1991 1215/335/1992
f 829/340/1993 1217/339/1994 1216/337/1995
f 830/342/1996 1218/341/1997 1217/339/1998
f 938/343/1999 1220/344/2000 1219/563/2001
f 189/148/2002 1183/346/2003 563/347/2004
f 833/349/2005 1184/348/2006 1183/346/2007
f 834/351/2008 1185/350/2009 1184/348/2010
f 835/353/2011 1186/352/2012 1185/350/2013
f 940/354/2014 1188/355/2015 1187/567/2016
f 195/160/2017 1151/357/2018 527/358/2019
f 838/360/2020 1152/359/2021 1151/357/2022
f 839/362/2023 1153/361/2024 1152/359/2025
f 840/364/2026 1154/363/2027 1153/361/2028
f 942/365/2029 1156/366/2030 1155/571/2031
f 201/172/2032 1119/368/2033 491/369/2034
f 843/371/2035 1120/370/2036 1119/368/2037
f 844/373/2038 1121/372/2039 1120/370/2040
f 845/375/2041 1122/374/2042 1121/372/2043
f 944/376/2044 1124/377/2045 1123/575/2046
f 455/183/2047 848/379/2048 1087/382/2049
f 848/379/2050 1088/381/2051 1087/382/2052
f 849/384/2053 1089/383/2054 1088/381/2055
f 850/386/2056 1090/385/2057 1089/383/2058
f 946/387/2059 1092/388/2060 1091/579/2061
f 419/195/2062 853/390/2063 1055/393/2064
f 853/390/2065 1056/392/2066 1055/393/2067
f 854/395/2068 1057/394/2069 1056/392/2070
f 855/397/2071 1058/396/2072 1057/394/2073
f 948/398/2074 1060/399/2075 1059/583/2076
f 859/402/2077 1033/401/2077 1032/403/2078
f 1033/401/2079 861/404/2080 1034/587/2081
f 877/407/2082 1035/406/2083 950/408/2084
f 863/410/2085 1005/409/2086 1004/411/2087
f 1005/409/2088 865/412/2089 1006/589/2090
f 875/415/2091 1007/414/2092 952/416/2093
f 867/220/2094 772/417/2095 771/418/2096
f 868/218/2097 773/419/2098 772/417/2099
f 954/420/2100 872/421/2101 913/591/2102
f 673/423/2103 771/422/2103 772/424/2103
f 672/426/2104 772/425/2104 773/424/2104
f 871/427/2105 913/428/2105 872/431/2105
f 767/430/2106 774/425/2107 870/424/2108
f 763/430/2109 1010/431/2110 866/424/2111
f 758/430/2112 1038/431/2113 862/424/2114
f 753/430/2115 1062/431/2116 857/424/2117
f 748/430/2118 1094/431/2119 852/424/2120
f 743/430/2121 1126/431/2122 847/424/2123
f 738/432/2124 1158/431/2125 842/424/2124
f 837/424/2126 1191/433/2127 1190/431/2127
f 728/430/2128 1222/431/2128 832/424/2128
f 723/432/2129 1254/431/2129 827/424/2129
f 60/435/566 818/425/566 171/424/566
f 818/424/566 721/436/566 819/425/566
f 721/423/566 820/425/566 819/424/566
f 820/424/566 719/438/566 821/425/566
f 893/441/566 935/440/566 934/442/566
f 822/424/2130 1271/443/2130 1270/691/2130
f 817/424/2131 1239/433/2131 1238/431/2131
f 708/434/2132 1206/431/2132 812/424/2132
f 703/432/2133 1174/431/2134 807/424/2133
f 698/432/2125 1142/431/2125 802/424/2125
f 693/432/2135 1110/431/2136 797/424/2137
f 688/444/2138 1078/431/2139 792/424/2140
f 683/430/2141 1046/431/2142 787/424/2143
f 679/444/2144 1024/431/2145 782/424/2146
f 675/444/2147 870/425/2148 778/424/2149
f 770/424/2150 771/445/2151 674/425/2152
f 678/424/2153 867/447/2154 770/425/2155
f 766/424/2156 1004/449/2157 1003/431/2158
f 761/424/2159 1032/451/2160 1031/431/2161
f 762/424/2162 859/453/2163 761/425/2164
f 108/424/2165 858/455/2166 762/425/2167
f 682/424/2168 1018/457/2169 1017/431/2170
f 955/459/2171 872/431/2171 956/440/2171
f 873/224/2172 956/460/2173 872/421/2174
f 874/225/2175 957/461/2176 873/224/2177
f 959/464/2178 1008/463/2179 875/415/2180
f 876/232/2181 1023/465/2182 1022/678/2183
f 961/468/2184 1036/467/2185 877/407/2186
f 878/245/2187 1045/469/2188 1044/244/2189
f 879/400/2190 1061/471/2191 1060/399/2192
f 880/256/2193 1077/473/2194 1076/255/2195
f 881/389/2196 1093/475/2197 1092/388/2198
f 882/267/2199 1109/477/2200 1108/266/2201
f 883/378/2202 1125/479/2203 1124/377/2204
f 884/278/2205 1141/481/2206 1140/277/2207
f 885/367/2208 1157/483/2209 1156/366/2210
f 886/289/2211 1173/485/2212 1172/288/2213
f 887/356/2214 1189/487/2215 1188/355/2216
f 888/300/2217 1205/489/2218 1204/299/2219
f 889/345/2220 1221/491/2221 1220/344/2222
f 890/311/2223 1237/493/2224 1236/310/2225
f 891/334/2226 1253/495/2227 1252/333/2228
f 892/323/2229 1269/497/2230 1268/322/2231
f 893/441/566 976/428/566 892/431/566
f 893/103/2232 1272/500/2233 977/501/2234
f 894/115/2235 1256/502/2236 978/503/2237
f 895/91/2238 1240/504/2239 979/505/2240
f 896/127/2241 1224/506/2242 980/507/2243
f 897/79/2244 1208/508/2245 981/509/2246
f 898/139/2247 1192/510/2248 982/511/2249
f 899/67/2250 1176/512/2251 983/513/2252
f 900/151/2253 1160/514/2254 984/515/2255
f 901/55/2256 1144/516/2257 985/517/2258
f 902/163/2259 1128/518/2260 986/519/2261
f 903/43/2262 1112/520/2263 987/521/2264
f 904/175/2265 1096/522/2266 988/523/2267
f 905/31/2268 1080/524/2269 989/525/2270
f 906/187/2271 1064/526/2272 990/527/2273
f 907/19/2274 1048/528/2275 991/529/2276
f 992/530/2277 1027/531/2278 1026/681/2279
f 993/532/2280 1013/533/2281 1012/663/2282
f 994/534/2283 999/535/2284 998/666/2285
f 911/3/2286 996/536/2287 995/537/2288
f 912/1/2289 955/538/2290 996/536/2291
f 914/429/2292 773/425/2292 913/428/2292
f 768/4/2293 914/540/2294 915/214/2295
f 916/2/2296 768/4/2297 915/214/2298
f 917/207/2299 1001/210/2300 1000/206/2301
f 918/11/2302 1015/14/2303 1014/10/2304
f 759/201/2305 1028/198/2306 919/199/2307
f 684/22/2308 1050/541/2309 920/18/2310
f 754/190/2311 1066/542/2312 921/186/2313
f 689/34/2314 1082/543/2315 922/30/2316
f 749/178/2317 1098/544/2318 923/174/2319
f 694/46/2320 1114/545/2321 924/42/2322
f 744/166/2323 1130/546/2324 925/162/2325
f 699/58/2326 1146/547/2327 926/54/2328
f 739/154/2329 1162/548/2330 927/150/2331
f 704/70/2332 1178/549/2333 928/66/2334
f 734/142/2335 1194/550/2336 929/138/2337
f 709/82/2338 1210/551/2339 930/78/2340
f 729/130/2341 1226/552/2342 931/126/2343
f 714/94/2344 1242/553/2345 932/90/2346
f 724/118/2347 1258/554/2348 933/114/2349
f 719/106/2350 1274/555/2351 934/102/2352
f 719/556/566 935/440/566 821/424/566
f 821/558/2353 1267/557/2354 1266/319/2355
f 826/560/2356 1251/559/2357 1250/330/2358
f 816/562/2359 1235/561/2360 1234/307/2361
f 831/564/2362 1219/563/2363 1218/341/2364
f 811/566/2365 1203/565/2366 1202/296/2367
f 836/568/2368 1187/567/2369 1186/352/2370
f 806/570/2371 1171/569/2372 1170/285/2373
f 841/572/2374 1155/571/2375 1154/363/2376
f 801/574/2377 1139/573/2378 1138/274/2379
f 846/576/2380 1123/575/2381 1122/374/2382
f 796/578/2383 1107/577/2384 1106/263/2385
f 851/580/2386 1091/579/2387 1090/385/2388
f 791/582/2389 1075/581/2390 1074/252/2391
f 856/584/2392 1059/583/2393 1058/396/2394
f 786/586/2395 1043/585/2396 1042/241/2397
f 861/404/2398 1035/406/2399 1034/587/2400
f 1020/588/2401 951/233/2402 1021/231/2403
f 1006/589/2404 952/416/2405 1007/414/2406
f 869/221/2407 953/223/2408 954/420/2409
f 869/221/2410 913/591/2411 773/419/2412
f 671/592/2413 956/440/2413 774/424/2413
f 957/461/2414 774/425/2415 956/460/2416
f 958/462/2417 870/593/2418 957/461/2419
f 866/596/2420 1009/595/2421 959/464/2422
f 782/597/2423 1023/465/2424 960/466/2425
f 961/468/2426 1038/598/2427 1037/684/2428
f 962/470/2429 1046/600/2430 1045/469/2431
f 963/472/2432 1062/602/2433 1061/471/2434
f 964/474/2435 1078/604/2436 1077/473/2437
f 965/476/2438 1094/606/2439 1093/475/2440
f 966/478/2441 1110/608/2442 1109/477/2443
f 967/480/2444 1126/610/2445 1125/479/2446
f 968/482/2447 1142/612/2448 1141/481/2449
f 969/484/2450 1158/614/2451 1157/483/2452
f 970/486/2453 1174/616/2454 1173/485/2455
f 971/488/2456 1190/618/2457 1189/487/2458
f 972/490/2459 1206/620/2460 1205/489/2461
f 973/492/2462 1222/622/2463 1221/491/2464
f 974/494/2465 1238/624/2466 1237/493/2467
f 975/496/2468 1254/626/2469 1253/495/2470
f 976/498/2471 1270/628/2472 1269/497/2473
f 718/630/566 976/428/566 977/499/566
f 1271/631/2474 977/501/2475 1272/500/2476
f 1255/633/2477 978/503/2478 1256/502/2479
f 1239/635/2480 979/505/2481 1240/504/2482
f 1223/637/2483 980/507/2484 1224/506/2485
f 1207/639/2486 981/509/2487 1208/508/2488
f 1191/641/2489 982/511/2490 1192/510/2491
f 1175/643/2492 983/513/2493 1176/512/2494
f 1159/645/2495 984/515/2496 1160/514/2497
f 1143/647/2498 985/517/2499 1144/516/2500
f 1127/649/2501 986/519/2502 1128/518/2503
f 1111/651/2504 987/521/2505 1112/520/2506
f 1095/653/2507 988/523/2508 1096/522/2509
f 1079/655/2510 989/525/2511 1080/524/2512
f 1063/657/2513 990/527/2514 1064/526/2515
f 1047/659/2516 991/529/2517 1048/528/2518
f 1025/661/2519 992/530/2520 1026/681/2521
f 679/664/2522 1012/663/2523 1011/665/2524
f 763/667/2525 998/666/2526 997/668/2527
f 767/669/2528 995/537/2529 996/536/2530
f 671/671/2531 996/536/2532 955/538/2533
f 997/668/2534 995/537/2535 675/670/2536
f 911/3/2537 998/666/2538 999/535/2539
f 916/2/2540 999/535/2541 1000/206/2542
f 676/6/2543 1000/206/2544 1001/210/2545
f 1001/210/2546 677/5/2547 676/6/2548
f 677/5/2549 1003/672/2550 678/8/2551
f 775/673/2552 1003/431/2553 1004/449/2554
f 1004/411/2555 776/222/2556 775/219/2557
f 776/222/2558 1006/589/2559 777/590/2560
f 777/590/2561 1007/414/2562 953/223/2563
f 1008/463/2564 953/223/2565 1007/414/2566
f 1009/595/2567 874/225/2568 1008/463/2569
f 1010/674/2570 958/462/2571 1009/595/2572
f 997/433/2573 778/425/2574 1010/431/2575
f 1011/665/2576 994/534/2577 763/667/2578
f 910/205/2579 1012/663/2580 1013/533/2581
f 917/207/2582 1013/533/2583 1014/10/2584
f 764/209/2585 1014/10/2586 1015/14/2587
f 1015/14/2588 765/212/2589 764/209/2590
f 765/212/2591 1017/676/2592 766/211/2593
f 863/677/2594 1017/431/2595 1018/457/2596
f 1018/228/2597 864/413/2598 863/410/2599
f 864/413/2600 1020/588/2601 865/412/2602
f 865/412/2603 1021/231/2604 952/416/2605
f 1022/678/2606 952/416/2607 1021/231/2608
f 1023/465/2609 875/415/2610 1022/678/2611
f 1024/679/2612 959/464/2613 1023/465/2614
f 1011/433/2615 866/425/2616 1024/431/2617
f 679/664/2618 1026/681/2619 993/532/2620
f 1027/531/2621 993/532/2622 1026/681/2623
f 918/11/2624 1027/531/2625 1028/198/2626
f 680/13/2627 1028/198/2628 1029/202/2629
f 1029/202/2630 681/16/2631 680/13/2632
f 681/16/2633 1031/682/2634 682/15/2635
f 779/683/2636 1031/431/2637 1032/451/2638
f 1032/403/2639 780/230/2640 779/227/2641
f 780/230/2642 1034/587/2643 781/229/2644
f 781/229/2645 1035/406/2645 951/233/2646
f 1036/467/2647 951/233/2648 1035/406/2649
f 960/466/2650 1036/467/2651 1037/684/2652
f 782/597/2653 1037/684/2654 1038/598/2655
f 1025/433/2656 782/425/2657 1038/431/2658
f 219/685/2659 1039/237/2660 858/686/2661
f 858/686/2662 1040/240/2663 859/402/2664
f 1040/240/2665 860/405/2666 859/402/2667
f 1041/239/2668 861/404/2669 860/405/2670
f 1042/241/2397 950/408/2671 861/404/2672
f 877/407/2673 1043/585/2674 1044/244/2675
f 961/468/2676 1044/244/2677 1045/469/2678
f 862/599/2679 1045/469/2680 1046/600/2681
f 1047/433/2682 862/425/2683 1046/431/2684
f 758/662/2685 1048/528/2686 992/530/2687
f 1049/17/2688 992/530/2689 1048/528/2690
f 1050/541/2691 908/197/2692 1049/17/2693
f 1051/20/2694 919/199/2695 1050/541/2309
f 759/201/2696 1052/23/2697 760/204/2698
f 760/204/2699 1053/26/2700 761/203/2701
f 1053/26/2702 762/687/2703 761/203/2704
f 1054/25/2705 108/688/2706 762/687/2707
f 129/236/2708 1055/393/2709 783/235/2710
f 1055/393/2711 784/238/2712 783/235/2713
f 1056/392/2714 785/242/2715 784/238/2716
f 1057/394/2717 786/586/2718 785/242/2719
f 1058/396/2720 949/243/2721 786/586/2722
f 878/245/2723 1059/583/2724 1060/399/2725
f 962/470/2726 1060/399/2727 1061/471/2728
f 787/601/2729 1061/471/2730 1062/602/2731
f 1063/433/2732 787/425/2733 1062/431/2734
f 683/660/2735 1064/526/2736 991/529/2737
f 1065/185/2738 991/529/2739 1064/526/2740
f 1066/542/2741 907/19/2742 1065/185/2743
f 1067/188/2744 920/18/2745 1066/542/2312
f 684/22/2746 1068/191/2747 685/21/2748
f 685/21/2749 1069/193/1802 686/24/2750
f 686/24/2751 1070/196/1805 687/28/2752
f 1070/196/1808 18/236/2753 687/28/2754
f 213/391/2755 1071/249/2756 853/390/2063
f 1071/249/2757 854/395/2758 853/390/2759
f 1072/248/2760 855/397/2761 854/395/2762
f 1073/250/2763 856/584/2764 855/397/2765
f 1074/252/2766 948/398/2767 856/584/2768
f 879/400/2769 1075/581/2770 1076/255/2771
f 963/472/2772 1076/255/2773 1077/473/2774
f 857/603/2775 1077/473/2776 1078/604/2777
f 1079/433/2778 857/425/2779 1078/431/2780
f 753/658/2781 1080/524/2782 990/527/2783
f 1081/29/2784 990/527/2785 1080/524/2786
f 1082/543/2787 906/187/2788 1081/29/2789
f 1083/32/2790 921/186/2791 1082/543/2315
f 754/190/2792 1084/35/2793 755/189/2794
f 755/189/2795 1085/37/1607 756/192/2796
f 756/192/2797 1086/40/1610 757/194/2798
f 1086/40/1613 102/391/2799 757/194/2800
f 135/247/2801 1087/382/2049 788/246/2802
f 1087/382/2052 789/251/2803 788/246/2804
f 1088/381/2055 790/253/2805 789/251/2806
f 1089/383/2807 791/582/2808 790/253/2809
f 1090/385/2388 947/254/2810 791/582/2811
f 880/256/2812 1091/579/2061 1092/388/2060
f 964/474/2813 1092/388/2814 1093/475/2815
f 792/605/2816 1093/475/2817 1094/606/2818
f 1095/433/2819 792/425/2820 1094/431/2821
f 688/656/2822 1096/522/2823 989/525/2824
f 1097/173/2825 989/525/2826 1096/522/2827
f 1098/544/2828 905/31/2829 1097/173/1780
f 1099/176/2830 922/30/2831 1098/544/2318
f 689/34/2832 1100/179/2833 690/33/2834
f 690/33/2835 1101/181/1787 691/36/2836
f 691/36/2837 1102/184/1790 692/38/2838
f 1102/184/1793 24/247/2839 692/38/2840
f 207/380/2841 1103/260/1884 848/379/2048
f 1103/260/1887 849/384/2842 848/379/2050
f 1104/259/1890 850/386/2843 849/384/2053
f 1105/261/1893 851/580/2844 850/386/2845
f 1106/263/2846 946/387/2847 851/580/2386
f 881/389/2848 1107/577/1896 1108/266/1895
f 965/476/2849 1108/266/2850 1109/477/2851
f 852/607/2852 1109/477/2853 1110/608/2854
f 1111/433/2855 852/425/2856 1110/431/2136
f 748/654/2857 1112/520/2858 988/523/2859
f 1113/41/2860 988/523/2859 1112/520/2858
f 1114/545/2861 904/175/1781 1113/41/1615
f 1115/44/2862 923/174/2319 1114/545/2863
f 749/178/2864 1116/47/1619 750/177/2865
f 750/177/2866 1117/49/1622 751/180/2867
f 751/180/2868 1118/51/1625 752/182/2869
f 1118/51/1626 96/380/2870 752/182/1791
f 141/52/2871 1119/368/2872 793/258/2873
f 1119/368/2874 794/262/2875 793/258/2876
f 1120/370/2877 795/264/2878 794/262/2879
f 1121/372/2880 796/578/2881 795/264/2882
f 1122/374/2883 945/265/2884 796/578/2885
f 882/267/2886 1123/575/2887 1124/377/2888
f 966/478/2889 1124/377/2890 1125/479/2891
f 797/609/2892 1125/479/2893 1126/610/2894
f 1127/433/2895 797/425/2137 1126/431/2122
f 693/652/2896 1128/518/2897 987/521/2898
f 1129/161/2899 987/521/2900 1128/518/2901
f 1130/546/2902 903/43/2903 1129/161/2904
f 1131/164/2905 924/42/2906 1130/546/2907
f 694/46/2908 1132/167/2909 695/45/2910
f 695/45/2911 1133/169/2912 696/48/2913
f 696/48/2914 1134/171/2915 697/50/2916
f 1134/171/2917 30/52/2918 697/50/2919
f 509/269/2920 843/371/2921 201/172/2922
f 1135/268/2923 844/373/2924 843/371/2925
f 1136/270/2926 845/375/2927 844/373/2928
f 1137/272/2929 846/576/2930 845/375/2931
f 1138/274/2932 944/376/2933 846/576/2934
f 883/378/2935 1139/573/2936 1140/277/2937
f 967/480/2938 1140/277/2939 1141/481/2940
f 847/611/2941 1141/481/2942 1142/612/2943
f 1143/433/2125 847/425/2123 1142/431/2125
f 743/650/2944 1144/516/2945 986/519/2502
f 1145/53/2946 986/519/2947 1144/516/2948
f 1146/547/2949 902/163/1766 1145/53/2950
f 1147/56/2951 925/162/2952 1146/547/2953
f 744/166/2954 1148/59/2955 745/165/2956
f 745/165/2957 1149/61/2958 746/168/2959
f 746/168/2960 1150/63/2961 747/170/2962
f 747/170/2963 526/269/2964 90/172/2965
f 527/358/2019 798/271/2966 147/64/1897
f 1151/357/2022 799/273/2967 798/271/1900
f 1152/359/2025 800/275/2968 799/273/1903
f 1153/361/2028 801/574/2969 800/275/1906
f 1154/363/2376 943/276/2970 801/574/2377
f 884/278/2971 1155/571/2031 1156/366/2030
f 968/482/2972 1156/366/2973 1157/483/2974
f 802/613/2975 1157/483/2452 1158/614/2451
f 698/680/2125 1158/431/2125 1159/433/2125
f 698/648/2976 1160/514/2497 985/517/2977
f 1161/149/2978 985/517/2979 1160/514/2980
f 1162/548/2981 901/55/1631 1161/149/1750
f 1163/152/2982 926/54/2328 1162/548/2330
f 699/58/2983 1164/155/1754 700/57/1633
f 700/57/2984 1165/157/1757 701/60/1636
f 701/60/2985 1166/159/1760 702/62/1639
f 702/62/2986 544/358/1763 36/64/1642
f 545/280/1914 838/360/2987 195/160/2017
f 1167/279/1917 839/362/2988 838/360/2020
f 1168/281/1920 840/364/2989 839/362/2023
f 1169/283/1923 841/572/2990 840/364/2026
f 1170/285/2373 942/365/2991 841/572/2374
f 885/367/2992 1171/569/1926 1172/288/1925
f 969/484/2993 1172/288/2994 1173/485/2995
f 842/615/2996 1173/485/2455 1174/616/2454
f 738/680/2124 1174/431/2134 1175/433/2134
f 738/646/2997 1176/512/2494 984/515/2496
f 1177/65/2998 984/515/2999 1176/512/3000
f 1178/549/3001 900/151/1751 1177/65/1645
f 1179/68/3002 927/150/2331 1178/549/2333
f 739/154/3003 1180/71/1649 740/153/1753
f 740/153/3004 1181/73/1652 741/156/1756
f 741/156/3005 1182/75/1655 742/158/1759
f 742/158/3006 562/280/1658 84/160/1762
f 563/347/2004 803/282/3007 153/76/1912
f 1183/346/2007 804/284/3008 803/282/1915
f 1184/348/2010 805/286/3009 804/284/1918
f 1185/350/2013 806/570/3010 805/286/1921
f 1186/352/2370 941/287/3011 806/570/2371
f 886/289/3012 1187/567/2016 1188/355/2015
f 970/486/3013 1188/355/3014 1189/487/3015
f 807/617/3016 1189/487/2458 1190/618/2457
f 703/675/2133 1190/431/2127 1191/433/2127
f 703/644/3017 1192/510/2491 983/513/2493
f 1193/137/3018 983/513/3019 1192/510/3020
f 1194/550/3021 899/67/1646 1193/137/1735
f 1195/140/3022 928/66/2334 1194/550/2336
f 704/70/3023 1196/143/1739 705/69/1648
f 705/69/3024 1197/145/1742 706/72/1651
f 706/72/3025 1198/147/1745 707/74/1654
f 707/74/3026 580/347/1748 42/76/1657
f 581/291/1929 833/349/3027 189/148/2002
f 1199/290/1932 834/351/3028 833/349/2005
f 1200/292/1935 835/353/3029 834/351/2008
f 1201/294/1938 836/568/3030 835/353/2011
f 1202/296/2367 940/354/3031 836/568/2368
f 887/356/3032 1203/565/1941 1204/299/1940
f 971/488/3033 1204/299/3034 1205/489/3035
f 837/619/3036 1205/489/2461 1206/620/2460
f 1207/433/2132 837/425/2126 1206/431/2132
f 733/642/3037 1208/508/2488 982/511/2490
f 1209/77/3038 982/511/3039 1208/508/3040
f 1210/551/3041 898/139/1736 1209/77/1660
f 1211/80/3042 929/138/2337 1210/551/2339
f 734/142/3043 1212/83/1664 735/141/1738
f 735/141/3044 1213/85/1667 736/144/1741
f 736/144/3045 1214/87/1670 737/146/1744
f 737/146/3046 598/291/1673 78/148/1747
f 599/336/1989 808/293/3047 159/88/1927
f 1215/335/1992 809/295/3048 808/293/1930
f 1216/337/1995 810/297/3049 809/295/1933
f 1217/339/1998 811/566/3050 810/297/1936
f 1218/341/2364 939/298/3051 811/566/2365
f 888/300/3052 1219/563/2001 1220/344/2000
f 972/490/3053 1220/344/3054 1221/491/3055
f 812/621/3056 1221/491/2464 1222/622/2463
f 708/675/2128 1222/431/2128 1223/433/2128
f 708/640/3057 1224/506/2485 981/509/2487
f 1225/125/3058 981/509/3059 1224/506/3060
f 1226/552/3061 897/79/1661 1225/125/1720
f 1227/128/3062 930/78/2340 1226/552/2342
f 709/82/3063 1228/131/1724 710/81/1663
f 710/81/3064 1229/133/1727 711/84/1666
f 711/84/3065 1230/135/1730 712/86/1669
f 712/86/3066 616/336/1733 48/88/1672
f 617/302/1944 828/338/3067 183/136/1987
f 1231/301/1947 829/340/3068 828/338/1990
f 1232/303/1950 830/342/3069 829/340/1993
f 1233/305/1953 831/564/3070 830/342/1996
f 1234/307/2361 938/343/3071 831/564/2362
f 889/345/3072 1235/561/1956 1236/310/1955
f 973/492/3073 1236/310/3074 1237/493/3075
f 832/623/3076 1237/493/2467 1238/624/2466
f 728/680/2131 1238/431/2131 1239/433/2131
f 728/638/3077 1240/504/2482 980/507/2484
f 1241/89/3078 980/507/3079 1240/504/3080
f 1242/553/3081 896/127/1721 1241/89/1675
f 1243/92/3082 931/126/2343 1242/553/2345
f 729/130/3083 1244/95/1679 730/129/1723
f 730/129/3084 1245/97/1682 731/132/1726
f 731/132/3085 1246/99/1685 732/134/1729
f 732/134/3086 634/302/1688 72/136/1732
f 635/325/1974 813/304/3087 165/100/1942
f 1247/324/1977 814/306/3088 813/304/1945
f 1248/326/1980 815/308/3089 814/306/1948
f 1249/328/1983 816/562/3090 815/308/1951
f 1250/330/2358 937/309/3091 816/562/2359
f 890/311/3092 1251/559/1986 1252/333/1985
f 974/494/3093 1252/333/2228 1253/495/2227
f 817/625/3094 1253/495/2470 1254/626/2469
f 713/680/2129 1254/431/2129 1255/433/2129
f 713/636/3095 1256/502/2479 979/505/3096
f 1257/113/3097 979/505/3098 1256/502/2236
f 1258/554/3099 895/91/1676 1257/113/1705
f 1259/116/3100 932/90/2346 1258/554/2348
f 714/94/3101 1260/119/1709 715/93/1678
f 715/93/3102 1261/121/1712 716/96/1681
f 716/96/3103 1262/123/1715 717/98/1684
f 717/98/3104 652/325/1718 54/100/1687
f 653/314/1959 823/327/3105 177/124/1972
f 1263/312/1962 824/329/3106 823/327/1975
f 1264/315/1965 825/331/3107 824/329/1978
f 1265/317/1968 826/560/3108 825/331/1981
f 1266/319/2355 936/332/3109 826/560/2356
f 891/334/3110 1267/557/1971 1268/322/1970
f 975/496/3111 1268/322/2231 1269/497/2230
f 827/627/3112 1269/497/2473 1270/628/2472
f 1271/443/2130 827/425/2130 1270/691/2130
f 723/634/3113 1272/500/2476 978/503/3114
f 1273/101/3115 978/503/2237 1272/500/2233
f 1274/555/3116 894/115/1706 1273/101/1690
f 1275/104/3117 933/114/2349 1274/555/2351
f 724/118/3118 1276/107/1694 725/117/1708
f 725/117/3119 1277/109/1697 726/120/1711
f 726/120/3120 1278/111/1700 727/122/1714
f 727/122/3121 670/689/1703 66/124/1717
f 274/1/1 277/214/3122 278/2/2
f 114/4/4 115/7/3123 7/5/5
f 115/7/7 116/217/3124 8/8/8
f 271/9/10 375/533/3125 376/10/11
f 378/12/13 11/16/3126 10/13/14
f 378/12/16 379/676/3127 12/15/17
f 412/17/19 413/541/3128 282/18/20
f 414/20/22 415/23/3129 15/21/23
f 415/23/25 416/26/3130 16/24/26
f 417/25/28 17/28/3131 16/24/29
f 418/27/31 18/236/3132 17/28/32
f 448/29/34 449/543/3133 284/30/35
f 450/32/37 451/35/3134 21/33/38
f 451/35/40 452/37/1236 22/36/41
f 452/37/43 453/40/1238 23/38/44
f 454/39/46 24/247/3135 23/38/47
f 484/41/49 485/545/1307 286/42/50
f 486/44/52 487/47/1310 27/45/53
f 487/47/55 488/49/1312 28/48/56
f 488/49/58 489/51/1314 29/50/59
f 489/51/61 490/257/3136 30/52/62
f 520/53/64 521/547/3137 288/54/65
f 522/56/67 523/59/3138 33/57/68
f 523/59/70 524/61/3139 34/60/71
f 524/61/73 525/63/3140 35/62/74
f 525/63/76 526/269/3141 36/64/77
f 556/65/79 557/549/1443 290/66/80
f 558/68/82 559/71/1445 39/69/83
f 559/71/85 560/73/1446 40/72/86
f 560/73/88 561/75/1447 41/74/89
f 561/75/91 562/280/1448 42/76/92
f 592/77/94 593/551/1483 292/78/95
f 594/80/97 595/83/1485 45/81/98
f 595/83/100 596/85/1486 46/84/101
f 596/85/103 597/87/1487 47/86/104
f 597/87/106 598/291/1488 48/88/107
f 628/89/109 629/553/1523 294/90/110
f 630/92/112 631/95/1525 51/93/113
f 631/95/115 632/97/1526 52/96/116
f 632/97/118 633/99/1527 53/98/119
f 633/99/121 634/302/1528 54/100/122
f 664/101/124 665/555/1560 296/102/125
f 666/104/127 667/107/1562 57/105/128
f 667/107/130 668/109/1563 58/108/131
f 668/109/133 669/111/1564 59/110/134
f 669/111/136 670/689/1565 60/112/137
f 646/113/139 647/554/1542 295/114/140
f 648/116/142 649/119/1544 63/117/143
f 649/119/145 650/121/1545 64/120/146
f 650/121/148 651/123/1546 65/122/149
f 651/123/151 652/325/1547 66/124/152
f 610/125/154 611/552/1503 293/126/155
f 612/128/157 613/131/1505 69/129/158
f 613/131/160 614/133/1506 70/132/161
f 614/133/163 615/135/1507 71/134/164
f 615/135/166 616/336/1508 72/136/167
f 574/137/169 575/550/1463 291/138/170
f 576/140/172 577/143/1465 75/141/173
f 577/143/175 578/145/1466 76/144/176
f 578/145/178 579/147/1467 77/146/179
f 579/147/181 580/347/1468 78/148/182
f 538/149/184 539/548/1423 289/150/185
f 540/152/187 541/155/1425 81/153/188
f 541/155/190 542/157/1426 82/156/191
f 542/157/193 543/159/1427 83/158/194
f 543/159/196 544/358/1428 84/160/197
f 502/161/199 503/546/3142 287/162/200
f 504/164/202 505/167/3143 87/165/203
f 505/167/205 506/169/3144 88/168/206
f 506/169/208 507/171/3145 89/170/209
f 507/171/211 508/369/3146 90/172/212
f 466/173/214 467/544/1269 285/174/215
f 468/176/217 469/179/3147 93/177/218
f 469/179/220 470/181/1279 94/180/221
f 470/181/223 471/184/1281 95/182/224
f 472/183/226 96/380/1315 95/182/227
f 430/185/229 431/542/3148 283/186/230
f 432/188/232 433/191/3149 99/189/233
f 433/191/235 434/193/1189 100/192/236
f 434/193/238 435/196/1191 101/194/239
f 436/195/241 102/391/3150 101/194/242
f 270/197/244 389/531/3151 390/198/245
f 392/200/247 105/204/3152 104/201/248
f 392/200/250 393/682/250 106/203/250
f 272/205/252 361/535/3153 362/206/253
f 364/208/255 111/212/3154 110/209/256
f 364/208/258 365/672/3155 112/211/259
f 233/213/261 276/540/3156 277/214/262
f 2/215/264 3/216/3157 115/7/265
f 3/216/267 4/690/3158 116/217/268
f 230/218/270 122/222/3159 121/219/271
f 231/221/273 123/590/3160 122/222/274
f 315/223/276 316/420/3161 235/224/277
f 381/226/279 126/230/3162 125/227/280
f 381/226/282 382/588/3163 127/229/283
f 383/231/285 384/678/3164 238/232/286
f 401/234/288 402/237/3165 130/235/289
f 402/237/291 403/240/3166 131/238/292
f 404/239/294 132/242/3167 131/238/295
f 405/241/297 133/586/3168 132/242/298
f 311/243/300 406/585/3169 407/244/301
f 437/39/303 438/249/3170 136/246/304
f 439/248/306 137/251/3171 136/246/307
f 440/250/309 138/253/3172 137/251/310
f 441/252/312 139/582/3173 138/253/313
f 309/254/315 442/581/3174 443/255/316
f 473/257/318 474/260/1284 142/258/319
f 475/259/321 143/262/3175 142/258/322
f 476/261/324 144/264/3176 143/262/325
f 477/263/327 145/578/3177 144/264/328
f 307/265/330 478/577/1291 479/266/331
f 510/268/333 148/271/1408 147/64/334
f 511/270/336 149/273/1409 148/271/337
f 512/272/339 150/275/1410 149/273/340
f 513/274/342 151/574/1411 150/275/343
f 305/276/345 514/573/3178 515/277/346
f 546/279/348 154/282/1449 153/76/349
f 547/281/351 155/284/1450 154/282/352
f 548/283/354 156/286/1451 155/284/355
f 549/285/357 157/570/1452 156/286/358
f 303/287/360 550/569/1434 551/288/361
f 582/290/363 160/293/1489 159/88/364
f 583/292/366 161/295/1490 160/293/367
f 584/294/369 162/297/1491 161/295/370
f 585/296/372 163/566/1492 162/297/373
f 301/298/375 586/565/1474 587/299/376
f 618/301/378 166/304/1529 165/100/379
f 619/303/381 167/306/1530 166/304/382
f 620/305/384 168/308/1531 167/306/385
f 621/307/387 169/562/1532 168/308/388
f 299/309/390 622/561/1514 623/310/391
f 654/312/393 172/316/3179 171/313/394
f 655/315/396 173/318/3180 172/316/397
f 656/317/399 174/320/3181 173/318/400
f 657/319/402 175/558/3182 174/320/403
f 297/321/405 658/557/1553 659/322/406
f 636/324/408 178/327/1548 177/124/409
f 637/326/411 179/329/1549 178/327/412
f 638/328/414 180/331/1550 179/329/415
f 639/330/417 181/560/1551 180/331/418
f 298/332/420 640/559/1534 641/333/421
f 600/335/423 184/338/1509 183/136/424
f 601/337/426 185/340/1510 184/338/427
f 602/339/429 186/342/1511 185/340/430
f 603/341/432 187/564/1512 186/342/433
f 300/343/435 604/563/1494 605/344/436
f 564/346/438 190/349/1469 189/148/439
f 565/348/441 191/351/1470 190/349/442
f 566/350/444 192/353/1471 191/351/445
f 567/352/447 193/568/1472 192/353/448
f 302/354/450 568/567/1454 569/355/451
f 528/357/453 196/360/1429 195/160/454
f 529/359/456 197/362/1430 196/360/457
f 530/361/459 198/364/1431 197/362/460
f 531/363/462 199/572/1432 198/364/463
f 304/365/465 532/571/1413 533/366/466
f 492/368/468 202/371/3183 201/172/469
f 493/370/471 203/373/3184 202/371/472
f 494/372/474 204/375/3185 203/373/475
f 495/374/477 205/576/3186 204/375/478
f 306/376/480 496/575/3187 497/377/481
f 455/183/483 456/382/1242 208/379/484
f 457/381/486 209/384/1285 208/379/487
f 458/383/489 210/386/1286 209/384/490
f 459/385/492 211/580/3188 210/386/493
f 308/387/495 460/579/1252 461/388/496
f 419/195/498 420/393/3189 214/390/499
f 421/392/501 215/395/3190 214/390/502
f 422/394/504 216/397/3191 215/395/505
f 423/396/507 217/584/3192 216/397/508
f 310/398/510 424/583/3193 425/399/511
f 395/401/513 222/405/3194 221/402/513
f 395/401/515 396/587/3195 223/404/516
f 397/406/518 398/467/3196 239/407/519
f 367/409/521 226/413/3197 225/410/522
f 367/409/524 368/589/3198 227/412/525
f 369/414/527 370/463/3199 237/415/528
f 118/417/530 230/218/3200 229/220/531
f 119/419/533 231/221/3201 230/218/534
f 316/420/536 275/591/3202 234/421/537
f 117/422/539 4/630/539 3/423/539
f 118/425/540 3/630/540 2/426/540
f 233/427/541 234/431/541 275/428/541
f 120/425/542 1/675/3203 113/430/543
f 372/431/545 359/433/3204 109/430/546
f 400/431/548 387/433/3205 103/430/549
f 427/431/551 428/433/3206 97/430/552
f 463/431/554 464/433/3207 91/430/555
f 499/431/557 500/433/1340 85/430/558
f 535/431/560 536/433/560 79/432/561
f 194/424/562 571/431/563 572/433/563
f 607/431/564 608/433/564 67/430/564
f 182/424/565 643/431/565 644/433/565
f 172/425/566 59/692/566 60/435/566
f 172/424/566 173/425/566 58/436/566
f 174/425/566 57/630/566 58/423/566
f 174/424/566 175/425/566 56/438/566
f 297/440/566 254/431/566 255/441/566
f 176/424/567 661/691/567 662/443/567
f 170/424/568 625/431/568 626/433/568
f 589/431/569 590/433/569 43/434/569
f 553/431/570 554/433/570 37/432/571
f 517/431/560 518/433/560 31/432/560
f 481/431/572 482/433/1298 25/432/573
f 445/431/575 446/433/3208 19/444/576
f 409/431/578 410/433/3209 13/430/579
f 386/431/581 373/433/3210 9/444/582
f 232/425/584 113/680/3211 5/444/585
f 116/424/587 4/425/3212 117/445/588
f 8/424/590 116/425/3213 229/447/591
f 112/424/593 365/431/3214 366/449/594
f 106/424/596 393/431/3215 394/451/597
f 107/424/599 106/425/3216 221/453/600
f 108/424/602 107/425/3217 220/455/603
f 12/424/605 379/431/3218 380/457/606
f 317/459/608 318/440/608 234/431/608
f 235/224/609 234/421/3219 318/460/610
f 236/225/612 235/224/3220 319/461/613
f 370/463/615 371/595/3221 321/464/616
f 238/232/618 384/678/3222 385/465/619
f 398/467/621 399/684/3223 323/468/622
f 240/245/624 407/244/3224 408/469/625
f 241/400/627 425/399/3225 426/471/628
f 242/256/630 443/255/3226 444/473/631
f 243/389/633 461/388/3227 462/475/634
f 244/267/636 479/266/3228 480/477/637
f 245/378/639 497/377/3229 498/479/640
f 246/278/642 515/277/3230 516/481/643
f 247/367/645 533/366/3231 534/483/646
f 248/289/648 551/288/3232 552/485/649
f 249/356/651 569/355/3233 570/487/652
f 250/300/654 587/299/3234 588/489/655
f 251/345/657 605/344/3235 606/491/658
f 252/311/660 623/310/3236 624/493/661
f 253/334/663 641/333/1535 642/495/664
f 254/323/666 659/322/1554 660/497/667
f 255/441/566 254/431/566 338/428/566
f 663/500/669 664/101/1559 255/103/670
f 645/502/672 646/113/1539 256/115/673
f 627/504/675 628/89/3237 257/91/676
f 609/506/678 610/125/3238 258/127/679
f 591/508/681 592/77/3239 259/79/682
f 573/510/684 574/137/3240 260/139/685
f 555/512/687 556/65/3241 261/67/688
f 537/514/690 538/149/3242 262/151/691
f 519/516/693 520/53/3243 263/55/694
f 501/518/696 502/161/3244 264/163/697
f 483/520/699 484/41/3245 265/43/700
f 465/522/702 466/173/3246 266/175/703
f 447/524/705 448/29/3247 267/31/706
f 429/526/708 430/185/3248 268/187/709
f 411/528/711 412/17/3249 269/19/712
f 354/530/714 388/681/3250 389/531/715
f 355/532/717 374/663/3251 375/533/718
f 356/534/720 360/666/3252 361/535/721
f 358/536/723 274/1/3253 273/3/724
f 317/538/726 233/213/3254 274/1/727
f 276/429/729 275/428/729 119/425/729
f 276/540/730 2/215/3255 114/4/731
f 278/2/733 277/214/3256 114/4/734
f 279/207/736 362/206/3257 363/210/737
f 280/11/739 376/10/3258 377/14/740
f 390/198/742 391/202/3259 104/201/743
f 413/541/745 414/20/1131 14/22/746
f 431/542/748 432/188/1182 98/190/749
f 449/543/751 450/32/1229 20/34/752
f 467/544/754 468/176/1272 92/178/755
f 485/545/757 486/44/3260 26/46/758
f 503/546/760 504/164/3261 86/166/761
f 521/547/763 522/56/3262 32/58/764
f 539/548/766 540/152/1424 80/154/767
f 557/549/769 558/68/1444 38/70/770
f 575/550/772 576/140/1464 74/142/773
f 593/551/775 594/80/1484 44/82/776
f 611/552/778 612/128/1504 68/130/779
f 629/553/781 630/92/1524 50/94/782
f 647/554/784 648/116/1543 62/118/785
f 665/555/787 666/104/1561 56/106/788
f 297/440/566 296/442/566 56/556/566
f 658/557/790 297/321/3263 175/558/791
f 640/559/793 298/332/1552 181/560/794
f 622/561/796 299/309/1533 169/562/797
f 604/563/799 300/343/1513 187/564/800
f 586/565/802 301/298/1493 163/566/803
f 568/567/805 302/354/1473 193/568/806
f 550/569/808 303/287/1453 157/570/809
f 532/571/811 304/365/1433 199/572/812
f 514/573/814 305/276/1412 151/574/815
f 496/575/817 306/376/3264 205/576/818
f 478/577/820 307/265/3265 145/578/821
f 460/579/823 308/387/1289 211/580/824
f 442/581/826 309/254/3266 139/582/827
f 424/583/829 310/398/3267 217/584/830
f 406/585/832 311/243/3268 133/586/833
f 397/406/835 312/408/3269 223/404/836
f 382/588/838 383/231/3270 313/233/839
f 368/589/841 369/414/3271 314/416/842
f 231/221/844 316/420/3272 315/223/845
f 275/591/847 316/420/3273 231/221/848
f 318/440/850 317/459/850 1/592/850
f 319/461/851 318/460/3274 120/425/852
f 320/462/854 319/461/3275 232/593/855
f 371/595/857 372/674/3276 228/596/858
f 385/465/860 386/679/3277 128/597/861
f 323/468/863 399/684/3278 400/598/864
f 324/470/866 408/469/3279 409/600/867
f 325/472/869 426/471/3280 427/602/870
f 326/474/872 444/473/3281 445/604/873
f 327/476/875 462/475/3282 463/606/876
f 328/478/878 480/477/3283 481/608/879
f 329/480/881 498/479/3284 499/610/882
f 330/482/884 516/481/3285 517/612/885
f 331/484/887 534/483/1417 535/614/888
f 332/486/890 552/485/1438 553/616/891
f 333/488/893 570/487/1458 571/618/894
f 334/490/896 588/489/1478 589/620/897
f 335/492/899 606/491/1498 607/622/900
f 336/494/902 624/493/1518 625/624/903
f 337/496/905 642/495/1536 643/626/906
f 338/498/908 660/497/1555 661/628/909
f 338/428/566 176/425/566 55/630/566
f 662/631/911 663/500/1558 339/501/912
f 644/633/914 645/502/1538 340/503/915
f 626/635/917 627/504/1519 341/505/918
f 608/637/920 609/506/1499 342/507/921
f 590/639/923 591/508/1479 343/509/924
f 572/641/926 573/510/1459 344/511/927
f 554/643/929 555/512/1439 345/513/930
f 536/645/932 537/514/1419 346/515/933
f 518/647/935 519/516/3286 347/517/936
f 500/649/938 501/518/3287 348/519/939
f 482/651/941 483/520/3288 349/521/942
f 464/653/944 465/522/3289 350/523/945
f 446/655/947 447/524/3290 351/525/948
f 428/657/950 429/526/3291 352/527/951
f 410/659/953 411/528/3292 353/529/954
f 387/661/956 388/681/3293 354/530/957
f 374/663/959 355/532/3294 9/664/960
f 360/666/962 356/534/3295 109/667/963
f 113/669/965 358/536/3296 357/537/966
f 1/671/968 317/538/3297 358/536/969
f 357/537/971 360/666/3298 359/668/972
f 360/666/974 357/537/3299 273/3/975
f 361/535/977 273/3/3300 278/2/978
f 362/206/980 278/2/3301 6/6/981
f 7/5/983 364/208/3302 363/210/984
f 7/5/986 8/8/3303 365/672/987
f 365/431/989 8/425/3304 121/673/990
f 122/222/992 367/409/3305 366/411/993
f 122/222/995 123/590/3306 368/589/996
f 123/590/998 315/223/3307 369/414/999
f 370/463/1001 369/414/3308 315/223/1002
f 371/595/1004 370/463/3309 236/225/1005
f 372/674/1007 371/595/3310 320/462/1008
f 359/433/1010 372/431/3311 124/425/1011
f 356/534/1013 374/663/3312 373/665/1014
f 374/663/1016 356/534/3313 272/205/1017
f 375/533/1019 272/205/3314 279/207/1020
f 376/10/1022 279/207/3315 110/209/1023
f 111/212/1025 378/12/3316 377/14/1026
f 111/212/1028 112/211/3317 379/676/1029
f 379/431/1031 112/425/3318 225/677/1032
f 226/413/1034 381/226/3319 380/228/1035
f 226/413/1037 227/412/3320 382/588/1038
f 227/412/1040 314/416/3321 383/231/1041
f 384/678/1043 383/231/3322 314/416/1044
f 385/465/1046 384/678/3323 237/415/1047
f 386/679/1049 385/465/3324 321/464/1050
f 373/433/1052 386/431/3325 228/425/1053
f 9/664/1055 355/532/3326 388/681/1056
f 389/531/1058 388/681/3327 355/532/1059
f 389/531/1061 271/9/3328 280/11/1062
f 390/198/1064 280/11/3329 10/13/1065
f 11/16/1067 392/200/3330 391/202/1068
f 11/16/1070 12/15/3331 393/682/1071
f 393/431/1073 12/425/3332 125/683/1074
f 126/230/1076 395/401/3333 394/403/1077
f 126/230/1079 127/229/3334 396/587/1080
f 127/229/1082 313/233/3335 397/406/1082
f 398/467/1084 397/406/3336 313/233/1085
f 398/467/1087 238/232/3337 322/466/1088
f 399/684/1090 322/466/3338 128/597/1091
f 387/433/1093 400/431/3339 128/425/1094
f 219/685/1096 220/686/3340 402/237/1097
f 220/686/1099 221/402/3341 403/240/1100
f 222/405/1102 404/239/3342 403/240/1103
f 223/404/1105 405/241/3343 404/239/1106
f 312/408/1108 406/585/832 405/241/834
f 406/585/1110 312/408/3344 239/407/1111
f 407/244/1113 239/407/3345 323/468/1114
f 408/469/1116 323/468/3346 224/599/1117
f 410/433/1119 409/431/3347 224/425/1120
f 103/662/1122 354/530/3348 411/528/1123
f 412/17/1125 411/528/3349 354/530/1126
f 413/541/1128 412/17/3350 270/197/1129
f 414/20/1131 413/541/745 281/199/1132
f 104/201/1134 105/204/3351 415/23/1135
f 105/204/1137 106/203/3352 416/26/1138
f 107/687/1140 417/25/3353 416/26/1141
f 108/688/1143 418/27/3354 417/25/1144
f 129/236/1146 130/235/3355 420/393/1147
f 131/238/1149 421/392/3356 420/393/1150
f 132/242/1152 422/394/3357 421/392/1153
f 133/586/1155 423/396/3358 422/394/1156
f 311/243/1158 424/583/3359 423/396/1159
f 424/583/1161 311/243/3360 240/245/1162
f 425/399/1164 240/245/3361 324/470/1165
f 426/471/1167 324/470/3362 134/601/1168
f 428/433/1170 427/431/3363 134/425/1171
f 13/660/1173 353/529/3364 429/526/1174
f 430/185/1176 429/526/3365 353/529/1177
f 431/542/1179 430/185/3366 269/19/1180
f 432/188/1182 431/542/748 282/18/1183
f 14/22/1185 15/21/3367 433/191/1186
f 15/21/1188 16/24/3368 434/193/1189
f 16/24/1190 17/28/3369 435/196/1191
f 18/236/1192 436/195/241 435/196/243
f 213/391/500 214/390/499 438/249/1194
f 215/395/1196 439/248/3370 438/249/1197
f 216/397/1199 440/250/3371 439/248/1200
f 217/584/1202 441/252/3372 440/250/1203
f 310/398/1205 442/581/3373 441/252/1206
f 442/581/1208 310/398/3374 241/400/1209
f 443/255/1211 241/400/3375 325/472/1212
f 444/473/1214 325/472/3376 218/603/1215
f 446/433/1217 445/431/3377 218/425/1218
f 97/658/1220 352/527/3378 447/524/1221
f 448/29/1223 447/524/3379 352/527/1224
f 449/543/1226 448/29/3380 268/187/1227
f 450/32/1229 449/543/751 283/186/1230
f 98/190/1232 99/189/3381 451/35/1233
f 99/189/1235 100/192/3382 452/37/1236
f 100/192/1237 101/194/3383 453/40/1238
f 102/391/1239 454/39/46 453/40/48
f 135/247/1241 136/246/3384 456/382/1242
f 137/251/1243 457/381/486 456/382/488
f 138/253/1245 458/383/489 457/381/491
f 139/582/1247 459/385/3385 458/383/1248
f 309/254/1250 460/579/823 459/385/825
f 460/579/1252 309/254/3386 242/256/1253
f 461/388/1254 242/256/3387 326/474/1255
f 462/475/1257 326/474/3388 140/605/1258
f 464/433/1260 463/431/3389 140/425/1261
f 19/656/1263 351/525/3390 465/522/1264
f 466/173/1266 465/522/3391 351/525/1267
f 467/544/1269 466/173/214 267/31/1270
f 468/176/1272 467/544/754 284/30/1273
f 20/34/1275 21/33/3392 469/179/1276
f 21/33/1278 22/36/3393 470/181/1279
f 22/36/1280 23/38/3394 471/184/1281
f 24/247/1282 472/183/226 471/184/228
f 207/380/485 208/379/484 474/260/1284
f 209/384/1285 475/259/321 474/260/323
f 210/386/1286 476/261/324 475/259/326
f 211/580/1287 477/263/327 476/261/329
f 308/387/1289 478/577/3395 477/263/1290
f 478/577/1291 308/387/495 243/389/497
f 479/266/1292 243/389/3396 327/476/1293
f 480/477/1295 327/476/3397 212/607/1296
f 482/433/1298 481/431/572 212/425/1299
f 91/654/1301 350/523/1305 483/520/1302
f 484/41/1304 483/520/1302 350/523/1305
f 485/545/1307 484/41/49 266/175/216
f 486/44/1308 485/545/3398 285/174/756
f 92/178/1309 93/177/3399 487/47/1310
f 93/177/1311 94/180/3400 488/49/1312
f 94/180/1313 95/182/3401 489/51/1314
f 96/380/1315 490/257/3136 489/51/61
f 141/52/1316 142/258/3402 492/368/1317
f 143/262/1319 493/370/3403 492/368/1320
f 144/264/1322 494/372/3404 493/370/1323
f 145/578/1325 495/374/3405 494/372/1326
f 307/265/1328 496/575/3406 495/374/1329
f 496/575/1331 307/265/3407 244/267/1332
f 497/377/1334 244/267/3408 328/478/1335
f 498/479/1337 328/478/3409 146/609/1338
f 500/433/1340 499/431/557 146/425/574
f 25/652/1341 349/521/3410 501/518/1342
f 502/161/1344 501/518/3411 349/521/1345
f 503/546/1347 502/161/3412 265/43/1348
f 504/164/1350 503/546/3413 286/42/1351
f 26/46/1353 27/45/3414 505/167/1354
f 27/45/1356 28/48/3415 506/169/1357
f 28/48/1359 29/50/3416 507/171/1360
f 30/52/1362 508/369/3417 507/171/1363
f 202/371/1365 510/268/3418 509/269/1366
f 203/373/1368 511/270/3419 510/268/1369
f 204/375/1371 512/272/3420 511/270/1372
f 205/576/1374 513/274/3421 512/272/1375
f 306/376/1377 514/573/3422 513/274/1378
f 514/573/1380 306/376/480 245/378/482
f 515/277/1382 245/378/3423 329/480/1383
f 516/481/1385 329/480/881 206/611/883
f 518/433/560 517/431/560 206/425/559
f 85/650/940 348/519/939 519/516/1387
f 520/53/1389 519/516/3424 348/519/1390
f 521/547/1392 520/53/3425 264/163/201
f 522/56/1393 521/547/3426 287/162/1394
f 86/166/1396 87/165/3427 523/59/1397
f 87/165/1399 88/168/3428 524/61/1400
f 88/168/1402 89/170/3429 525/63/1403
f 89/170/1405 90/172/3430 526/269/1406
f 148/271/1408 528/357/453 527/358/455
f 149/273/1409 529/359/456 528/357/458
f 150/275/1410 530/361/459 529/359/461
f 151/574/1411 531/363/462 530/361/464
f 305/276/1412 532/571/811 531/363/813
f 532/571/1413 305/276/345 246/278/347
f 533/366/1414 246/278/3431 330/482/1415
f 534/483/1417 330/482/884 152/613/886
f 535/431/560 152/425/560 31/680/560
f 31/648/1418 347/517/3432 537/514/1419
f 538/149/1420 537/514/3433 347/517/1421
f 539/548/1423 538/149/184 263/55/66
f 540/152/1424 539/548/766 288/54/765
f 32/58/69 33/57/68 541/155/1425
f 33/57/72 34/60/71 542/157/1426
f 34/60/75 35/62/74 543/159/1427
f 35/62/78 36/64/77 544/358/1428
f 196/360/1429 546/279/348 545/280/350
f 197/362/1430 547/281/351 546/279/353
f 198/364/1431 548/283/354 547/281/356
f 199/572/1432 549/285/357 548/283/359
f 304/365/1433 550/569/808 549/285/810
f 550/569/1434 304/365/465 247/367/467
f 551/288/1435 247/367/3434 331/484/1436
f 552/485/1438 331/484/887 200/615/889
f 553/431/570 200/425/561 79/680/561
f 79/646/934 346/515/933 555/512/1439
f 556/65/1440 555/512/3435 346/515/1441
f 557/549/1443 556/65/79 262/151/186
f 558/68/1444 557/549/769 289/150/768
f 80/154/189 81/153/188 559/71/1445
f 81/153/192 82/156/191 560/73/1446
f 82/156/195 83/158/194 561/75/1447
f 83/158/198 84/160/197 562/280/1448
f 154/282/1449 564/346/438 563/347/440
f 155/284/1450 565/348/441 564/346/443
f 156/286/1451 566/350/444 565/348/446
f 157/570/1452 567/352/447 566/350/449
f 303/287/1453 568/567/805 567/352/807
f 568/567/1454 303/287/360 248/289/362
f 569/355/1455 248/289/3436 332/486/1456
f 570/487/1458 332/486/890 158/617/892
f 571/431/563 158/425/571 37/675/571
f 37/644/931 345/513/930 573/510/1459
f 574/137/1460 573/510/3437 345/513/1461
f 575/550/1463 574/137/169 261/67/81
f 576/140/1464 575/550/772 290/66/771
f 38/70/84 39/69/83 577/143/1465
f 39/69/87 40/72/86 578/145/1466
f 40/72/90 41/74/89 579/147/1467
f 41/74/93 42/76/92 580/347/1468
f 190/349/1469 582/290/363 581/291/365
f 191/351/1470 583/292/366 582/290/368
f 192/353/1471 584/294/369 583/292/371
f 193/568/1472 585/296/372 584/294/374
f 302/354/1473 586/565/802 585/296/804
f 586/565/1474 302/354/450 249/356/452
f 587/299/1475 249/356/3438 333/488/1476
f 588/489/1478 333/488/893 194/619/895
f 590/433/569 589/431/569 194/425/562
f 73/642/928 344/511/927 591/508/1479
f 592/77/1480 591/508/3439 344/511/1481
f 593/551/1483 592/77/94 260/139/171
f 594/80/1484 593/551/775 291/138/774
f 74/142/174 75/141/173 595/83/1485
f 75/141/177 76/144/176 596/85/1486
f 76/144/180 77/146/179 597/87/1487
f 77/146/183 78/148/182 598/291/1488
f 160/293/1489 600/335/423 599/336/425
f 161/295/1490 601/337/426 600/335/428
f 162/297/1491 602/339/429 601/337/431
f 163/566/1492 603/341/432 602/339/434
f 301/298/1493 604/563/799 603/341/801
f 604/563/1494 301/298/375 250/300/377
f 605/344/1495 250/300/3440 334/490/1496
f 606/491/1498 334/490/896 164/621/898
f 607/431/564 164/425/564 43/675/564
f 43/640/925 343/509/924 609/506/1499
f 610/125/1500 609/506/3441 343/509/1501
f 611/552/1503 610/125/154 259/79/96
f 612/128/1504 611/552/778 292/78/777
f 44/82/99 45/81/98 613/131/1505
f 45/81/102 46/84/101 614/133/1506
f 46/84/105 47/86/104 615/135/1507
f 47/86/108 48/88/107 616/336/1508
f 184/338/1509 618/301/378 617/302/380
f 185/340/1510 619/303/381 618/301/383
f 186/342/1511 620/305/384 619/303/386
f 187/564/1512 621/307/387 620/305/389
f 300/343/1513 622/561/796 621/307/798
f 622/561/1514 300/343/435 251/345/437
f 623/310/1515 251/345/3442 335/492/1516
f 624/493/1518 335/492/899 188/623/901
f 625/431/568 188/425/568 67/680/568
f 67/638/922 342/507/921 627/504/1519
f 628/89/1520 627/504/3443 342/507/1521
f 629/553/1523 628/89/109 258/127/156
f 630/92/1524 629/553/781 293/126/780
f 68/130/159 69/129/158 631/95/1525
f 69/129/162 70/132/161 632/97/1526
f 70/132/165 71/134/164 633/99/1527
f 71/134/168 72/136/167 634/302/1528
f 166/304/1529 636/324/408 635/325/410
f 167/306/1530 637/326/411 636/324/413
f 168/308/1531 638/328/414 637/326/416
f 169/562/1532 639/330/417 638/328/419
f 299/309/1533 640/559/793 639/330/795
f 640/559/1534 299/309/390 252/311/392
f 641/333/1535 252/311/660 336/494/662
f 642/495/1536 336/494/902 170/625/904
f 643/431/565 170/425/565 49/680/565
f 49/636/1537 341/505/3444 645/502/1538
f 646/113/1539 645/502/672 341/505/1540
f 647/554/1542 646/113/139 257/91/111
f 648/116/1543 647/554/784 294/90/783
f 50/94/114 51/93/113 649/119/1544
f 51/93/117 52/96/116 650/121/1545
f 52/96/120 53/98/119 651/123/1546
f 53/98/123 54/100/122 652/325/1547
f 178/327/1548 654/312/393 653/314/395
f 179/329/1549 655/315/396 654/312/398
f 180/331/1550 656/317/399 655/315/401
f 181/560/1551 657/319/402 656/317/404
f 298/332/1552 658/557/790 657/319/792
f 658/557/1553 298/332/420 253/334/422
f 659/322/1554 253/334/663 337/496/665
f 660/497/1555 337/496/3445 182/627/1556
f 662/443/567 661/691/567 182/425/567
f 61/634/1557 340/503/3446 663/500/1558
f 664/101/1559 663/500/669 340/503/674
f 665/555/1560 664/101/124 256/115/141
f 666/104/1561 665/555/787 295/114/786
f 62/118/144 63/117/143 667/107/1562
f 63/117/147 64/120/146 668/109/1563
f 64/120/150 65/122/149 669/111/1564
f 65/122/153 66/124/152 670/689/1565
f 916/2/1566 915/214/3447 912/1/1567
f 768/4/1569 676/6/3448 677/5/1570
f 769/7/1572 677/5/3449 678/8/1573
f 909/9/1575 918/11/3450 1014/10/1576
f 680/13/1578 681/16/3451 1016/12/1579
f 1016/12/1581 681/16/3452 682/15/1582
f 920/18/1584 1050/541/3453 1049/17/1585
f 1051/20/1587 684/22/3454 685/21/1588
f 1052/23/1590 685/21/3455 686/24/1591
f 686/24/1593 687/28/3456 1054/25/1594
f 687/28/1596 18/236/3457 418/27/1597
f 922/30/1599 1082/543/3458 1081/29/1600
f 1083/32/1602 689/34/3459 690/33/1603
f 1084/35/1605 690/33/3460 691/36/1606
f 1085/37/1608 691/36/3461 692/38/1609
f 692/38/1611 24/247/3462 454/39/1612
f 924/42/1614 1114/545/2861 1113/41/1615
f 1115/44/1617 694/46/3463 695/45/1618
f 1116/47/1620 695/45/3464 696/48/1621
f 1117/49/1623 696/48/3465 697/50/1624
f 1118/51/1626 697/50/3466 30/52/1627
f 926/54/1629 1146/547/3467 1145/53/1630
f 1147/56/1632 699/58/2983 700/57/1633
f 1148/59/1635 700/57/2984 701/60/1636
f 1149/61/1638 701/60/2985 702/62/1639
f 1150/63/1641 702/62/2986 36/64/1642
f 928/66/1644 1178/549/3001 1177/65/1645
f 1179/68/1647 704/70/3023 705/69/1648
f 1180/71/1650 705/69/3024 706/72/1651
f 1181/73/1653 706/72/3025 707/74/1654
f 1182/75/1656 707/74/3026 42/76/1657
f 930/78/1659 1210/551/3041 1209/77/1660
f 1211/80/1662 709/82/3063 710/81/1663
f 1212/83/1665 710/81/3064 711/84/1666
f 1213/85/1668 711/84/3065 712/86/1669
f 1214/87/1671 712/86/3066 48/88/1672
f 932/90/1674 1242/553/3081 1241/89/1675
f 1243/92/1677 714/94/3101 715/93/1678
f 1244/95/1680 715/93/3102 716/96/1681
f 1245/97/1683 716/96/3103 717/98/1684
f 1246/99/1686 717/98/3104 54/100/1687
f 934/102/1689 1274/555/3116 1273/101/1690
f 1275/104/1692 719/106/3468 720/105/1693
f 1276/107/1695 720/105/3469 721/108/1696
f 1277/109/1698 721/108/3470 722/110/1699
f 1278/111/1701 722/110/3471 60/112/1702
f 933/114/1704 1258/554/3099 1257/113/1705
f 1259/116/1707 724/118/3118 725/117/1708
f 1260/119/1710 725/117/3119 726/120/1711
f 1261/121/1713 726/120/3120 727/122/1714
f 1262/123/1716 727/122/3121 66/124/1717
f 931/126/1719 1226/552/3061 1225/125/1720
f 1227/128/1722 729/130/3083 730/129/1723
f 1228/131/1725 730/129/3084 731/132/1726
f 1229/133/1728 731/132/3085 732/134/1729
f 1230/135/1731 732/134/3086 72/136/1732
f 929/138/1734 1194/550/3021 1193/137/1735
f 1195/140/1737 734/142/3043 735/141/1738
f 1196/143/1740 735/141/3044 736/144/1741
f 1197/145/1743 736/144/3045 737/146/1744
f 1198/147/1746 737/146/3046 78/148/1747
f 927/150/1749 1162/548/2981 1161/149/1750
f 1163/152/1752 739/154/3003 740/153/1753
f 1164/155/1755 740/153/3004 741/156/1756
f 1165/157/1758 741/156/3005 742/158/1759
f 1166/159/1761 742/158/3006 84/160/1762
f 925/162/1764 1130/546/3472 1129/161/1765
f 1131/164/1767 744/166/3473 745/165/1768
f 1132/167/1770 745/165/3474 746/168/1771
f 1133/169/1773 746/168/3475 747/170/1774
f 1134/171/1776 747/170/3476 90/172/1777
f 923/174/1779 1098/544/2828 1097/173/1780
f 1099/176/1782 749/178/3477 750/177/1783
f 1100/179/1785 750/177/3478 751/180/1786
f 1101/181/1788 751/180/3479 752/182/1789
f 752/182/1791 96/380/2870 472/183/1792
f 921/186/1794 1066/542/3480 1065/185/1795
f 1067/188/1797 754/190/3481 755/189/1798
f 1068/191/1800 755/189/3482 756/192/1801
f 1069/193/1803 756/192/3483 757/194/1804
f 757/194/1806 102/391/3484 436/195/1807
f 908/197/1809 919/199/3485 1028/198/1810
f 759/201/1812 760/204/3486 1030/200/1813
f 1030/200/1815 760/204/3487 761/203/1815
f 910/205/1816 917/207/3488 1000/206/1817
f 764/209/1819 765/212/3489 1002/208/1820
f 1002/208/1822 765/212/3490 766/211/1823
f 915/214/1825 914/540/3491 871/213/1826
f 672/215/1828 768/4/3492 769/7/1829
f 673/216/1831 769/7/3493 770/217/1832
f 775/219/1834 776/222/3494 868/218/1835
f 776/222/1837 777/590/3495 869/221/1838
f 953/223/1840 874/225/3496 873/224/1841
f 779/227/1843 780/230/3497 1019/226/1844
f 1019/226/1846 780/230/3498 781/229/1847
f 876/232/1849 1022/678/3499 1021/231/1850
f 401/234/1852 129/236/3500 783/235/1853
f 1039/237/1855 783/235/3501 784/238/1856
f 784/238/1858 785/242/3502 1041/239/1859
f 785/242/1861 786/586/3503 1042/241/1862
f 949/243/1864 878/245/3504 1044/244/1865
f 437/39/1867 135/247/3505 788/246/1868
f 788/246/1870 789/251/3506 1072/248/1871
f 789/251/1873 790/253/3507 1073/250/1874
f 790/253/1876 791/582/3508 1074/252/1877
f 947/254/1879 880/256/3509 1076/255/1880
f 473/257/1882 141/52/3510 793/258/1883
f 793/258/1885 794/262/3511 1104/259/1886
f 794/262/1888 795/264/3512 1105/261/1889
f 795/264/1891 796/578/3513 1106/263/1892
f 945/265/1894 882/267/3514 1108/266/1895
f 147/64/1897 798/271/2966 1135/268/1898
f 798/271/1900 799/273/2967 1136/270/1901
f 799/273/1903 800/275/2968 1137/272/1904
f 800/275/1906 801/574/2969 1138/274/1907
f 943/276/1909 884/278/2971 1140/277/1910
f 153/76/1912 803/282/3007 1167/279/1913
f 803/282/1915 804/284/3008 1168/281/1916
f 804/284/1918 805/286/3009 1169/283/1919
f 805/286/1921 806/570/3010 1170/285/1922
f 941/287/1924 886/289/3012 1172/288/1925
f 159/88/1927 808/293/3047 1199/290/1928
f 808/293/1930 809/295/3048 1200/292/1931
f 809/295/1933 810/297/3049 1201/294/1934
f 810/297/1936 811/566/3050 1202/296/1937
f 939/298/1939 888/300/3052 1204/299/1940
f 165/100/1942 813/304/3087 1231/301/1943
f 813/304/1945 814/306/3088 1232/303/1946
f 814/306/1948 815/308/3089 1233/305/1949
f 815/308/1951 816/562/3090 1234/307/1952
f 937/309/1954 890/311/3092 1236/310/1955
f 171/313/1957 818/316/3515 1263/312/1958
f 818/316/1960 819/318/3516 1264/315/1961
f 819/318/1963 820/320/3517 1265/317/1964
f 820/320/1966 821/558/3518 1266/319/1967
f 935/321/1969 892/323/3519 1268/322/1970
f 177/124/1972 823/327/3105 1247/324/1973
f 823/327/1975 824/329/3106 1248/326/1976
f 824/329/1978 825/331/3107 1249/328/1979
f 825/331/1981 826/560/3108 1250/330/1982
f 936/332/1984 891/334/3110 1252/333/1985
f 183/136/1987 828/338/3067 1215/335/1988
f 828/338/1990 829/340/3068 1216/337/1991
f 829/340/1993 830/342/3069 1217/339/1994
f 830/342/1996 831/564/3070 1218/341/1997
f 938/343/1999 889/345/3072 1220/344/2000
f 189/148/2002 833/349/3027 1183/346/2003
f 833/349/2005 834/351/3028 1184/348/2006
f 834/351/2008 835/353/3029 1185/350/2009
f 835/353/2011 836/568/3030 1186/352/2012
f 940/354/2014 887/356/3032 1188/355/2015
f 195/160/2017 838/360/2987 1151/357/2018
f 838/360/2020 839/362/2988 1152/359/2021
f 839/362/2023 840/364/2989 1153/361/2024
f 840/364/2026 841/572/2990 1154/363/2027
f 942/365/2029 885/367/2992 1156/366/2030
f 201/172/2032 843/371/3520 1119/368/2033
f 843/371/2035 844/373/3521 1120/370/2036
f 844/373/2038 845/375/3522 1121/372/2039
f 845/375/2041 846/576/3523 1122/374/2042
f 944/376/2044 883/378/2935 1124/377/2045
f 455/183/2047 207/380/2841 848/379/2048
f 848/379/2050 849/384/2842 1088/381/2051
f 849/384/2053 850/386/2843 1089/383/2054
f 850/386/2056 851/580/3524 1090/385/2057
f 946/387/2059 881/389/2848 1092/388/2060
f 419/195/2062 213/391/2755 853/390/2063
f 853/390/2065 854/395/3525 1056/392/2066
f 854/395/2068 855/397/3526 1057/394/2069
f 855/397/2071 856/584/3527 1058/396/2072
f 948/398/2074 879/400/3528 1060/399/2075
f 859/402/2077 860/405/3529 1033/401/2077
f 1033/401/2079 860/405/3530 861/404/2080
f 877/407/2082 1036/467/3531 1035/406/2083
f 863/410/2085 864/413/3532 1005/409/2086
f 1005/409/2088 864/413/3533 865/412/2089
f 875/415/2091 1008/463/3534 1007/414/2092
f 867/220/2094 868/218/3535 772/417/2095
f 868/218/2097 869/221/3536 773/419/2098
f 954/420/2100 873/224/3537 872/421/2101
f 673/423/2103 674/630/2103 771/422/2103
f 672/426/2104 673/630/2104 772/425/2104
f 871/427/2105 914/429/2105 913/428/2105
f 767/430/2106 671/675/3538 774/425/2107
f 763/430/2109 997/433/3539 1010/431/2110
f 758/430/2112 1025/433/3540 1038/431/2113
f 753/430/2115 1063/433/3541 1062/431/2116
f 748/430/2118 1095/433/3542 1094/431/2119
f 743/430/2121 1127/433/2895 1126/431/2122
f 738/432/2124 1159/433/2125 1158/431/2125
f 837/424/2126 733/434/2126 1191/433/2127
f 728/430/2128 1223/433/2128 1222/431/2128
f 723/432/2129 1255/433/2129 1254/431/2129
f 60/435/566 722/692/566 818/425/566
f 818/424/566 722/437/566 721/436/566
f 721/423/566 720/630/566 820/425/566
f 820/424/566 720/439/566 719/438/566
f 893/441/566 892/431/566 935/440/566
f 822/424/2130 718/432/2130 1271/443/2130
f 817/424/2131 713/432/2131 1239/433/2131
f 708/434/2132 1207/433/2132 1206/431/2132
f 703/432/2133 1175/433/2134 1174/431/2134
f 698/432/2125 1143/433/2125 1142/431/2125
f 693/432/2135 1111/433/2855 1110/431/2136
f 688/444/2138 1079/433/3543 1078/431/2139
f 683/430/2141 1047/433/3544 1046/431/2142
f 679/444/2144 1011/433/3545 1024/431/2145
f 675/444/2147 767/680/3546 870/425/2148
f 770/424/2150 867/446/3547 771/445/2151
f 678/424/2153 775/448/3548 867/447/2154
f 766/424/2156 863/450/3549 1004/449/2157
f 761/424/2159 859/452/3550 1032/451/2160
f 762/424/2162 858/454/3551 859/453/2163
f 108/424/2165 219/456/3552 858/455/2166
f 682/424/2168 779/458/3553 1018/457/2169
f 955/459/2171 871/427/2171 872/431/2171
f 873/224/2172 957/461/3554 956/460/2173
f 874/225/2175 958/462/3555 957/461/2176
f 959/464/2178 1009/595/3556 1008/463/2179
f 876/232/2181 960/466/3557 1023/465/2182
f 961/468/2184 1037/684/3558 1036/467/2185
f 878/245/2187 962/470/3559 1045/469/2188
f 879/400/2190 963/472/3560 1061/471/2191
f 880/256/2193 964/474/3561 1077/473/2194
f 881/389/2196 965/476/3562 1093/475/2197
f 882/267/2199 966/478/3563 1109/477/2200
f 883/378/2202 967/480/3564 1125/479/2203
f 884/278/2205 968/482/3565 1141/481/2206
f 885/367/2208 969/484/3566 1157/483/2209
f 886/289/2211 970/486/3567 1173/485/2212
f 887/356/2214 971/488/3568 1189/487/2215
f 888/300/2217 972/490/3569 1205/489/2218
f 889/345/2220 973/492/3570 1221/491/2221
f 890/311/2223 974/494/3093 1237/493/2224
f 891/334/2226 975/496/3111 1253/495/2227
f 892/323/2229 976/498/3571 1269/497/2230
f 893/441/566 977/499/566 976/428/566
f 893/103/2232 1273/101/3115 1272/500/2233
f 894/115/2235 1257/113/3097 1256/502/2236
f 895/91/2238 1241/89/3572 1240/504/2239
f 896/127/2241 1225/125/3573 1224/506/2242
f 897/79/2244 1209/77/3574 1208/508/2245
f 898/139/2247 1193/137/3575 1192/510/2248
f 899/67/2250 1177/65/3576 1176/512/2251
f 900/151/2253 1161/149/3577 1160/514/2254
f 901/55/2256 1145/53/3578 1144/516/2257
f 902/163/2259 1129/161/3579 1128/518/2260
f 903/43/2262 1113/41/3580 1112/520/2263
f 904/175/2265 1097/173/3581 1096/522/2266
f 905/31/2268 1081/29/3582 1080/524/2269
f 906/187/2271 1065/185/3583 1064/526/2272
f 907/19/2274 1049/17/3584 1048/528/2275
f 992/530/2277 908/197/3585 1027/531/2278
f 993/532/2280 909/9/3586 1013/533/2281
f 994/534/2283 910/205/3587 999/535/2284
f 911/3/2286 912/1/3588 996/536/2287
f 912/1/2289 871/213/3589 955/538/2290
f 914/429/2292 672/539/2292 773/425/2292
f 768/4/2293 672/215/3590 914/540/2294
f 916/2/2296 676/6/3591 768/4/2297
f 917/207/2299 764/209/3592 1001/210/2300
f 918/11/2302 680/13/3593 1015/14/2303
f 759/201/2305 1029/202/3594 1028/198/2306
f 684/22/2308 1051/20/2694 1050/541/2309
f 754/190/2311 1067/188/2744 1066/542/2312
f 689/34/2314 1083/32/2790 1082/543/2315
f 749/178/2317 1099/176/2830 1098/544/2318
f 694/46/2320 1115/44/3595 1114/545/2321
f 744/166/2323 1131/164/3596 1130/546/2324
f 699/58/2326 1147/56/3597 1146/547/2327
f 739/154/2329 1163/152/2982 1162/548/2330
f 704/70/2332 1179/68/3002 1178/549/2333
f 734/142/2335 1195/140/3022 1194/550/2336
f 709/82/2338 1211/80/3042 1210/551/2339
f 729/130/2341 1227/128/3062 1226/552/2342
f 714/94/2344 1243/92/3082 1242/553/2345
f 724/118/2347 1259/116/3100 1258/554/2348
f 719/106/2350 1275/104/3117 1274/555/2351
f 719/556/566 934/442/566 935/440/566
f 821/558/2353 935/321/3598 1267/557/2354
f 826/560/2356 936/332/3109 1251/559/2357
f 816/562/2359 937/309/3091 1235/561/2360
f 831/564/2362 938/343/3071 1219/563/2363
f 811/566/2365 939/298/3051 1203/565/2366
f 836/568/2368 940/354/3031 1187/567/2369
f 806/570/2371 941/287/3011 1171/569/2372
f 841/572/2374 942/365/2991 1155/571/2375
f 801/574/2377 943/276/2970 1139/573/2378
f 846/576/2380 944/376/3599 1123/575/2381
f 796/578/2383 945/265/3600 1107/577/2384
f 851/580/2386 946/387/2847 1091/579/2387
f 791/582/2389 947/254/3601 1075/581/2390
f 856/584/2392 948/398/3602 1059/583/2393
f 786/586/2395 949/243/3603 1043/585/2396
f 861/404/2398 950/408/3604 1035/406/2399
f 1020/588/2401 781/229/3605 951/233/2402
f 1006/589/2404 865/412/3606 952/416/2405
f 869/221/2407 777/590/3607 953/223/2408
f 869/221/2410 954/420/3608 913/591/2411
f 671/592/2413 955/459/2413 956/440/2413
f 957/461/2414 870/593/3609 774/425/2415
f 958/462/2417 778/594/3610 870/593/2418
f 866/596/2420 1010/674/3611 1009/595/2421
f 782/597/2423 1024/679/3612 1023/465/2424
f 961/468/2426 862/599/3613 1038/598/2427
f 962/470/2429 787/601/3614 1046/600/2430
f 963/472/2432 857/603/3615 1062/602/2433
f 964/474/2435 792/605/3616 1078/604/2436
f 965/476/2438 852/607/3617 1094/606/2439
f 966/478/2441 797/609/3618 1110/608/2442
f 967/480/2444 847/611/2941 1126/610/2445
f 968/482/2447 802/613/2975 1142/612/2448
f 969/484/2450 842/615/2996 1158/614/2451
f 970/486/2453 807/617/3016 1174/616/2454
f 971/488/2456 837/619/3036 1190/618/2457
f 972/490/2459 812/621/3056 1206/620/2460
f 973/492/2462 832/623/3076 1222/622/2463
f 974/494/2465 817/625/3094 1238/624/2466
f 975/496/2468 827/627/3619 1254/626/2469
f 976/498/2471 822/629/3620 1270/628/2472
f 718/630/566 822/425/566 976/428/566
f 1271/631/2474 718/632/3621 977/501/2475
f 1255/633/2477 723/634/3622 978/503/2478
f 1239/635/2480 713/636/3623 979/505/2481
f 1223/637/2483 728/638/3077 980/507/2484
f 1207/639/2486 708/640/3057 981/509/2487
f 1191/641/2489 733/642/3037 982/511/2490
f 1175/643/2492 703/644/3017 983/513/2493
f 1159/645/2495 738/646/2997 984/515/2496
f 1143/647/2498 698/648/3624 985/517/2499
f 1127/649/2501 743/650/2944 986/519/2502
f 1111/651/2504 693/652/3625 987/521/2505
f 1095/653/2507 748/654/3626 988/523/2508
f 1079/655/2510 688/656/3627 989/525/2511
f 1063/657/2513 753/658/3628 990/527/2514
f 1047/659/2516 683/660/3629 991/529/2517
f 1025/661/2519 758/662/3630 992/530/2520
f 679/664/2522 993/532/3631 1012/663/2523
f 763/667/2525 994/534/3632 998/666/2526
f 767/669/2528 675/670/3633 995/537/2529
f 671/671/2531 767/669/3634 996/536/2532
f 997/668/2534 998/666/3635 995/537/2535
f 911/3/2537 995/537/3636 998/666/2538
f 916/2/2540 911/3/3637 999/535/2541
f 676/6/2543 916/2/3638 1000/206/2544
f 1001/210/2546 1002/208/3639 677/5/2547
f 677/5/2549 1002/208/3640 1003/672/2550
f 775/673/2552 678/425/3641 1003/431/2553
f 1004/411/2555 1005/409/3642 776/222/2556
f 776/222/2558 1005/409/3643 1006/589/2559
f 777/590/2561 1006/589/3644 1007/414/2562
f 1008/463/2564 874/225/3645 953/223/2565
f 1009/595/2567 958/462/3646 874/225/2568
f 1010/674/2570 778/594/3647 958/462/2571
f 997/433/2573 675/675/3648 778/425/2574
f 1011/665/2576 1012/663/3649 994/534/2577
f 910/205/2579 994/534/3650 1012/663/2580
f 917/207/2582 910/205/3651 1013/533/2583
f 764/209/2585 917/207/3652 1014/10/2586
f 1015/14/2588 1016/12/3653 765/212/2589
f 765/212/2591 1016/12/3654 1017/676/2592
f 863/677/2594 766/425/3655 1017/431/2595
f 1018/228/2597 1019/226/3656 864/413/2598
f 864/413/2600 1019/226/3657 1020/588/2601
f 865/412/2603 1020/588/3658 1021/231/2604
f 1022/678/2606 875/415/3659 952/416/2607
f 1023/465/2609 959/464/3660 875/415/2610
f 1024/679/2612 866/596/3661 959/464/2613
f 1011/433/2615 763/680/3662 866/425/2616
f 679/664/2618 1025/661/3663 1026/681/2619
f 1027/531/2621 909/9/3664 993/532/2622
f 918/11/2624 909/9/3665 1027/531/2625
f 680/13/2627 918/11/3666 1028/198/2628
f 1029/202/2630 1030/200/3667 681/16/2631
f 681/16/2633 1030/200/3668 1031/682/2634
f 779/683/2636 682/425/3669 1031/431/2637
f 1032/403/2639 1033/401/3670 780/230/2640
f 780/230/2642 1033/401/3671 1034/587/2643
f 781/229/2645 1034/587/3672 1035/406/2645
f 1036/467/2647 876/232/3673 951/233/2648
f 960/466/2650 876/232/3674 1036/467/2651
f 782/597/2653 960/466/3675 1037/684/2654
f 1025/433/2656 679/675/3676 782/425/2657
f 219/685/2659 401/234/3677 1039/237/2660
f 858/686/2662 1039/237/3678 1040/240/2663
f 1040/240/2665 1041/239/3679 860/405/2666
f 1041/239/2668 1042/241/3680 861/404/2669
f 1042/241/2397 1043/585/2396 950/408/2671
f 877/407/2673 950/408/3681 1043/585/2674
f 961/468/2676 877/407/3682 1044/244/2677
f 862/599/2679 961/468/3683 1045/469/2680
f 1047/433/2682 758/675/3684 862/425/2683
f 758/662/2685 1047/659/3685 1048/528/2686
f 1049/17/2688 908/197/3686 992/530/2689
f 1050/541/2691 919/199/3687 908/197/2692
f 1051/20/2694 759/201/3688 919/199/2695
f 759/201/2696 1051/20/3689 1052/23/2697
f 760/204/2699 1052/23/3690 1053/26/2700
f 1053/26/2702 1054/25/3691 762/687/2703
f 1054/25/2705 418/27/3692 108/688/2706
f 129/236/2708 419/195/3693 1055/393/2709
f 1055/393/2711 1056/392/3694 784/238/2712
f 1056/392/2714 1057/394/3695 785/242/2715
f 1057/394/2717 1058/396/3696 786/586/2718
f 1058/396/2720 1059/583/3697 949/243/2721
f 878/245/2723 949/243/3698 1059/583/2724
f 962/470/2726 878/245/3699 1060/399/2727
f 787/601/2729 962/470/3700 1061/471/2730
f 1063/433/2732 683/675/3701 787/425/2733
f 683/660/2735 1063/657/3702 1064/526/2736
f 1065/185/2738 907/19/3703 991/529/2739
f 1066/542/2741 920/18/3704 907/19/2742
f 1067/188/2744 684/22/3705 920/18/2745
f 684/22/2746 1067/188/3706 1068/191/2747
f 685/21/2749 1068/191/1800 1069/193/1802
f 686/24/2751 1069/193/1803 1070/196/1805
f 1070/196/1808 436/195/1807 18/236/2753
f 213/391/2755 437/39/3707 1071/249/2756
f 1071/249/2757 1072/248/3708 854/395/2758
f 1072/248/2760 1073/250/3709 855/397/2761
f 1073/250/2763 1074/252/3710 856/584/2764
f 1074/252/2766 1075/581/3711 948/398/2767
f 879/400/2769 948/398/3712 1075/581/2770
f 963/472/2772 879/400/3713 1076/255/2773
f 857/603/2775 963/472/3714 1077/473/2776
f 1079/433/2778 753/680/3715 857/425/2779
f 753/658/2781 1079/655/3716 1080/524/2782
f 1081/29/2784 906/187/3717 990/527/2785
f 1082/543/2787 921/186/3718 906/187/2788
f 1083/32/2790 754/190/3719 921/186/2791
f 754/190/2792 1083/32/3720 1084/35/2793
f 755/189/2795 1084/35/1605 1085/37/1607
f 756/192/2797 1085/37/1608 1086/40/1610
f 1086/40/1613 454/39/1612 102/391/2799
f 135/247/2801 455/183/2047 1087/382/2049
f 1087/382/2052 1088/381/2051 789/251/2803
f 1088/381/2055 1089/383/2054 790/253/2805
f 1089/383/2807 1090/385/3721 791/582/2808
f 1090/385/2388 1091/579/2387 947/254/2810
f 880/256/2812 947/254/3722 1091/579/2061
f 964/474/2813 880/256/3723 1092/388/2814
f 792/605/2816 964/474/3724 1093/475/2817
f 1095/433/2819 688/675/3725 792/425/2820
f 688/656/2822 1095/653/3726 1096/522/2823
f 1097/173/2825 905/31/3727 989/525/2826
f 1098/544/2828 922/30/3728 905/31/2829
f 1099/176/2830 689/34/3729 922/30/2831
f 689/34/2832 1099/176/3730 1100/179/2833
f 690/33/2835 1100/179/1785 1101/181/1787
f 691/36/2837 1101/181/1788 1102/184/1790
f 1102/184/1793 472/183/1792 24/247/2839
f 207/380/2841 473/257/1882 1103/260/1884
f 1103/260/1887 1104/259/1886 849/384/2842
f 1104/259/1890 1105/261/1889 850/386/2843
f 1105/261/1893 1106/263/1892 851/580/2844
f 1106/263/2846 1107/577/3731 946/387/2847
f 881/389/2848 946/387/2059 1107/577/1896
f 965/476/2849 881/389/3732 1108/266/2850
f 852/607/2852 965/476/3733 1109/477/2853
f 1111/433/2855 748/680/3734 852/425/2856
f 748/654/2857 1111/651/3735 1112/520/2858
f 1113/41/2860 904/175/3736 988/523/2859
f 1114/545/2861 923/174/1779 904/175/1781
f 1115/44/2862 749/178/2317 923/174/2319
f 749/178/2864 1115/44/1617 1116/47/1619
f 750/177/2866 1116/47/1620 1117/49/1622
f 751/180/2868 1117/49/1623 1118/51/1625
f 1118/51/1626 490/257/1628 96/380/2870
f 141/52/2871 491/369/3737 1119/368/2872
f 1119/368/2874 1120/370/3738 794/262/2875
f 1120/370/2877 1121/372/3739 795/264/2878
f 1121/372/2880 1122/374/3740 796/578/2881
f 1122/374/2883 1123/575/3741 945/265/2884
f 882/267/2886 945/265/3742 1123/575/2887
f 966/478/2889 882/267/3743 1124/377/2890
f 797/609/2892 966/478/3744 1125/479/2893
f 1127/433/2895 693/675/2135 797/425/2137
f 693/652/2896 1127/649/3745 1128/518/2897
f 1129/161/2899 903/43/3746 987/521/2900
f 1130/546/2902 924/42/3747 903/43/2903
f 1131/164/2905 694/46/3748 924/42/2906
f 694/46/2908 1131/164/3749 1132/167/2909
f 695/45/2911 1132/167/3750 1133/169/2912
f 696/48/2914 1133/169/3751 1134/171/2915
f 1134/171/2917 508/369/3752 30/52/2918
f 509/269/2920 1135/268/3753 843/371/2921
f 1135/268/2923 1136/270/3754 844/373/2924
f 1136/270/2926 1137/272/3755 845/375/2927
f 1137/272/2929 1138/274/3756 846/576/2930
f 1138/274/2932 1139/573/3757 944/376/2933
f 883/378/2935 944/376/2044 1139/573/2936
f 967/480/2938 883/378/3758 1140/277/2939
f 847/611/2941 967/480/2444 1141/481/2942
f 1143/433/2125 743/680/2121 847/425/2123
f 743/650/2944 1143/647/3759 1144/516/2945
f 1145/53/2946 902/163/3760 986/519/2947
f 1146/547/2949 925/162/1764 902/163/1766
f 1147/56/2951 744/166/3761 925/162/2952
f 744/166/2954 1147/56/3762 1148/59/2955
f 745/165/2957 1148/59/3763 1149/61/2958
f 746/168/2960 1149/61/3764 1150/63/2961
f 747/170/2963 1150/63/3765 526/269/2964
f 527/358/2019 1151/357/2018 798/271/2966
f 1151/357/2022 1152/359/2021 799/273/2967
f 1152/359/2025 1153/361/2024 800/275/2968
f 1153/361/2028 1154/363/2027 801/574/2969
f 1154/363/2376 1155/571/2375 943/276/2970
f 884/278/2971 943/276/1909 1155/571/2031
f 968/482/2972 884/278/3766 1156/366/2973
f 802/613/2975 968/482/2447 1157/483/2452
f 698/680/2125 802/425/2125 1158/431/2125
f 698/648/2976 1159/645/2495 1160/514/2497
f 1161/149/2978 901/55/3767 985/517/2979
f 1162/548/2981 926/54/1629 901/55/1631
f 1163/152/2982 699/58/2326 926/54/2328
f 699/58/2983 1163/152/1752 1164/155/1754
f 700/57/2984 1164/155/1755 1165/157/1757
f 701/60/2985 1165/157/1758 1166/159/1760
f 702/62/2986 1166/159/1761 544/358/1763
f 545/280/1914 1167/279/1913 838/360/2987
f 1167/279/1917 1168/281/1916 839/362/2988
f 1168/281/1920 1169/283/1919 840/364/2989
f 1169/283/1923 1170/285/1922 841/572/2990
f 1170/285/2373 1171/569/2372 942/365/2991
f 885/367/2992 942/365/2029 1171/569/1926
f 969/484/2993 885/367/3768 1172/288/2994
f 842/615/2996 969/484/2450 1173/485/2455
f 738/680/2124 842/425/2124 1174/431/2134
f 738/646/2997 1175/643/2492 1176/512/2494
f 1177/65/2998 900/151/3769 984/515/2999
f 1178/549/3001 927/150/1749 900/151/1751
f 1179/68/3002 739/154/2329 927/150/2331
f 739/154/3003 1179/68/1647 1180/71/1649
f 740/153/3004 1180/71/1650 1181/73/1652
f 741/156/3005 1181/73/1653 1182/75/1655
f 742/158/3006 1182/75/1656 562/280/1658
f 563/347/2004 1183/346/2003 803/282/3007
f 1183/346/2007 1184/348/2006 804/284/3008
f 1184/348/2010 1185/350/2009 805/286/3009
f 1185/350/2013 1186/352/2012 806/570/3010
f 1186/352/2370 1187/567/2369 941/287/3011
f 886/289/3012 941/287/1924 1187/567/2016
f 970/486/3013 886/289/3770 1188/355/3014
f 807/617/3016 970/486/2453 1189/487/2458
f 703/675/2133 807/425/2133 1190/431/2127
f 703/644/3017 1191/641/2489 1192/510/2491
f 1193/137/3018 899/67/3771 983/513/3019
f 1194/550/3021 928/66/1644 899/67/1646
f 1195/140/3022 704/70/2332 928/66/2334
f 704/70/3023 1195/140/1737 1196/143/1739
f 705/69/3024 1196/143/1740 1197/145/1742
f 706/72/3025 1197/145/1743 1198/147/1745
f 707/74/3026 1198/147/1746 580/347/1748
f 581/291/1929 1199/290/1928 833/349/3027
f 1199/290/1932 1200/292/1931 834/351/3028
f 1200/292/1935 1201/294/1934 835/353/3029
f 1201/294/1938 1202/296/1937 836/568/3030
f 1202/296/2367 1203/565/2366 940/354/3031
f 887/356/3032 940/354/2014 1203/565/1941
f 971/488/3033 887/356/3772 1204/299/3034
f 837/619/3036 971/488/2456 1205/489/2461
f 1207/433/2132 733/675/2126 837/425/2126
f 733/642/3037 1207/639/2486 1208/508/2488
f 1209/77/3038 898/139/3773 982/511/3039
f 1210/551/3041 929/138/1734 898/139/1736
f 1211/80/3042 734/142/2335 929/138/2337
f 734/142/3043 1211/80/1662 1212/83/1664
f 735/141/3044 1212/83/1665 1213/85/1667
f 736/144/3045 1213/85/1668 1214/87/1670
f 737/146/3046 1214/87/1671 598/291/1673
f 599/336/1989 1215/335/1988 808/293/3047
f 1215/335/1992 1216/337/1991 809/295/3048
f 1216/337/1995 1217/339/1994 810/297/3049
f 1217/339/1998 1218/341/1997 811/566/3050
f 1218/341/2364 1219/563/2363 939/298/3051
f 888/300/3052 939/298/1939 1219/563/2001
f 972/490/3053 888/300/3774 1220/344/3054
f 812/621/3056 972/490/2459 1221/491/2464
f 708/675/2128 812/425/2128 1222/431/2128
f 708/640/3057 1223/637/2483 1224/506/2485
f 1225/125/3058 897/79/3775 981/509/3059
f 1226/552/3061 930/78/1659 897/79/1661
f 1227/128/3062 709/82/2338 930/78/2340
f 709/82/3063 1227/128/1722 1228/131/1724
f 710/81/3064 1228/131/1725 1229/133/1727
f 711/84/3065 1229/133/1728 1230/135/1730
f 712/86/3066 1230/135/1731 616/336/1733
f 617/302/1944 1231/301/1943 828/338/3067
f 1231/301/1947 1232/303/1946 829/340/3068
f 1232/303/1950 1233/305/1949 830/342/3069
f 1233/305/1953 1234/307/1952 831/564/3070
f 1234/307/2361 1235/561/2360 938/343/3071
f 889/345/3072 938/343/1999 1235/561/1956
f 973/492/3073 889/345/3776 1236/310/3074
f 832/623/3076 973/492/2462 1237/493/2467
f 728/680/2131 832/425/2131 1238/431/2131
f 728/638/3077 1239/635/2480 1240/504/2482
f 1241/89/3078 896/127/3777 980/507/3079
f 1242/553/3081 931/126/1719 896/127/1721
f 1243/92/3082 729/130/2341 931/126/2343
f 729/130/3083 1243/92/1677 1244/95/1679
f 730/129/3084 1244/95/1680 1245/97/1682
f 731/132/3085 1245/97/1683 1246/99/1685
f 732/134/3086 1246/99/1686 634/302/1688
f 635/325/1974 1247/324/1973 813/304/3087
f 1247/324/1977 1248/326/1976 814/306/3088
f 1248/326/1980 1249/328/1979 815/308/3089
f 1249/328/1983 1250/330/1982 816/562/3090
f 1250/330/2358 1251/559/2357 937/309/3091
f 890/311/3092 937/309/1954 1251/559/1986
f 974/494/3093 890/311/2223 1252/333/2228
f 817/625/3094 974/494/2465 1253/495/2470
f 713/680/2129 817/425/2129 1254/431/2129
f 713/636/3095 1255/633/2477 1256/502/2479
f 1257/113/3097 895/91/3778 979/505/3098
f 1258/554/3099 932/90/1674 895/91/1676
f 1259/116/3100 714/94/2344 932/90/2346
f 714/94/3101 1259/116/1707 1260/119/1709
f 715/93/3102 1260/119/1710 1261/121/1712
f 716/96/3103 1261/121/1713 1262/123/1715
f 717/98/3104 1262/123/1716 652/325/1718
f 653/314/1959 1263/312/1958 823/327/3105
f 1263/312/1962 1264/315/1961 824/329/3106
f 1264/315/1965 1265/317/1964 825/331/3107
f 1265/317/1968 1266/319/1967 826/560/3108
f 1266/319/2355 1267/557/2354 936/332/3109
f 891/334/3110 936/332/1984 1267/557/1971
f 975/496/3111 891/334/2226 1268/322/2231
f 827/627/3112 975/496/3779 1269/497/2473
f 1271/443/2130 723/680/2130 827/425/2130
f 723/634/3113 1271/631/2474 1272/500/2476
f 1273/101/3115 894/115/2235 978/503/2237
f 1274/555/3116 933/114/1704 894/115/1706
f 1275/104/3117 724/118/2347 933/114/2349
f 724/118/3118 1275/104/1692 1276/107/1694
f 725/117/3119 1276/107/1695 1277/109/1697
f 726/120/3120 1277/109/1698 1278/111/1700
f 727/122/3121 1278/111/1701 670/689/1703
